stock_id,stock_name,market,industry_main,industry_sub,source,updated_at,confidence,fallback_used
02001L,富邦蘋果正二N,TWSE,ETN,特選大蘋果槓桿 ETN,twse_official_etn_list,2026-05-30,1.0,False
9105,泰金寶-DR,TWSE,台灣存託憑證,台灣存託憑證,twse_openapi_t187ap03_L,2026-05-30,1.0,False
00400A,主動國泰動能高息,ETF,ETF,主動式 ETF,rule_based_etf_mapping,2026-06-04,,
00401A,主動摩根台灣鑫收,ETF,ETF,主動式 ETF,rule_based_etf_mapping,2026-06-04,,
00403A,主動統一升級50,ETF,ETF,主動式 ETF,rule_based_etf_mapping,2026-06-04,,
0050,元大台灣50,ETF,ETF,台股 ETF,rule_based_etf_mapping,2026-06-04,,
0051,元大中型100,ETF,ETF,台股 ETF,rule_based_etf_mapping,2026-06-04,,
0052,富邦科技,ETF,ETF,科技主題 ETF,rule_based_etf_mapping,2026-06-04,,
0053,元大電子,ETF,ETF,台股 ETF,rule_based_etf_mapping,2026-06-04,,
0054,元大台商50,ETF,ETF,台股 ETF,rule_based_etf_mapping,2026-06-04,,
0055,元大MSCI金融,ETF,ETF,海外市場 ETF,rule_based_etf_mapping,2026-06-04,,
0056,元大高股息,ETF,ETF,高股息 ETF,rule_based_etf_mapping,2026-06-04,,
0057,富邦摩台,ETF,ETF,台股 ETF,rule_based_etf_mapping,2026-06-04,,
0059,富邦金融,ETF,ETF,台股 ETF,rule_based_etf_mapping,2026-06-04,,
0061,元大寶滬深,ETF,ETF,海外市場 ETF,rule_based_etf_mapping,2026-06-04,,
006203,元大MSCI台灣,ETF,ETF,海外市場 ETF,rule_based_etf_mapping,2026-06-04,,
006204,永豐臺灣加權,ETF,ETF,台股 ETF,rule_based_etf_mapping,2026-06-04,,
006205,富邦上証,ETF,ETF,海外市場 ETF,rule_based_etf_mapping,2026-06-04,,
006206,元大上證50,ETF,ETF,海外市場 ETF,rule_based_etf_mapping,2026-06-04,,
006207,復華滬深,ETF,ETF,海外市場 ETF,rule_based_etf_mapping,2026-06-04,,
006208,富邦台50,ETF,ETF,台股 ETF,rule_based_etf_mapping,2026-06-04,,
00625K,富邦上証+R,ETF,ETF,海外市場 ETF,rule_based_etf_mapping,2026-06-04,,
00631L,元大台灣50正2,ETF,ETF,槓桿反向 ETF,rule_based_etf_mapping,2026-06-04,,
00632R,元大台灣50反1,ETF,ETF,槓桿反向 ETF,rule_based_etf_mapping,2026-06-04,,
00633L,富邦上証正2,ETF,ETF,槓桿反向 ETF,rule_based_etf_mapping,2026-06-04,,
00634R,富邦上証反1,ETF,ETF,槓桿反向 ETF,rule_based_etf_mapping,2026-06-04,,
00635U,期元大S&P黃金,ETF,ETF,期貨商品 ETF,rule_based_etf_mapping,2026-06-04,,
00636,國泰中國A50,ETF,ETF,海外市場 ETF,rule_based_etf_mapping,2026-06-04,,
00636K,國泰中國A50+U,ETF,ETF,海外市場 ETF,rule_based_etf_mapping,2026-06-04,,
00637L,元大滬深300正2,ETF,ETF,槓桿反向 ETF,rule_based_etf_mapping,2026-06-04,,
00638R,元大滬深300反1,ETF,ETF,槓桿反向 ETF,rule_based_etf_mapping,2026-06-04,,
00639,富邦深100,ETF,ETF,海外市場 ETF,rule_based_etf_mapping,2026-06-04,,
00640L,富邦日本正2,ETF,ETF,槓桿反向 ETF,rule_based_etf_mapping,2026-06-04,,
00641R,富邦日本反1,ETF,ETF,槓桿反向 ETF,rule_based_etf_mapping,2026-06-04,,
00642U,期元大S&P石油,ETF,ETF,期貨商品 ETF,rule_based_etf_mapping,2026-06-04,,
00643,群益深証中小,ETF,ETF,海外市場 ETF,rule_based_etf_mapping,2026-06-04,,
00643K,群益深証中小+R,ETF,ETF,海外市場 ETF,rule_based_etf_mapping,2026-06-04,,
00645,富邦日本,ETF,ETF,海外市場 ETF,rule_based_etf_mapping,2026-06-04,,
00646,元大S&P500,ETF,ETF,海外市場 ETF,rule_based_etf_mapping,2026-06-04,,
00647L,元大S&P500正2,ETF,ETF,槓桿反向 ETF,rule_based_etf_mapping,2026-06-04,,
00648R,元大S&P500反1,ETF,ETF,槓桿反向 ETF,rule_based_etf_mapping,2026-06-04,,
00649,FH香港,ETF,ETF,海外市場 ETF,rule_based_etf_mapping,2026-06-04,,
00650L,復華香港正2,ETF,ETF,槓桿反向 ETF,rule_based_etf_mapping,2026-06-04,,
00651R,復華香港反1,ETF,ETF,槓桿反向 ETF,rule_based_etf_mapping,2026-06-04,,
00652,富邦印度,ETF,ETF,海外市場 ETF,rule_based_etf_mapping,2026-06-04,,
00653L,富邦印度正2,ETF,ETF,槓桿反向 ETF,rule_based_etf_mapping,2026-06-04,,
00654R,富邦印度反1,ETF,ETF,槓桿反向 ETF,rule_based_etf_mapping,2026-06-04,,
00655L,國泰中國A50正2,ETF,ETF,槓桿反向 ETF,rule_based_etf_mapping,2026-06-04,,
00656R,國泰中國A50反1,ETF,ETF,槓桿反向 ETF,rule_based_etf_mapping,2026-06-04,,
00657,國泰日經225,ETF,ETF,海外市場 ETF,rule_based_etf_mapping,2026-06-04,,
00657K,國泰日經225+U,ETF,ETF,海外市場 ETF,rule_based_etf_mapping,2026-06-04,,
00658L,國泰日本正2,ETF,ETF,槓桿反向 ETF,rule_based_etf_mapping,2026-06-04,,
00659R,國泰日本反1,ETF,ETF,槓桿反向 ETF,rule_based_etf_mapping,2026-06-04,,
00660,元大歐洲50,ETF,ETF,海外市場 ETF,rule_based_etf_mapping,2026-06-04,,
00661,元大日經225,ETF,ETF,海外市場 ETF,rule_based_etf_mapping,2026-06-04,,
00662,富邦NASDAQ,ETF,ETF,科技主題 ETF,rule_based_etf_mapping,2026-06-04,,
00663L,國泰臺灣加權正2,ETF,ETF,槓桿反向 ETF,rule_based_etf_mapping,2026-06-04,,
00664R,國泰臺灣加權反1,ETF,ETF,槓桿反向 ETF,rule_based_etf_mapping,2026-06-04,,
00665L,富邦恒生國企正2,ETF,ETF,槓桿反向 ETF,rule_based_etf_mapping,2026-06-04,,
00666R,富邦恒生國企反1,ETF,ETF,槓桿反向 ETF,rule_based_etf_mapping,2026-06-04,,
00667,元大韓國,ETF,ETF,海外市場 ETF,rule_based_etf_mapping,2026-06-04,,
00668,國泰美國道瓊,ETF,ETF,海外市場 ETF,rule_based_etf_mapping,2026-06-04,,
00668K,國泰美國道瓊+U,ETF,ETF,海外市場 ETF,rule_based_etf_mapping,2026-06-04,,
00669R,國泰美國道瓊反1,ETF,ETF,槓桿反向 ETF,rule_based_etf_mapping,2026-06-04,,
00670L,富邦NASDAQ正2,ETF,ETF,槓桿反向 ETF,rule_based_etf_mapping,2026-06-04,,
00671R,富邦NASDAQ反1,ETF,ETF,槓桿反向 ETF,rule_based_etf_mapping,2026-06-04,,
00672L,元大S&P原油正2,ETF,ETF,槓桿反向 ETF,rule_based_etf_mapping,2026-06-04,,
00673R,期元大S&P原油反1,ETF,ETF,槓桿反向 ETF,rule_based_etf_mapping,2026-06-04,,
00674R,期元大S&P黃金反1,ETF,ETF,槓桿反向 ETF,rule_based_etf_mapping,2026-06-04,,
00675L,富邦臺灣加權正2,ETF,ETF,槓桿反向 ETF,rule_based_etf_mapping,2026-06-04,,
00676R,富邦臺灣加權反1,ETF,ETF,槓桿反向 ETF,rule_based_etf_mapping,2026-06-04,,
00677U,期富邦VIX,ETF,ETF,期貨商品 ETF,rule_based_etf_mapping,2026-06-04,,
00678,群益那斯達克生技,ETF,ETF,科技主題 ETF,rule_based_etf_mapping,2026-06-04,,
00680L,元大美債20正2,ETF,ETF,槓桿反向 ETF,rule_based_etf_mapping,2026-06-04,,
00681R,元大美債20反1,ETF,ETF,槓桿反向 ETF,rule_based_etf_mapping,2026-06-04,,
00682U,期元大美元指數,ETF,ETF,期貨商品 ETF,rule_based_etf_mapping,2026-06-04,,
00683L,期元大美元指正2,ETF,ETF,槓桿反向 ETF,rule_based_etf_mapping,2026-06-04,,
00684R,期元大美元指反1,ETF,ETF,槓桿反向 ETF,rule_based_etf_mapping,2026-06-04,,
00685L,群益臺灣加權正2,ETF,ETF,槓桿反向 ETF,rule_based_etf_mapping,2026-06-04,,
00686R,群益臺灣加權反1,ETF,ETF,槓桿反向 ETF,rule_based_etf_mapping,2026-06-04,,
00688L,國泰20年美債正2,ETF,ETF,槓桿反向 ETF,rule_based_etf_mapping,2026-06-04,,
00689R,國泰20年美債反1,ETF,ETF,槓桿反向 ETF,rule_based_etf_mapping,2026-06-04,,
00690,兆豐藍籌30,ETF,ETF,台股 ETF,rule_based_etf_mapping,2026-06-04,,
00691R,兆豐藍籌30反1,ETF,ETF,槓桿反向 ETF,rule_based_etf_mapping,2026-06-04,,
00692,富邦公司治理,ETF,ETF,台股 ETF,rule_based_etf_mapping,2026-06-04,,
00693U,期街口S&P黃豆,ETF,ETF,期貨商品 ETF,rule_based_etf_mapping,2026-06-04,,
00700,富邦恒生國企,ETF,ETF,海外市場 ETF,rule_based_etf_mapping,2026-06-04,,
00701,國泰股利精選30,ETF,ETF,高股息 ETF,rule_based_etf_mapping,2026-06-04,,
00702,國泰標普低波高息,ETF,ETF,高股息 ETF,rule_based_etf_mapping,2026-06-04,,
00703,台新MSCI中國,ETF,ETF,海外市場 ETF,rule_based_etf_mapping,2026-06-04,,
00704L,台新MSCI台灣正2,ETF,ETF,槓桿反向 ETF,rule_based_etf_mapping,2026-06-04,,
00705R,台新MSCI台灣反1,ETF,ETF,槓桿反向 ETF,rule_based_etf_mapping,2026-06-04,,
00706L,期元大S&P日圓正2,ETF,ETF,槓桿反向 ETF,rule_based_etf_mapping,2026-06-04,,
00707R,期元大S&P日圓反1,ETF,ETF,槓桿反向 ETF,rule_based_etf_mapping,2026-06-04,,
00708L,期元大S&P黃金正2,ETF,ETF,槓桿反向 ETF,rule_based_etf_mapping,2026-06-04,,
00709,富邦歐洲,ETF,ETF,海外市場 ETF,rule_based_etf_mapping,2026-06-04,,
00710B,復華彭博非投等債,ETF,ETF,債券 ETF,rule_based_etf_mapping,2026-06-04,,
00711B,復華彭博新興債,ETF,ETF,債券 ETF,rule_based_etf_mapping,2026-06-04,,
00712,復華富時不動產,ETF,ETF,不動產 ETF,rule_based_etf_mapping,2026-06-04,,
00713,元大台灣高息低波,ETF,ETF,高股息 ETF,rule_based_etf_mapping,2026-06-04,,
00714,群益道瓊美國地產,ETF,ETF,不動產 ETF,rule_based_etf_mapping,2026-06-04,,
00715L,期街口布蘭特正2,ETF,ETF,槓桿反向 ETF,rule_based_etf_mapping,2026-06-04,,
00716R,華頓S&P布蘭特反1,ETF,ETF,槓桿反向 ETF,rule_based_etf_mapping,2026-06-04,,
00717,富邦美國特別股,ETF,ETF,高股息 ETF,rule_based_etf_mapping,2026-06-04,,
00728,第一金工業30,ETF,ETF,台股 ETF,rule_based_etf_mapping,2026-06-04,,
00730,富邦臺灣優質高息,ETF,ETF,高股息 ETF,rule_based_etf_mapping,2026-06-04,,
00731,復華富時高息低波,ETF,ETF,高股息 ETF,rule_based_etf_mapping,2026-06-04,,
00733,富邦臺灣中小,ETF,ETF,台股 ETF,rule_based_etf_mapping,2026-06-04,,
00735,國泰臺韓科技,ETF,ETF,臺韓科技 ETF,manual_verified,2026-06-01,,
00736,國泰新興市場,ETF,ETF,海外市場 ETF,rule_based_etf_mapping,2026-06-04,,
00737,國泰AI機器人,ETF,ETF,科技主題 ETF,rule_based_etf_mapping,2026-06-04,,
00738U,期元大道瓊白銀,ETF,ETF,期貨商品 ETF,rule_based_etf_mapping,2026-06-04,,
00739,元大MSCI A股,ETF,ETF,海外市場 ETF,rule_based_etf_mapping,2026-06-04,,
00752,中信中國50,ETF,ETF,海外市場 ETF,rule_based_etf_mapping,2026-06-04,,
00753L,中信中國50正2,ETF,ETF,槓桿反向 ETF,rule_based_etf_mapping,2026-06-04,,
00757,統一FANG+,ETF,ETF,FANG+ 科技 ETF,manual_verified,2026-06-01,,
00762,元大全球AI,ETF,ETF,科技主題 ETF,rule_based_etf_mapping,2026-06-04,,
00763U,期街口道瓊銅,ETF,ETF,期貨商品 ETF,rule_based_etf_mapping,2026-06-04,,
00770,國泰北美科技,ETF,ETF,科技主題 ETF,rule_based_etf_mapping,2026-06-04,,
00771,元大US高息特別股,ETF,ETF,高股息 ETF,rule_based_etf_mapping,2026-06-04,,
00775B,新光投等債15+,ETF,ETF,債券 ETF,rule_based_etf_mapping,2026-06-04,,
00783,富邦中証500,ETF,ETF,海外市場 ETF,rule_based_etf_mapping,2026-06-04,,
008201,BP上證50,ETF,ETF,海外市場 ETF,rule_based_etf_mapping,2026-06-04,,
00830,國泰費城半導體,ETF,ETF,科技主題 ETF,rule_based_etf_mapping,2026-06-04,,
00850,元大臺灣ESG永續,ETF,ETF,台股 ETF,rule_based_etf_mapping,2026-06-04,,
00851,台新全球AI,ETF,ETF,科技主題 ETF,rule_based_etf_mapping,2026-06-04,,
00852L,國泰美國道瓊正2,ETF,ETF,槓桿反向 ETF,rule_based_etf_mapping,2026-06-04,,
00861,元大全球未來通訊,ETF,ETF,全球通訊 ETF,manual_verified,2026-05-31,,
00865B,國泰US短期公債,ETF,ETF,期貨商品 ETF,rule_based_etf_mapping,2026-06-04,,
00875,國泰網路資安,ETF,ETF,科技主題 ETF,rule_based_etf_mapping,2026-06-04,,
00876,元大全球5G,ETF,ETF,全球5G ETF,manual,2026-05-28,,
00878,國泰永續高股息,ETF,ETF,高股息 ETF,rule_based_etf_mapping,2026-06-04,,
00881,國泰台灣科技龍頭,ETF,ETF,科技主題 ETF,rule_based_etf_mapping,2026-06-04,,
00882,中信中國高股息,ETF,ETF,高股息 ETF,rule_based_etf_mapping,2026-06-04,,
00885,富邦越南,ETF,ETF,海外市場 ETF,rule_based_etf_mapping,2026-06-04,,
00891,中信關鍵半導體,ETF,ETF,科技主題 ETF,rule_based_etf_mapping,2026-06-04,,
00892,富邦台灣半導體,ETF,ETF,科技主題 ETF,rule_based_etf_mapping,2026-06-04,,
00893,國泰智能電動車,ETF,ETF,科技主題 ETF,rule_based_etf_mapping,2026-06-04,,
00894,中信小資高價30,ETF,ETF,台股 ETF,rule_based_etf_mapping,2026-06-04,,
00895,富邦未來車,ETF,ETF,科技主題 ETF,rule_based_etf_mapping,2026-06-04,,
00896,中信綠能及電動車,ETF,ETF,綠能及電動車 ETF,manual_verified,2026-06-04,,
00897,富邦基因免疫生技,ETF,ETF,科技主題 ETF,rule_based_etf_mapping,2026-06-04,,
00898,國泰基因免疫革命,ETF,ETF,科技主題 ETF,rule_based_etf_mapping,2026-06-04,,
00899,FT潔淨能源,ETF,ETF,科技主題 ETF,rule_based_etf_mapping,2026-06-04,,
00900,富邦特選高股息30,ETF,ETF,高股息 ETF,rule_based_etf_mapping,2026-06-04,,
00901,永豐智能車供應鏈,ETF,ETF,智能車供應鏈 ETF,manual,2026-05-28,,
00902,中信電池及儲能,ETF,ETF,科技主題 ETF,rule_based_etf_mapping,2026-06-04,,
00903,富邦元宇宙,ETF,ETF,科技主題 ETF,rule_based_etf_mapping,2026-06-04,,
00904,新光臺灣半導體30,ETF,ETF,科技主題 ETF,rule_based_etf_mapping,2026-06-04,,
00905,FT臺灣Smart,ETF,ETF,台股 ETF,rule_based_etf_mapping,2026-06-04,,
00907,永豐優息存股,ETF,ETF,優息存股 ETF,manual_verified,2026-06-04,,
00908,富邦入息REITs+,ETF,ETF,不動產 ETF,rule_based_etf_mapping,2026-06-04,,
00909,國泰數位支付服務,ETF,ETF,科技主題 ETF,rule_based_etf_mapping,2026-06-04,,
00910,第一金太空衛星,ETF,ETF,太空衛星 ETF,manual,2026-05-28,,
00911,兆豐洲際半導體,ETF,ETF,全球半導體 ETF,manual,2026-05-28,,
00912,中信臺灣智慧50,ETF,ETF,台股 ETF,rule_based_etf_mapping,2026-06-04,,
00913,兆豐台灣晶圓製造,ETF,ETF,晶圓製造 ETF,manual,2026-05-28,,
00915,凱基優選高股息30,ETF,ETF,優選高股息 ETF,manual_verified,2026-06-04,,
00916,國泰全球品牌50,ETF,ETF,全球品牌 ETF,manual_verified,2026-06-04,,
00917,中信特選金融,ETF,ETF,台股 ETF,rule_based_etf_mapping,2026-06-04,,
00918,大華優利高填息30,ETF,ETF,高股息 ETF,manual_verified,2026-06-01,,
00919,群益台灣精選高息,ETF,ETF,高股息 ETF,manual_verified,2026-06-01,,
00920,富邦ESG綠色電力,ETF,ETF,科技主題 ETF,rule_based_etf_mapping,2026-06-04,,
00921,兆豐龍頭等權重,ETF,ETF,台股 ETF,rule_based_etf_mapping,2026-06-04,,
00922,國泰台灣領袖50,ETF,ETF,台股 ETF,rule_based_etf_mapping,2026-06-04,,
00923,群益台ESG低碳50,ETF,ETF,ESG低碳 ETF,manual,2026-05-28,,
00924,復華S&P500成長,ETF,ETF,海外市場 ETF,rule_based_etf_mapping,2026-06-04,,
00926,凱基全球菁英55,ETF,ETF,海外市場 ETF,rule_based_etf_mapping,2026-06-04,,
00927,群益半導體收益,ETF,ETF,半導體收益 ETF,manual,2026-05-28,,
00929,復華台灣科技優息,ETF,ETF,高股息 ETF,rule_based_etf_mapping,2026-06-04,,
00930,永豐ESG低碳高息,ETF,ETF,ESG低碳高息 ETF,manual,2026-05-28,,
00932,兆豐永續高息等權,ETF,ETF,高股息 ETF,rule_based_etf_mapping,2026-06-04,,
00934,中信成長高股息,ETF,ETF,高股息 ETF,rule_based_etf_mapping,2026-06-04,,
00935,野村臺灣新科技50,ETF,ETF,臺灣新科技 ETF,manual,2026-05-28,,
00936,台新永續高息中小,ETF,ETF,高股息 ETF,rule_based_etf_mapping,2026-06-04,,
00938,凱基優選30,ETF,ETF,台股 ETF,rule_based_etf_mapping,2026-06-04,,
00939,統一台灣高息動能,ETF,ETF,高股息 ETF,rule_based_etf_mapping,2026-06-04,,
00940,元大台灣價值高息,ETF,ETF,高股息 ETF,rule_based_etf_mapping,2026-06-04,,
00941,中信上游半導體,ETF,ETF,科技主題 ETF,rule_based_etf_mapping,2026-06-04,,
00943,兆豐電子高息等權,ETF,ETF,高股息 ETF,rule_based_etf_mapping,2026-06-04,,
00944,野村趨勢動能高息,ETF,ETF,高股息 ETF,rule_based_etf_mapping,2026-06-04,,
00945B,凱基美國非投等債,ETF,ETF,債券 ETF,rule_based_etf_mapping,2026-06-04,,
00946,群益科技高息成長,ETF,ETF,科技高息成長 ETF,manual_verified,2026-06-01,,
00947,台新臺灣IC設計,ETF,ETF,科技主題 ETF,rule_based_etf_mapping,2026-06-04,,
00949,復華日本龍頭,ETF,ETF,海外市場 ETF,rule_based_etf_mapping,2026-06-04,,
00951,台新日本半導體,ETF,ETF,科技主題 ETF,rule_based_etf_mapping,2026-06-04,,
00952,凱基台灣AI50,ETF,ETF,台灣AI ETF,manual_verified,2026-06-04,,
00953B,群益優選非投等債,ETF,ETF,債券 ETF,rule_based_etf_mapping,2026-06-04,,
00954,中信日本半導體,ETF,ETF,科技主題 ETF,rule_based_etf_mapping,2026-06-04,,
00956,中信日經高股息,ETF,ETF,高股息 ETF,rule_based_etf_mapping,2026-06-04,,
00960,野村全球航運龍頭,ETF,ETF,海外市場 ETF,rule_based_etf_mapping,2026-06-04,,
00961,FT臺灣永續高息,ETF,ETF,臺灣永續高息 ETF,manual_verified,2026-06-04,,
00962,台新AI優息動能,ETF,ETF,AI 優息動能 ETF,manual_verified,2026-06-01,,
00963,中信全球高股息,ETF,ETF,高股息 ETF,rule_based_etf_mapping,2026-06-04,,
00964,中信亞太高股息,ETF,ETF,高股息 ETF,rule_based_etf_mapping,2026-06-04,,
00965,元大航太防衛科技,ETF,ETF,科技主題 ETF,rule_based_etf_mapping,2026-06-04,,
00971,野村美國研發龍頭,ETF,ETF,海外市場 ETF,rule_based_etf_mapping,2026-06-04,,
00972,野村日本動能高息,ETF,ETF,高股息 ETF,rule_based_etf_mapping,2026-06-04,,
009800,中信NASDAQ,ETF,ETF,科技主題 ETF,rule_based_etf_mapping,2026-06-04,,
009801,中信美國創新科技,ETF,ETF,科技主題 ETF,rule_based_etf_mapping,2026-06-04,,
009802,富邦旗艦50,ETF,ETF,台股 ETF,rule_based_etf_mapping,2026-06-04,,
009803,玉山市值動能50,ETF,ETF,台股 ETF,rule_based_etf_mapping,2026-06-04,,
009804,聯邦台精彩50,ETF,ETF,台股 ETF,rule_based_etf_mapping,2026-06-04,,
009805,新光美國電力基建,ETF,ETF,科技主題 ETF,rule_based_etf_mapping,2026-06-04,,
009809,富邦淨零ESG50,ETF,ETF,台股 ETF,rule_based_etf_mapping,2026-06-04,,
00980A,主動野村臺灣優選,ETF,ETF,主動式 ETF,rule_based_etf_mapping,2026-06-04,,
009810,玉山全球藍籌100,ETF,ETF,海外市場 ETF,rule_based_etf_mapping,2026-06-04,,
009811,統一美國50,ETF,ETF,海外市場 ETF,rule_based_etf_mapping,2026-06-04,,
009812,野村日本東證,ETF,ETF,海外市場 ETF,rule_based_etf_mapping,2026-06-04,,
009813,貝萊德標普卓越50,ETF,ETF,海外市場 ETF,rule_based_etf_mapping,2026-06-04,,
009816,凱基台灣TOP50,ETF,ETF,台股 ETF,rule_based_etf_mapping,2026-06-04,,
009817,國泰日本不動產,ETF,ETF,不動產 ETF,rule_based_etf_mapping,2026-06-04,,
009818,華南永昌NASDAQxT,ETF,ETF,科技主題 ETF,rule_based_etf_mapping,2026-06-04,,
009819,中信數據及電力,ETF,ETF,科技主題 ETF,rule_based_etf_mapping,2026-06-04,,
00981A,主動統一台股增長,ETF,ETF,主動式 ETF,rule_based_etf_mapping,2026-06-04,,
00981T,平衡凱基雙核收息,ETF,ETF,高股息 ETF,rule_based_etf_mapping,2026-06-04,,
009820,元大納斯達克精選,ETF,ETF,科技主題 ETF,rule_based_etf_mapping,2026-06-04,,
00982A,主動群益台灣強棒,ETF,ETF,主動式 ETF,rule_based_etf_mapping,2026-06-04,,
00982D,主動富邦動態入息,ETF,ETF,主動式 ETF,rule_based_etf_mapping,2026-06-04,,
00983A,主動中信ARK創新,ETF,ETF,主動式 ETF,rule_based_etf_mapping,2026-06-04,,
00983D,主動富邦複合收益,ETF,ETF,主動式 ETF,rule_based_etf_mapping,2026-06-04,,
00984A,主動安聯台灣高息,ETF,ETF,主動式 ETF,rule_based_etf_mapping,2026-06-04,,
00984D,主動聯博全球非投,ETF,ETF,主動式 ETF,rule_based_etf_mapping,2026-06-04,,
00985A,主動野村台灣50,ETF,ETF,主動式 ETF,rule_based_etf_mapping,2026-06-04,,
00985B,群益ESG投等債0-5,ETF,ETF,債券 ETF,rule_based_etf_mapping,2026-06-04,,
00986A,主動台新龍頭成長,ETF,ETF,主動式 ETF,rule_based_etf_mapping,2026-06-04,,
00987A,主動台新優勢成長,ETF,ETF,主動式 ETF,rule_based_etf_mapping,2026-06-04,,
00988A,主動統一全球創新,ETF,ETF,全球創新主動式 ETF,manual_verified,2026-06-01,,
00989A,主動摩根美國科技,ETF,ETF,主動式 ETF,rule_based_etf_mapping,2026-06-04,,
00990A,主動元大AI新經濟,ETF,ETF,主動式 ETF,rule_based_etf_mapping,2026-06-04,,
00991A,主動復華未來50,ETF,ETF,主動式臺股 ETF,manual,2026-05-28,,
00992A,主動群益科技創新,ETF,ETF,主動式 ETF,rule_based_etf_mapping,2026-06-04,,
00993A,主動安聯台灣,ETF,ETF,主動式 ETF,rule_based_etf_mapping,2026-06-04,,
00994A,主動第一金台股優,ETF,ETF,主動式 ETF,rule_based_etf_mapping,2026-06-04,,
00995A,主動中信台灣卓越,ETF,ETF,主動式 ETF,rule_based_etf_mapping,2026-06-04,,
00996A,主動兆豐台灣豐收,ETF,ETF,主動式 ETF,rule_based_etf_mapping,2026-06-04,,
00997A,主動群益美國增長,ETF,ETF,主動式 ETF,rule_based_etf_mapping,2026-06-04,,
00999A,主動野村臺灣高息,ETF,ETF,主動式 ETF,rule_based_etf_mapping,2026-06-04,,
020000,富邦特選蘋果N,ETN,ETN,指數投資證券,rule_based_etf_mapping,2026-06-04,,
020011,統一微波高息20N,ETN,ETN,指數投資證券,rule_based_etf_mapping,2026-06-04,,
020012,富邦行動通訊N,ETN,ETN,指數投資證券,rule_based_etf_mapping,2026-06-04,,
02001R,富邦蘋果反一N,ETN,ETN,指數投資證券,rule_based_etf_mapping,2026-06-04,,
020020,元大台股領航N,ETN,ETN,指數投資證券,rule_based_etf_mapping,2026-06-04,,
020028,元大特選電動車N,ETN,ETN,指數投資證券,rule_based_etf_mapping,2026-06-04,,
020029,元大ESG高股息N,ETN,ETN,指數投資證券,rule_based_etf_mapping,2026-06-04,,
020030,統一智慧電動車N,ETN,ETN,指數投資證券,rule_based_etf_mapping,2026-06-04,,
020031,統一IC設計臺灣N,ETN,ETN,指數投資證券,rule_based_etf_mapping,2026-06-04,,
020032,元大綠能N,ETN,ETN,指數投資證券,rule_based_etf_mapping,2026-06-04,,
020034,元大IC設計N,ETN,ETN,指數投資證券,rule_based_etf_mapping,2026-06-04,,
020036,元大金融配息N,ETN,ETN,指數投資證券,rule_based_etf_mapping,2026-06-04,,
020037,元大金融高股息N,ETN,ETN,指數投資證券,rule_based_etf_mapping,2026-06-04,,
020038,元大ESG配息N,ETN,ETN,指數投資證券,rule_based_etf_mapping,2026-06-04,,
020039,元大加權N,ETN,ETN,指數投資證券,rule_based_etf_mapping,2026-06-04,,
1256,鮮活果汁-KY,TWSE,食品工業,食品工業,manual,2026-05-28,,
1409,新纖,TWSE,紡織纖維,紡織纖維,manual,2026-05-28,,
1513,中興電,TWSE,電機機械,電機機械,manual,2026-05-28,,
1530,亞崴,TWSE,電機機械,電機機械,manual,2026-05-28,,
1533,車王電,TWSE,汽車工業,汽車工業,manual,2026-05-28,,
1563,巧新,TWSE,汽車工業,汽車工業,manual,2026-05-28,,
1568,倉佑,TWSE,汽車工業,汽車工業,manual,2026-05-28,,
1583,程泰,TWSE,電機機械,電機機械,manual,2026-05-28,,
1810,和成,TWSE,玻璃陶瓷,玻璃陶瓷,manual,2026-05-28,,
2030,彰源,TWSE,鋼鐵工業,鋼鐵工業,manual,2026-05-28,,
2233,宇隆,TWSE,汽車工業,汽車工業,manual,2026-05-28,,
2312,金寶,TWSE,其他電子業,其他電子業,manual,2026-05-28,,
2352,佳世達,TWSE,電腦及週邊設備業,電腦及週邊設備業,manual,2026-05-28,,
2353,宏碁,TWSE,電腦及週邊設備業,電腦及週邊設備業,manual,2026-05-28,,
2355,敬鵬,TWSE,電子零組件業,電子零組件業,manual,2026-05-28,,
2356,英業達,TWSE,電腦及週邊設備業,電腦及週邊設備業,manual,2026-05-28,,
2375,凱美,TWSE,電子零組件業,電子零組件業,manual,2026-05-28,,
2376,技嘉,TWSE,電腦及週邊設備業,電腦及週邊設備業,manual,2026-05-28,,
2401,凌陽,TWSE,半導體業,半導體業,manual,2026-05-28,,
2420,新巨,TWSE,電子零組件業,電子零組件業,manual,2026-05-28,,
2425,承啟,TWSE,電腦及週邊設備業,電腦及週邊設備業,manual,2026-05-28,,
2438,翔耀,TWSE,光電業,光電業,manual,2026-05-28,,
2453,凌群,TWSE,資訊服務業,資訊服務業,manual,2026-05-28,,
2464,盟立,TWSE,其他電子業,其他電子業,manual,2026-05-28,,
2478,大毅,TWSE,電子零組件業,電子零組件業,manual,2026-05-28,,
2606,裕民,TWSE,航運業,航運業,manual,2026-05-28,,
2881,富邦金,TWSE,金融保險,金融保險,manual,2026-05-28,,
3014,聯陽,TWSE,半導體業,半導體業,manual,2026-05-28,,
3024,憶聲,TWSE,光電業,光電業,manual,2026-05-28,,
3033,威健,TWSE,電子通路業,電子通路業,manual,2026-05-28,,
3042,晶技,TWSE,電子零組件業,電子零組件業,manual,2026-05-28,,
3048,益登,TWSE,電子通路業,電子通路業,manual,2026-05-28,,
3059,華晶科,TWSE,光電業,光電業,manual,2026-05-28,,
3149,正達,TWSE,光電業,光電業,manual,2026-05-28,,
3257,虹冠電,TWSE,半導體業,半導體業,manual,2026-05-28,,
3305,昇貿,TWSE,其他電子業,其他電子業,manual,2026-05-28,,
3311,閎暉,TWSE,通信網路業,通信網路業,manual,2026-05-28,,
3416,融程電,TWSE,電腦及週邊設備業,電腦及週邊設備業,manual,2026-05-28,,
3504,揚明光,TWSE,光電業,光電業,manual,2026-05-28,,
3617,碩天,TWSE,其他電子業,其他電子業,manual,2026-05-28,,
3694,海華,TWSE,通信網路業,通信網路業,manual,2026-05-28,,
3704,合勤控,TWSE,通信網路業,通信網路業,manual,2026-05-28,,
4555,氣立,TWSE,電機機械,電機機械,manual,2026-05-28,,
4562,穎漢,TWSE,電機機械,電機機械,manual,2026-05-28,,
4571,鈞興-KY,TWSE,電機機械,電機機械,manual,2026-05-28,,
4916,事欣科,TWSE,電腦及週邊設備業,電腦及週邊設備業,manual,2026-05-28,,
4952,凌通,TWSE,半導體業,半導體業,manual,2026-05-28,,
5285,界霖,TWSE,半導體業,半導體業,manual,2026-05-28,,
6005,群益證,TWSE,金融保險,金融保險,manual,2026-05-28,,
6116,彩晶,TWSE,光電業,光電業,manual,2026-05-28,,
6155,鈞寶,TWSE,電子零組件業,電子零組件業,manual,2026-05-28,,
6206,飛捷,TWSE,電腦及週邊設備業,電腦及週邊設備業,manual,2026-05-28,,
6209,今國光,TWSE,光電業,光電業,manual,2026-05-28,,
6239,力成,TWSE,半導體業,半導體業,manual,2026-05-28,,
6271,同欣電,TWSE,半導體業,半導體業,manual,2026-05-28,,
6282,康舒,TWSE,電子零組件業,電子零組件業,manual,2026-05-28,,
6446,藥華藥,TWSE,生技醫療業,生技醫療業,manual,2026-05-28,,
6579,研揚,TWSE,電腦及週邊設備業,電腦及週邊設備業,manual,2026-05-28,,
6719,力智,TWSE,半導體業,半導體業,manual,2026-05-28,,
6742,澤米,TWSE,光電業,光電業,manual,2026-05-28,,
6770,力積電,TWSE,半導體業,半導體業,manual,2026-05-28,,
6834,天二科技,TWSE,電子零組件業,電子零組件業,manual,2026-05-28,,
6902,GOGOLOOK,TWSE,數位雲端,數位雲端,manual,2026-05-28,,
7730,暉盛-創,TWSE,半導體業,半導體業,manual,2026-05-28,,
8150,南茂,TWSE,半導體業,半導體業,manual,2026-05-28,,
8163,達方,TWSE,電腦及週邊設備業,電腦及週邊設備業,manual,2026-05-28,,
8926,台汽電,TWSE,油電燃氣業,油電燃氣業,manual,2026-05-28,,
1240,茂生農經,TPEX,農業科技業,農業科技業,tpex,2026-05-30,,
1259,安心,TPEX,觀光餐旅,觀光餐旅,tpex,2026-05-30,,
1264,德麥,TPEX,食品工業,食品工業,tpex,2026-05-30,,
1268,漢來美食,TPEX,觀光餐旅,觀光餐旅,tpex,2026-05-30,,
1294,漢田生技,TPEX,食品工業,食品工業,tpex,2026-05-30,,
1295,生合,TPEX,食品工業,食品工業,tpex,2026-05-30,,
1336,台翰,TPEX,電子零組件業,電子零組件業,tpex,2026-05-30,,
1565,精華,TPEX,生技醫療,生技醫療,tpex,2026-05-30,,
1569,濱川,TPEX,電腦及週邊設備業,電腦及週邊設備業,tpex,2026-05-30,,
1570,力肯,TPEX,電機機械,電機機械,tpex,2026-05-30,,
1580,新麥,TPEX,電機機械,電機機械,tpex,2026-05-30,,
1584,精剛,TPEX,其他,其他,tpex,2026-05-30,,
1586,和勤,TPEX,電機機械,電機機械,tpex,2026-05-30,,
1591,駿吉-KY,TPEX,電機機械,電機機械,tpex,2026-05-30,,
1593,祺驊,TPEX,運動休閒,運動休閒,tpex,2026-05-30,,
1595,川寶,TPEX,電子零組件業,電子零組件業,tpex,2026-05-30,,
1599,宏佳騰,TPEX,電機機械,電機機械,tpex,2026-05-30,,
1742,台蠟,TPEX,化學工業,化學工業,tpex,2026-05-30,,
1777,生泰,TPEX,生技醫療,生技醫療,tpex,2026-05-30,,
1781,合世,TPEX,生技醫療,生技醫療,tpex,2026-05-30,,
1784,訊聯,TPEX,生技醫療,生技醫療,tpex,2026-05-30,,
1785,光洋科,TPEX,其他電子業,其他電子業,tpex,2026-05-30,,
1788,杏昌,TPEX,生技醫療,生技醫療,tpex,2026-05-30,,
1796,金穎生技,TPEX,食品工業,食品工業,tpex,2026-05-30,,
1799,易威,TPEX,生技醫療,生技醫療,tpex,2026-05-30,,
1813,寶利徠,TPEX,生技醫療,生技醫療,tpex,2026-05-30,,
1815,富喬,TPEX,電子零組件業,電子零組件業,tpex,2026-05-30,,
2035,唐榮公司,TPEX,鋼鐵工業,鋼鐵工業,tpex,2026-05-30,,
2061,風青,TPEX,電器電纜,電器電纜,tpex,2026-05-30,,
2063,世鎧精密,TPEX,鋼鐵工業,鋼鐵工業,tpex,2026-05-30,,
2064,晉椿,TPEX,鋼鐵工業,鋼鐵工業,tpex,2026-05-30,,
2065,世豐,TPEX,鋼鐵工業,鋼鐵工業,tpex,2026-05-30,,
2066,世德,TPEX,電機機械,電機機械,tpex,2026-05-30,,
2067,嘉鋼,TPEX,電機機械,電機機械,tpex,2026-05-30,,
2070,精湛,TPEX,電機機械,電機機械,tpex,2026-05-30,,
2073,雄順,TPEX,鋼鐵工業,鋼鐵工業,tpex,2026-05-30,,
2221,大甲,TPEX,其他,其他,tpex,2026-05-30,,
2230,泰茂,TPEX,電機機械,電機機械,tpex,2026-05-30,,
2235,謚源,TPEX,電機機械,電機機械,tpex,2026-05-30,,
2596,綠意,TPEX,建材營造,建材營造,tpex,2026-05-30,,
2640,大車隊,TPEX,數位雲端,數位雲端,tpex,2026-05-30,,
2641,正德,TPEX,航運業,航運業,tpex,2026-05-30,,
2643,捷迅,TPEX,航運業,航運業,tpex,2026-05-30,,
2718,全心投控,TPEX,建材營造,建材營造,tpex,2026-05-30,,
2719,燦星旅,TPEX,觀光餐旅,觀光餐旅,tpex,2026-05-30,,
2724,藝舍-KY,TPEX,其他,其他,tpex,2026-05-30,,
2726,雅茗-KY,TPEX,觀光餐旅,觀光餐旅,tpex,2026-05-30,,
2729,瓦城,TPEX,觀光餐旅,觀光餐旅,tpex,2026-05-30,,
2732,六角,TPEX,觀光餐旅,觀光餐旅,tpex,2026-05-30,,
2734,易飛網,TPEX,觀光餐旅,觀光餐旅,tpex,2026-05-30,,
2736,富野,TPEX,觀光餐旅,觀光餐旅,tpex,2026-05-30,,
2740,華軒,TPEX,觀光餐旅,觀光餐旅,tpex,2026-05-30,,
2743,山富,TPEX,觀光餐旅,觀光餐旅,tpex,2026-05-30,,
2745,五福,TPEX,觀光餐旅,觀光餐旅,tpex,2026-05-30,,
2751,王座,TPEX,觀光餐旅,觀光餐旅,tpex,2026-05-30,,
2752,豆府,TPEX,觀光餐旅,觀光餐旅,tpex,2026-05-30,,
2754,亞洲藏壽司,TPEX,觀光餐旅,觀光餐旅,tpex,2026-05-30,,
2755,揚秦,TPEX,觀光餐旅,觀光餐旅,tpex,2026-05-30,,
2756,聯發國際,TPEX,觀光餐旅,觀光餐旅,tpex,2026-05-30,,
2916,滿心,TPEX,居家生活,居家生活,tpex,2026-05-30,,
2924,宏太-KY,TPEX,居家生活,居家生活,tpex,2026-05-30,,
2926,誠品生活,TPEX,文化創意業,文化創意業,tpex,2026-05-30,,
2937,集雅社,TPEX,居家生活,居家生活,tpex,2026-05-30,,
2941,米斯特,TPEX,居家生活,居家生活,tpex,2026-05-30,,
2947,振宇五金,TPEX,居家生活,居家生活,tpex,2026-05-30,,
2948,寶陞,TPEX,居家生活,居家生活,tpex,2026-05-30,,
2949,欣新網,TPEX,數位雲端,數位雲端,tpex,2026-05-30,,
3064,泰偉,TPEX,文化創意業,文化創意業,tpex,2026-05-30,,
3066,李洲,TPEX,光電業,光電業,tpex,2026-05-30,,
3067,全域,TPEX,其他電子業,其他電子業,tpex,2026-05-30,,
3071,協禧,TPEX,電腦及週邊設備業,電腦及週邊設備業,tpex,2026-05-30,,
3073,天方能源,TPEX,綠能環保,綠能環保,tpex,2026-05-30,,
3078,僑威,TPEX,電子零組件業,電子零組件業,tpex,2026-05-30,,
3081,聯亞,TPEX,通信網路業,通信網路業,tpex,2026-05-30,,
3083,網龍,TPEX,文化創意業,文化創意業,tpex,2026-05-30,,
3085,新零售,TPEX,數位雲端,數位雲端,tpex,2026-05-30,,
3086,華義*,TPEX,文化創意業,文化創意業,tpex,2026-05-30,,
3088,艾訊,TPEX,電腦及週邊設備業,電腦及週邊設備業,tpex,2026-05-30,,
3093,港建*,TPEX,其他電子業,其他電子業,tpex,2026-05-30,,
3095,及成,TPEX,通信網路業,通信網路業,tpex,2026-05-30,,
3105,穩懋,TPEX,半導體業,半導體業,tpex,2026-05-30,,
3114,好德,TPEX,電子零組件業,電子零組件業,tpex,2026-05-30,,
3115,富榮綱,TPEX,電子零組件業,電子零組件業,tpex,2026-05-30,,
3118,進階,TPEX,生技醫療,生技醫療,tpex,2026-05-30,,
3122,笙泉,TPEX,半導體業,半導體業,tpex,2026-05-30,,
3128,昇銳,TPEX,光電業,光電業,tpex,2026-05-30,,
3131,弘塑,TPEX,其他電子業,其他電子業,tpex,2026-05-30,,
3141,晶宏,TPEX,半導體業,半導體業,tpex,2026-05-30,,
3147,大綜,TPEX,資訊服務業,資訊服務業,tpex,2026-05-30,,
3152,璟德,TPEX,通信網路業,通信網路業,tpex,2026-05-30,,
3158,嘉實,TPEX,資訊服務業,資訊服務業,tpex,2026-05-30,,
3162,精確,TPEX,電機機械,電機機械,tpex,2026-05-30,,
3163,波若威,TPEX,通信網路業,通信網路業,tpex,2026-05-30,,
3169,亞信,TPEX,半導體業,半導體業,tpex,2026-05-30,,
3171,炎洲流通,TPEX,居家生活,居家生活,tpex,2026-05-30,,
3176,基亞,TPEX,生技醫療,生技醫療,tpex,2026-05-30,,
3178,公準,TPEX,半導體業,半導體業,tpex,2026-05-30,,
3188,鑫龍騰,TPEX,建材營造,建材營造,tpex,2026-05-30,,
3191,雲嘉南,TPEX,電子零組件業,電子零組件業,tpex,2026-05-30,,
3205,佰研,TPEX,生技醫療,生技醫療,tpex,2026-05-30,,
3206,志豐,TPEX,電子零組件業,電子零組件業,tpex,2026-05-30,,
3207,耀勝,TPEX,電子零組件業,電子零組件業,tpex,2026-05-30,,
3211,順達,TPEX,電腦及週邊設備業,電腦及週邊設備業,tpex,2026-05-30,,
3213,茂訊,TPEX,電腦及週邊設備業,電腦及週邊設備業,tpex,2026-05-30,,
3217,優群,TPEX,電子零組件業,電子零組件業,tpex,2026-05-30,,
3218,大學光,TPEX,生技醫療,生技醫療,tpex,2026-05-30,,
3219,倚強科,TPEX,其他電子業,其他電子業,tpex,2026-05-30,,
3221,台嘉碩,TPEX,通信網路業,通信網路業,tpex,2026-05-30,,
3224,三顧,TPEX,電子通路業,電子通路業,tpex,2026-05-30,,
3226,龍鋒,TPEX,電機機械,電機機械,tpex,2026-05-30,,
3227,原相,TPEX,半導體業,半導體業,tpex,2026-05-30,,
3228,金麗科,TPEX,半導體業,半導體業,tpex,2026-05-30,,
3230,錦明,TPEX,光電業,光電業,tpex,2026-05-30,,
3232,昱捷,TPEX,電子通路業,電子通路業,tpex,2026-05-30,,
3234,光環,TPEX,通信網路業,通信網路業,tpex,2026-05-30,,
3236,千如,TPEX,電子零組件業,電子零組件業,tpex,2026-05-30,,
3252,海灣,TPEX,觀光餐旅,觀光餐旅,tpex,2026-05-30,,
3259,鑫創,TPEX,半導體業,半導體業,tpex,2026-05-30,,
3260,威剛,TPEX,半導體業,半導體業,tpex,2026-05-30,,
3264,欣銓,TPEX,半導體業,半導體業,tpex,2026-05-30,,
3265,台星科,TPEX,半導體業,半導體業,tpex,2026-05-30,,
3268,海德威,TPEX,半導體業,半導體業,tpex,2026-05-30,,
3272,東碩,TPEX,電腦及週邊設備業,電腦及週邊設備業,tpex,2026-05-30,,
3276,宇環,TPEX,電子零組件業,電子零組件業,tpex,2026-05-30,,
3284,太普高,TPEX,其他,其他,tpex,2026-05-30,,
3285,微端,TPEX,其他電子業,其他電子業,tpex,2026-05-30,,
3287,廣寰科,TPEX,電腦及週邊設備業,電腦及週邊設備業,tpex,2026-05-30,,
3288,點晶,TPEX,電子零組件業,電子零組件業,tpex,2026-05-30,,
3289,宜特,TPEX,其他電子業,其他電子業,tpex,2026-05-30,,
3290,東浦,TPEX,電子零組件業,電子零組件業,tpex,2026-05-30,,
3293,鈊象,TPEX,文化創意業,文化創意業,tpex,2026-05-30,,
3294,英濟,TPEX,電子零組件業,電子零組件業,tpex,2026-05-30,,
3297,杭特,TPEX,光電業,光電業,tpex,2026-05-30,,
3303,岱稜,TPEX,其他電子業,其他電子業,tpex,2026-05-30,,
3306,鼎天,TPEX,通信網路業,通信網路業,tpex,2026-05-30,,
3310,佳穎,TPEX,電子零組件業,電子零組件業,tpex,2026-05-30,,
3313,斐成,TPEX,其他,其他,tpex,2026-05-30,,
3317,尼克森,TPEX,半導體業,半導體業,tpex,2026-05-30,,
3322,建舜電,TPEX,電子零組件業,電子零組件業,tpex,2026-05-30,,
3323,加百裕,TPEX,電腦及週邊設備業,電腦及週邊設備業,tpex,2026-05-30,,
3324,雙鴻,TPEX,其他電子業,其他電子業,tpex,2026-05-30,,
3325,旭品,TPEX,電腦及週邊設備業,電腦及週邊設備業,tpex,2026-05-30,,
3332,幸康,TPEX,電子零組件業,電子零組件業,tpex,2026-05-30,,
3339,泰谷,TPEX,光電業,光電業,tpex,2026-05-30,,
3349,寶德,TPEX,電腦及週邊設備業,電腦及週邊設備業,tpex,2026-05-30,,
3354,律勝,TPEX,電子零組件業,電子零組件業,tpex,2026-05-30,,
3357,臺慶科,TPEX,電子零組件業,電子零組件業,tpex,2026-05-30,,
3360,尚立,TPEX,電子通路業,電子通路業,tpex,2026-05-30,,
3362,先進光,TPEX,光電業,光電業,tpex,2026-05-30,,
3363,上詮,TPEX,通信網路業,通信網路業,tpex,2026-05-30,,
3372,典範,TPEX,半導體業,半導體業,tpex,2026-05-30,,
3373,熱映,TPEX,其他電子業,其他電子業,tpex,2026-05-30,,
3374,精材,TPEX,半導體業,半導體業,tpex,2026-05-30,,
3379,彬台,TPEX,電機機械,電機機械,tpex,2026-05-30,,
3388,崇越電,TPEX,電子零組件業,電子零組件業,tpex,2026-05-30,,
3390,旭軟,TPEX,電子零組件業,電子零組件業,tpex,2026-05-30,,
3402,漢科,TPEX,其他電子業,其他電子業,tpex,2026-05-30,,
3426,台興,TPEX,電機機械,電機機械,tpex,2026-05-30,,
3430,奇鈦科,TPEX,化學工業,化學工業,tpex,2026-05-30,,
3434,哲固,TPEX,光電業,光電業,tpex,2026-05-30,,
3438,類比科,TPEX,半導體業,半導體業,tpex,2026-05-30,,
3441,聯一光電,TPEX,光電業,光電業,tpex,2026-05-30,,
3444,利機,TPEX,電子通路業,電子通路業,tpex,2026-05-30,,
3455,由田,TPEX,光電業,光電業,tpex,2026-05-30,,
3465,進泰電子,TPEX,其他電子業,其他電子業,tpex,2026-05-30,,
3466,德晉,TPEX,通信網路業,通信網路業,tpex,2026-05-30,,
3467,台灣精材,TPEX,半導體業,半導體業,tpex,2026-05-30,,
3479,安勤,TPEX,電腦及週邊設備業,電腦及週邊設備業,tpex,2026-05-30,,
3483,力致,TPEX,電腦及週邊設備業,電腦及週邊設備業,tpex,2026-05-30,,
3484,崧騰,TPEX,電子零組件業,電子零組件業,tpex,2026-05-30,,
3485,敘豐,TPEX,電子零組件業,電子零組件業,tpex,2026-05-30,,
3489,森寶,TPEX,建材營造,建材營造,tpex,2026-05-30,,
3490,單井,TPEX,光電業,光電業,tpex,2026-05-30,,
3491,昇達科,TPEX,通信網路業,通信網路業,tpex,2026-05-30,,
3492,長盛,TPEX,電子零組件業,電子零組件業,tpex,2026-05-30,,
3498,陽程,TPEX,其他電子業,其他電子業,tpex,2026-05-30,,
3499,環天科,TPEX,通信網路業,通信網路業,tpex,2026-05-30,,
3508,位速,TPEX,其他電子業,其他電子業,tpex,2026-05-30,,
3511,矽瑪,TPEX,電子零組件業,電子零組件業,tpex,2026-05-30,,
3512,皇龍,TPEX,建材營造,建材營造,tpex,2026-05-30,,
3516,亞帝歐,TPEX,光電業,光電業,tpex,2026-05-30,,
3520,華盈,TPEX,電子零組件業,電子零組件業,tpex,2026-05-30,,
3521,台鋼建設,TPEX,建材營造,建材營造,tpex,2026-05-30,,
3522,御嵿,TPEX,觀光餐旅,觀光餐旅,tpex,2026-05-30,,
3523,迎輝,TPEX,光電業,光電業,tpex,2026-05-30,,
3526,凡甲,TPEX,電子零組件業,電子零組件業,tpex,2026-05-30,,
3527,聚積,TPEX,半導體業,半導體業,tpex,2026-05-30,,
3529,力旺,TPEX,半導體業,半導體業,tpex,2026-05-30,,
3531,先益,TPEX,光電業,光電業,tpex,2026-05-30,,
3537,堡達,TPEX,電子零組件業,電子零組件業,tpex,2026-05-30,,
3540,曜越,TPEX,電腦及週邊設備業,電腦及週邊設備業,tpex,2026-05-30,,
3541,西柏,TPEX,其他電子業,其他電子業,tpex,2026-05-30,,
3546,宇峻,TPEX,文化創意業,文化創意業,tpex,2026-05-30,,
3548,兆利,TPEX,電子零組件業,電子零組件業,tpex,2026-05-30,,
3551,世禾,TPEX,綠能環保,綠能環保,tpex,2026-05-30,,
3552,同致,TPEX,其他電子業,其他電子業,tpex,2026-05-30,,
3555,博士旺,TPEX,半導體業,半導體業,tpex,2026-05-30,,
3556,禾瑞亞,TPEX,半導體業,半導體業,tpex,2026-05-30,,
3558,神準,TPEX,通信網路業,通信網路業,tpex,2026-05-30,,
3564,其陽,TPEX,通信網路業,通信網路業,tpex,2026-05-30,,
3567,逸昌,TPEX,半導體業,半導體業,tpex,2026-05-30,,
3570,大塚,TPEX,資訊服務業,資訊服務業,tpex,2026-05-30,,
3577,泓格,TPEX,電腦及週邊設備業,電腦及週邊設備業,tpex,2026-05-30,,
3580,友威科,TPEX,其他電子業,其他電子業,tpex,2026-05-30,,
3581,博磊,TPEX,半導體業,半導體業,tpex,2026-05-30,,
3587,閎康,TPEX,其他電子業,其他電子業,tpex,2026-05-30,,
3594,磐儀,TPEX,電腦及週邊設備業,電腦及週邊設備業,tpex,2026-05-30,,
3597,映興,TPEX,電子零組件業,電子零組件業,tpex,2026-05-30,,
3609,三一東林,TPEX,電子零組件業,電子零組件業,tpex,2026-05-30,,
3611,鼎翰,TPEX,電腦及週邊設備業,電腦及週邊設備業,tpex,2026-05-30,,
3615,安可,TPEX,光電業,光電業,tpex,2026-05-30,,
3623,富晶通,TPEX,光電業,光電業,tpex,2026-05-30,,
3624,光頡,TPEX,電子零組件業,電子零組件業,tpex,2026-05-30,,
3625,西勝,TPEX,電腦及週邊設備業,電腦及週邊設備業,tpex,2026-05-30,,
3628,盈正,TPEX,其他電子業,其他電子業,tpex,2026-05-30,,
3629,地心引力,TPEX,文化創意業,文化創意業,tpex,2026-05-30,,
3630,新鉅科,TPEX,光電業,光電業,tpex,2026-05-30,,
3631,晟楠,TPEX,電子零組件業,電子零組件業,tpex,2026-05-30,,
3632,研勤,TPEX,通信網路業,通信網路業,tpex,2026-05-30,,
3646,艾恩特,TPEX,電子零組件業,電子零組件業,tpex,2026-05-30,,
3663,鑫科,TPEX,其他電子業,其他電子業,tpex,2026-05-30,,
3664,安瑞-KY,TPEX,通信網路業,通信網路業,tpex,2026-05-30,,
3666,光耀,TPEX,光電業,光電業,tpex,2026-05-30,,
3672,康聯訊,TPEX,通信網路業,通信網路業,tpex,2026-05-30,,
3675,德微,TPEX,半導體業,半導體業,tpex,2026-05-30,,
3680,家登,TPEX,半導體業,半導體業,tpex,2026-05-30,,
3684,榮昌,TPEX,通信網路業,通信網路業,tpex,2026-05-30,,
3685,元創精密,TPEX,電機機械,電機機械,tpex,2026-05-30,,
3687,歐買尬,TPEX,數位雲端,數位雲端,tpex,2026-05-30,,
3689,湧德,TPEX,電子零組件業,電子零組件業,tpex,2026-05-30,,
3691,碩禾,TPEX,光電業,光電業,tpex,2026-05-30,,
3693,營邦,TPEX,電腦及週邊設備業,電腦及週邊設備業,tpex,2026-05-30,,
3707,漢磊,TPEX,半導體業,半導體業,tpex,2026-05-30,,
3709,鑫聯大投控,TPEX,電腦及週邊設備業,電腦及週邊設備業,tpex,2026-05-30,,
3710,連展投控,TPEX,電子零組件業,電子零組件業,tpex,2026-05-30,,
3713,新晶投控,TPEX,綠能環保,綠能環保,tpex,2026-05-30,,
4102,永日,TPEX,生技醫療,生技醫療,tpex,2026-05-30,,
4105,東洋,TPEX,生技醫療,生技醫療,tpex,2026-05-30,,
4107,邦特,TPEX,生技醫療,生技醫療,tpex,2026-05-30,,
4109,加捷生醫,TPEX,生技醫療,生技醫療,tpex,2026-05-30,,
4111,濟生,TPEX,生技醫療,生技醫療,tpex,2026-05-30,,
4113,聯上,TPEX,建材營造,建材營造,tpex,2026-05-30,,
4114,健喬,TPEX,生技醫療,生技醫療,tpex,2026-05-30,,
4116,明基醫,TPEX,生技醫療,生技醫療,tpex,2026-05-30,,
4120,友華,TPEX,生技醫療,生技醫療,tpex,2026-05-30,,
4121,優盛,TPEX,生技醫療,生技醫療,tpex,2026-05-30,,
4123,晟德,TPEX,生技醫療,生技醫療,tpex,2026-05-30,,
4126,太醫,TPEX,生技醫療,生技醫療,tpex,2026-05-30,,
4127,天良,TPEX,生技醫療,生技醫療,tpex,2026-05-30,,
4128,中天,TPEX,生技醫療,生技醫療,tpex,2026-05-30,,
4129,聯合,TPEX,生技醫療,生技醫療,tpex,2026-05-30,,
4130,健亞,TPEX,生技醫療,生技醫療,tpex,2026-05-30,,
4131,浩泰,TPEX,生技醫療,生技醫療,tpex,2026-05-30,,
4138,曜亞,TPEX,生技醫療,生技醫療,tpex,2026-05-30,,
4139,馬光-KY,TPEX,生技醫療,生技醫療,tpex,2026-05-30,,
4147,中裕,TPEX,生技醫療,生技醫療,tpex,2026-05-30,,
4153,鈺緯,TPEX,生技醫療,生技醫療,tpex,2026-05-30,,
4154,樂威科-KY,TPEX,其他,其他,tpex,2026-05-30,,
4157,太景*-KY,TPEX,生技醫療,生技醫療,tpex,2026-05-30,,
4160,訊聯基因,TPEX,生技醫療,生技醫療,tpex,2026-05-30,,
4161,聿新科,TPEX,生技醫療,生技醫療,tpex,2026-05-30,,
4162,智擎,TPEX,生技醫療,生技醫療,tpex,2026-05-30,,
4163,鐿鈦,TPEX,生技醫療,生技醫療,tpex,2026-05-30,,
4166,友霖,TPEX,生技醫療,生技醫療,tpex,2026-05-30,,
4167,松瑞藥,TPEX,生技醫療,生技醫療,tpex,2026-05-30,,
4168,醣聯,TPEX,生技醫療,生技醫療,tpex,2026-05-30,,
4171,瑞基,TPEX,農業科技業,農業科技業,tpex,2026-05-30,,
4173,久裕,TPEX,生技醫療,生技醫療,tpex,2026-05-30,,
4174,浩鼎,TPEX,生技醫療,生技醫療,tpex,2026-05-30,,
4175,杏一,TPEX,生技醫療,生技醫療,tpex,2026-05-30,,
4183,福永生技,TPEX,生技醫療,生技醫療,tpex,2026-05-30,,
4188,安克,TPEX,生技醫療,生技醫療,tpex,2026-05-30,,
4192,杏國,TPEX,生技醫療,生技醫療,tpex,2026-05-30,,
4198,欣大健康,TPEX,生技醫療,生技醫療,tpex,2026-05-30,,
4205,中華食,TPEX,食品工業,食品工業,tpex,2026-05-30,,
4207,環泰,TPEX,食品工業,食品工業,tpex,2026-05-30,,
4303,信立,TPEX,塑膠工業,塑膠工業,tpex,2026-05-30,,
4304,勝昱,TPEX,塑膠工業,塑膠工業,tpex,2026-05-30,,
4305,世坤,TPEX,塑膠工業,塑膠工業,tpex,2026-05-30,,
4401,東隆興,TPEX,紡織纖維,紡織纖維,tpex,2026-05-30,,
4402,郡都開發,TPEX,紡織纖維,紡織纖維,tpex,2026-05-30,,
4406,新昕纖,TPEX,紡織纖維,紡織纖維,tpex,2026-05-30,,
4413,飛寶企業,TPEX,紡織纖維,紡織纖維,tpex,2026-05-30,,
4416,三圓,TPEX,建材營造,建材營造,tpex,2026-05-30,,
4417,金洲,TPEX,紡織纖維,紡織纖維,tpex,2026-05-30,,
4419,皇家美食,TPEX,觀光餐旅,觀光餐旅,tpex,2026-05-30,,
4420,光明,TPEX,紡織纖維,紡織纖維,tpex,2026-05-30,,
4430,耀億,TPEX,其他,其他,tpex,2026-05-30,,
4432,銘旺實,TPEX,紡織纖維,紡織纖維,tpex,2026-05-30,,
4433,興采,TPEX,紡織纖維,紡織纖維,tpex,2026-05-30,,
4442,竣邦-KY,TPEX,紡織纖維,紡織纖維,tpex,2026-05-30,,
4502,健信,TPEX,電機機械,電機機械,tpex,2026-05-30,,
4503,金雨,TPEX,電機機械,電機機械,tpex,2026-05-30,,
4506,崇友,TPEX,電機機械,電機機械,tpex,2026-05-30,,
4510,高鋒,TPEX,電機機械,電機機械,tpex,2026-05-30,,
4513,福裕,TPEX,電機機械,電機機械,tpex,2026-05-30,,
4523,永彰,TPEX,電機機械,電機機械,tpex,2026-05-30,,
4527,方方土霖,TPEX,電機機械,電機機械,tpex,2026-05-30,,
4528,江興鍛,TPEX,電機機械,電機機械,tpex,2026-05-30,,
4529,淳紳,TPEX,其他,其他,tpex,2026-05-30,,
4530,宏易,TPEX,觀光餐旅,觀光餐旅,tpex,2026-05-30,,
4533,協易機,TPEX,電機機械,電機機械,tpex,2026-05-30,,
4534,慶騰,TPEX,電機機械,電機機械,tpex,2026-05-30,,
4535,至興,TPEX,電機機械,電機機械,tpex,2026-05-30,,
4538,大詠城,TPEX,電機機械,電機機械,tpex,2026-05-30,,
4541,晟田,TPEX,其他,其他,tpex,2026-05-30,,
4542,科嶠,TPEX,電子零組件業,電子零組件業,tpex,2026-05-30,,
4543,萬在,TPEX,電機機械,電機機械,tpex,2026-05-30,,
4549,桓達,TPEX,電機機械,電機機械,tpex,2026-05-30,,
4550,長佳,TPEX,電機機械,電機機械,tpex,2026-05-30,,
4554,橙的,TPEX,其他電子業,其他電子業,tpex,2026-05-30,,
4556,旭然,TPEX,其他,其他,tpex,2026-05-30,,
4558,寶緯,TPEX,電機機械,電機機械,tpex,2026-05-30,,
4561,健椿,TPEX,電機機械,電機機械,tpex,2026-05-30,,
4563,百德,TPEX,電機機械,電機機械,tpex,2026-05-30,,
4568,科際精密,TPEX,電機機械,電機機械,tpex,2026-05-30,,
4577,達航科技,TPEX,其他電子業,其他電子業,tpex,2026-05-30,,
4580,捷流閥業,TPEX,電機機械,電機機械,tpex,2026-05-30,,
4584,君帆,TPEX,電機機械,電機機械,tpex,2026-05-30,,
4609,唐鋒,TPEX,居家生活,居家生活,tpex,2026-05-30,,
4702,中美實,TPEX,居家生活,居家生活,tpex,2026-05-30,,
4706,大恭,TPEX,化學工業,化學工業,tpex,2026-05-30,,
4707,磐亞,TPEX,化學工業,化學工業,tpex,2026-05-30,,
4711,永純,TPEX,化學工業,化學工業,tpex,2026-05-30,,
4714,永捷,TPEX,化學工業,化學工業,tpex,2026-05-30,,
4716,大立,TPEX,化學工業,化學工業,tpex,2026-05-30,,
4721,美琪瑪,TPEX,化學工業,化學工業,tpex,2026-05-30,,
4726,永昕,TPEX,生技醫療,生技醫療,tpex,2026-05-30,,
4728,雙美,TPEX,生技醫療,生技醫療,tpex,2026-05-30,,
4729,熒茂,TPEX,光電業,光電業,tpex,2026-05-30,,
4735,豪展,TPEX,生技醫療,生技醫療,tpex,2026-05-30,,
4741,泓瀚,TPEX,化學工業,化學工業,tpex,2026-05-30,,
4743,合一,TPEX,生技醫療,生技醫療,tpex,2026-05-30,,
4744,皇將,TPEX,生技醫療,生技醫療,tpex,2026-05-30,,
4745,合富-KY,TPEX,生技醫療,生技醫療,tpex,2026-05-30,,
4747,強生製藥,TPEX,生技醫療,生技醫療,tpex,2026-05-30,,
4749,新應材,TPEX,半導體業,半導體業,tpex,2026-05-30,,
4754,國碳科,TPEX,化學工業,化學工業,tpex,2026-05-30,,
4760,勤凱科技,TPEX,其他電子業,其他電子業,tpex,2026-05-30,,
4767,誠泰科技,TPEX,化學工業,化學工業,tpex,2026-05-30,,
4768,晶呈科技,TPEX,化學工業,化學工業,tpex,2026-05-30,,
4772,台特化,TPEX,化學工業,化學工業,tpex,2026-05-30,,
4804,大略-KY,TPEX,觀光餐旅,觀光餐旅,tpex,2026-05-30,,
4806,桂田文創,TPEX,文化創意業,文化創意業,tpex,2026-05-30,,
4903,聯光通,TPEX,通信網路業,通信網路業,tpex,2026-05-30,,
4905,台聯電,TPEX,通信網路業,通信網路業,tpex,2026-05-30,,
4907,富宇,TPEX,建材營造,建材營造,tpex,2026-05-30,,
4908,前鼎,TPEX,通信網路業,通信網路業,tpex,2026-05-30,,
4909,新復興,TPEX,通信網路業,通信網路業,tpex,2026-05-30,,
4911,德英,TPEX,生技醫療,生技醫療,tpex,2026-05-30,,
4923,力士,TPEX,半導體業,半導體業,tpex,2026-05-30,,
4924,欣厚-KY,TPEX,電腦及週邊設備業,電腦及週邊設備業,tpex,2026-05-30,,
4931,新盛力,TPEX,電腦及週邊設備業,電腦及週邊設備業,tpex,2026-05-30,,
4933,友輝,TPEX,光電業,光電業,tpex,2026-05-30,,
4939,亞電,TPEX,電子零組件業,電子零組件業,tpex,2026-05-30,,
4946,辣椒,TPEX,文化創意業,文化創意業,tpex,2026-05-30,,
4950,金耘國際,TPEX,鋼鐵工業,鋼鐵工業,tpex,2026-05-30,,
4951,精拓科,TPEX,半導體業,半導體業,tpex,2026-05-30,,
4953,緯軟,TPEX,資訊服務業,資訊服務業,tpex,2026-05-30,,
4966,譜瑞-KY,TPEX,半導體業,半導體業,tpex,2026-05-30,,
4971,IET-KY,TPEX,半導體業,半導體業,tpex,2026-05-30,,
4972,湯石照明,TPEX,光電業,光電業,tpex,2026-05-30,,
4973,廣穎電通,TPEX,半導體業,半導體業,tpex,2026-05-30,,
4974,亞泰,TPEX,電子零組件業,電子零組件業,tpex,2026-05-30,,
4979,華星光,TPEX,通信網路業,通信網路業,tpex,2026-05-30,,
4991,環宇-KY,TPEX,半導體業,半導體業,tpex,2026-05-30,,
4995,晶達,TPEX,光電業,光電業,tpex,2026-05-30,,
5009,榮剛,TPEX,鋼鐵工業,鋼鐵工業,tpex,2026-05-30,,
5011,久陽,TPEX,鋼鐵工業,鋼鐵工業,tpex,2026-05-30,,
5013,強新,TPEX,鋼鐵工業,鋼鐵工業,tpex,2026-05-30,,
5014,建錩,TPEX,鋼鐵工業,鋼鐵工業,tpex,2026-05-30,,
5015,華祺,TPEX,鋼鐵工業,鋼鐵工業,tpex,2026-05-30,,
5016,松和,TPEX,鋼鐵工業,鋼鐵工業,tpex,2026-05-30,,
5201,凱衛,TPEX,資訊服務業,資訊服務業,tpex,2026-05-30,,
5202,力新,TPEX,資訊服務業,資訊服務業,tpex,2026-05-30,,
5205,中茂,TPEX,綠能環保,綠能環保,tpex,2026-05-30,,
5206,坤悅,TPEX,建材營造,建材營造,tpex,2026-05-30,,
5209,新鼎,TPEX,其他,其他,tpex,2026-05-30,,
5210,寶碩,TPEX,資訊服務業,資訊服務業,tpex,2026-05-30,,
5211,蒙恬,TPEX,資訊服務業,資訊服務業,tpex,2026-05-30,,
5212,凌網,TPEX,資訊服務業,資訊服務業,tpex,2026-05-30,,
5213,亞昕,TPEX,建材營造,建材營造,tpex,2026-05-30,,
5220,萬達光電,TPEX,光電業,光電業,tpex,2026-05-30,,
5223,安力-KY,TPEX,電腦及週邊設備業,電腦及週邊設備業,tpex,2026-05-30,,
5227,立凱-KY,TPEX,電子零組件業,電子零組件業,tpex,2026-05-30,,
5228,鈺鎧,TPEX,電子零組件業,電子零組件業,tpex,2026-05-30,,
5230,雷笛克光學,TPEX,光電業,光電業,tpex,2026-05-30,,
5236,凌陽創新,TPEX,半導體業,半導體業,tpex,2026-05-30,,
5245,智晶,TPEX,光電業,光電業,tpex,2026-05-30,,
5251,天鉞電,TPEX,光電業,光電業,tpex,2026-05-30,,
5263,智崴,TPEX,文化創意業,文化創意業,tpex,2026-05-30,,
5272,笙科,TPEX,半導體業,半導體業,tpex,2026-05-30,,
5274,信驊,TPEX,半導體業,半導體業,tpex,2026-05-30,,
5276,達輝-KY,TPEX,其他,其他,tpex,2026-05-30,,
5278,尚凡*,TPEX,數位雲端,數位雲端,tpex,2026-05-30,,
5287,數字,TPEX,數位雲端,數位雲端,tpex,2026-05-30,,
5289,宜鼎,TPEX,電腦及週邊設備業,電腦及週邊設備業,tpex,2026-05-30,,
5291,邑昇,TPEX,電子零組件業,電子零組件業,tpex,2026-05-30,,
5299,杰力,TPEX,半導體業,半導體業,tpex,2026-05-30,,
5301,寶得利,TPEX,觀光餐旅,觀光餐旅,tpex,2026-05-30,,
5302,太欣,TPEX,半導體業,半導體業,tpex,2026-05-30,,
5309,系統電,TPEX,電子零組件業,電子零組件業,tpex,2026-05-30,,
5310,天剛,TPEX,資訊服務業,資訊服務業,tpex,2026-05-30,,
5312,寶島科,TPEX,生技醫療,生技醫療,tpex,2026-05-30,,
5314,世紀*,TPEX,其他,其他,tpex,2026-05-30,,
5315,光聯,TPEX,光電業,光電業,tpex,2026-05-30,,
5321,美而快,TPEX,數位雲端,數位雲端,tpex,2026-05-30,,
5324,士開,TPEX,建材營造,建材營造,tpex,2026-05-30,,
5328,華容,TPEX,電子零組件業,電子零組件業,tpex,2026-05-30,,
5340,建榮,TPEX,電子零組件業,電子零組件業,tpex,2026-05-30,,
5344,立衛,TPEX,半導體業,半導體業,tpex,2026-05-30,,
5345,馥鴻,TPEX,其他,其他,tpex,2026-05-30,,
5347,世界,TPEX,半導體業,半導體業,tpex,2026-05-30,,
5348,正能量智能,TPEX,運動休閒,運動休閒,tpex,2026-05-30,,
5351,鈺創,TPEX,半導體業,半導體業,tpex,2026-05-30,,
5353,台林,TPEX,通信網路業,通信網路業,tpex,2026-05-30,,
5355,佳總,TPEX,電子零組件業,電子零組件業,tpex,2026-05-30,,
5356,協益,TPEX,電腦及週邊設備業,電腦及週邊設備業,tpex,2026-05-30,,
5364,力麗店,TPEX,觀光餐旅,觀光餐旅,tpex,2026-05-30,,
5371,中光電,TPEX,光電業,光電業,tpex,2026-05-30,,
5381,光譜,TPEX,電子零組件業,電子零組件業,tpex,2026-05-30,,
5386,青雲,TPEX,電腦及週邊設備業,電腦及週邊設備業,tpex,2026-05-30,,
5392,能率,TPEX,光電業,光電業,tpex,2026-05-30,,
5398,慕康生醫,TPEX,其他,其他,tpex,2026-05-30,,
5403,中菲,TPEX,資訊服務業,資訊服務業,tpex,2026-05-30,,
5410,國眾,TPEX,資訊服務業,資訊服務業,tpex,2026-05-30,,
5425,台半,TPEX,半導體業,半導體業,tpex,2026-05-30,,
5426,振發,TPEX,電腦及週邊設備業,電腦及週邊設備業,tpex,2026-05-30,,
5432,新門,TPEX,綠能環保,綠能環保,tpex,2026-05-30,,
5438,東友,TPEX,電腦及週邊設備業,電腦及週邊設備業,tpex,2026-05-30,,
5439,高技,TPEX,電子零組件業,電子零組件業,tpex,2026-05-30,,
5443,均豪,TPEX,半導體業,半導體業,tpex,2026-05-30,,
5450,南良,TPEX,其他,其他,tpex,2026-05-30,,
5452,佶優,TPEX,其他電子業,其他電子業,tpex,2026-05-30,,
5455,昇益,TPEX,建材營造,建材營造,tpex,2026-05-30,,
5457,宣德,TPEX,電子零組件業,電子零組件業,tpex,2026-05-30,,
5460,同協,TPEX,電子零組件業,電子零組件業,tpex,2026-05-30,,
5464,霖宏,TPEX,電子零組件業,電子零組件業,tpex,2026-05-30,,
5465,富驊,TPEX,電腦及週邊設備業,電腦及週邊設備業,tpex,2026-05-30,,
5468,凱鈺,TPEX,半導體業,半導體業,tpex,2026-05-30,,
5474,聰泰,TPEX,電腦及週邊設備業,電腦及週邊設備業,tpex,2026-05-30,,
5475,德宏,TPEX,電子零組件業,電子零組件業,tpex,2026-05-30,,
5478,智冠,TPEX,文化創意業,文化創意業,tpex,2026-05-30,,
5481,新華,TPEX,其他,其他,tpex,2026-05-30,,
5483,中美晶,TPEX,半導體業,半導體業,tpex,2026-05-30,,
5487,通泰,TPEX,半導體業,半導體業,tpex,2026-05-30,,
5488,松普,TPEX,電子零組件業,電子零組件業,tpex,2026-05-30,,
5489,彩富,TPEX,其他電子業,其他電子業,tpex,2026-05-30,,
5490,同亨,TPEX,電腦及週邊設備業,電腦及週邊設備業,tpex,2026-05-30,,
5493,三聯,TPEX,其他電子業,其他電子業,tpex,2026-05-30,,
5498,凱崴,TPEX,電子零組件業,電子零組件業,tpex,2026-05-30,,
5508,永信建,TPEX,建材營造,建材營造,tpex,2026-05-30,,
5511,德昌,TPEX,建材營造,建材營造,tpex,2026-05-30,,
5512,力麒,TPEX,建材營造,建材營造,tpex,2026-05-30,,
5514,三豐,TPEX,建材營造,建材營造,tpex,2026-05-30,,
5516,雙喜,TPEX,建材營造,建材營造,tpex,2026-05-30,,
5520,力泰,TPEX,建材營造,建材營造,tpex,2026-05-30,,
5523,豐謙,TPEX,建材營造,建材營造,tpex,2026-05-30,,
5529,鉅陞,TPEX,建材營造,建材營造,tpex,2026-05-30,,
5530,龍巖,TPEX,其他,其他,tpex,2026-05-30,,
5536,聖暉*,TPEX,其他電子業,其他電子業,tpex,2026-05-30,,
5543,桓鼎-KY,TPEX,建材營造,建材營造,tpex,2026-05-30,,
5547,久舜,TPEX,建材營造,建材營造,tpex,2026-05-30,,
5548,安倉,TPEX,建材營造,建材營造,tpex,2026-05-30,,
5601,台聯櫃,TPEX,航運業,航運業,tpex,2026-05-30,,
5603,陸海,TPEX,航運業,航運業,tpex,2026-05-30,,
5604,中連,TPEX,其他,其他,tpex,2026-05-30,,
5609,中菲行,TPEX,航運業,航運業,tpex,2026-05-30,,
5701,劍湖山,TPEX,觀光餐旅,觀光餐旅,tpex,2026-05-30,,
5703,亞都麗緻,TPEX,觀光餐旅,觀光餐旅,tpex,2026-05-30,,
5704,老爺知,TPEX,觀光餐旅,觀光餐旅,tpex,2026-05-30,,
5864,致和證,TPEX,金融業,金融業,tpex,2026-05-30,,
5878,台名,TPEX,金融業,金融業,tpex,2026-05-30,,
5902,德記,TPEX,居家生活,居家生活,tpex,2026-05-30,,
5903,全家,TPEX,居家生活,居家生活,tpex,2026-05-30,,
5904,寶雅,TPEX,居家生活,居家生活,tpex,2026-05-30,,
5905,南仁湖,TPEX,觀光餐旅,觀光餐旅,tpex,2026-05-30,,
6015,宏遠證,TPEX,金融業,金融業,tpex,2026-05-30,,
6016,康和證,TPEX,金融業,金融業,tpex,2026-05-30,,
6020,大展證,TPEX,金融業,金融業,tpex,2026-05-30,,
6021,美好證,TPEX,金融業,金融業,tpex,2026-05-30,,
6023,元大期貨,TPEX,金融業,金融業,tpex,2026-05-30,,
6026,福邦證,TPEX,金融業,金融業,tpex,2026-05-30,,
6028,公勝保經,TPEX,金融業,金融業,tpex,2026-05-30,,
6101,寬魚國際,TPEX,文化創意業,文化創意業,tpex,2026-05-30,,
6103,合邦,TPEX,半導體業,半導體業,tpex,2026-05-30,,
6104,創惟,TPEX,半導體業,半導體業,tpex,2026-05-30,,
6109,亞元,TPEX,通信網路業,通信網路業,tpex,2026-05-30,,
6111,光聚晶電,TPEX,文化創意業,文化創意業,tpex,2026-05-30,,
6113,亞矽,TPEX,電子通路業,電子通路業,tpex,2026-05-30,,
6114,久威,TPEX,電子零組件業,電子零組件業,tpex,2026-05-30,,
6118,建達,TPEX,電子通路業,電子通路業,tpex,2026-05-30,,
6121,新普,TPEX,電腦及週邊設備業,電腦及週邊設備業,tpex,2026-05-30,,
6122,擎邦,TPEX,電機機械,電機機械,tpex,2026-05-30,,
6123,上奇,TPEX,資訊服務業,資訊服務業,tpex,2026-05-30,,
6124,業強,TPEX,電子零組件業,電子零組件業,tpex,2026-05-30,,
6125,廣運,TPEX,光電業,光電業,tpex,2026-05-30,,
6126,信音,TPEX,電子零組件業,電子零組件業,tpex,2026-05-30,,
6127,九豪,TPEX,電子零組件業,電子零組件業,tpex,2026-05-30,,
6129,普誠,TPEX,半導體業,半導體業,tpex,2026-05-30,,
6130,上亞科技,TPEX,生技醫療,生技醫療,tpex,2026-05-30,,
6134,萬旭,TPEX,電子零組件業,電子零組件業,tpex,2026-05-30,,
6138,茂達,TPEX,半導體業,半導體業,tpex,2026-05-30,,
6140,訊達電腦,TPEX,資訊服務業,資訊服務業,tpex,2026-05-30,,
6143,振曜,TPEX,通信網路業,通信網路業,tpex,2026-05-30,,
6144,得利影,TPEX,文化創意業,文化創意業,tpex,2026-05-30,,
6146,耕興,TPEX,其他電子業,其他電子業,tpex,2026-05-30,,
6147,頎邦,TPEX,半導體業,半導體業,tpex,2026-05-30,,
6148,驊宏資,TPEX,資訊服務業,資訊服務業,tpex,2026-05-30,,
6150,撼訊,TPEX,電腦及週邊設備業,電腦及週邊設備業,tpex,2026-05-30,,
6151,晉倫,TPEX,其他電子業,其他電子業,tpex,2026-05-30,,
6154,順發,TPEX,電子通路業,電子通路業,tpex,2026-05-30,,
6156,松上,TPEX,電子零組件業,電子零組件業,tpex,2026-05-30,,
6158,禾昌,TPEX,電子零組件業,電子零組件業,tpex,2026-05-30,,
6160,欣技,TPEX,電腦及週邊設備業,電腦及週邊設備業,tpex,2026-05-30,,
6161,捷波,TPEX,電腦及週邊設備業,電腦及週邊設備業,tpex,2026-05-30,,
6163,華電網,TPEX,通信網路業,通信網路業,tpex,2026-05-30,,
6167,久正,TPEX,光電業,光電業,tpex,2026-05-30,,
6169,昱泉,TPEX,文化創意業,文化創意業,tpex,2026-05-30,,
6170,統振,TPEX,通信網路業,通信網路業,tpex,2026-05-30,,
6171,大城地產,TPEX,建材營造,建材營造,tpex,2026-05-30,,
6173,信昌電,TPEX,電子零組件業,電子零組件業,tpex,2026-05-30,,
6174,安碁,TPEX,電子零組件業,電子零組件業,tpex,2026-05-30,,
6175,立敦,TPEX,電子零組件業,電子零組件業,tpex,2026-05-30,,
6179,亞通,TPEX,其他,其他,tpex,2026-05-30,,
6180,橘子,TPEX,文化創意業,文化創意業,tpex,2026-05-30,,
6182,合晶,TPEX,半導體業,半導體業,tpex,2026-05-30,,
6185,幃翔,TPEX,電子零組件業,電子零組件業,tpex,2026-05-30,,
6186,新潤,TPEX,建材營造,建材營造,tpex,2026-05-30,,
6187,萬潤,TPEX,半導體業,半導體業,tpex,2026-05-30,,
6188,廣明,TPEX,電腦及週邊設備業,電腦及週邊設備業,tpex,2026-05-30,,
6190,萬泰科,TPEX,通信網路業,通信網路業,tpex,2026-05-30,,
6194,育富,TPEX,電子零組件業,電子零組件業,tpex,2026-05-30,,
6195,詩肯,TPEX,居家生活,居家生活,tpex,2026-05-30,,
6198,瑞築,TPEX,建材營造,建材營造,tpex,2026-05-30,,
6199,天品,TPEX,其他,其他,tpex,2026-05-30,,
6203,海韻電,TPEX,電子零組件業,電子零組件業,tpex,2026-05-30,,
6204,艾華,TPEX,電子零組件業,電子零組件業,tpex,2026-05-30,,
6207,雷科,TPEX,電子零組件業,電子零組件業,tpex,2026-05-30,,
6208,日揚,TPEX,半導體業,半導體業,tpex,2026-05-30,,
6210,慶生,TPEX,電子零組件業,電子零組件業,tpex,2026-05-30,,
6212,理銘,TPEX,建材營造,建材營造,tpex,2026-05-30,,
6217,中探針,TPEX,電子零組件業,電子零組件業,tpex,2026-05-30,,
6218,豪勉,TPEX,通信網路業,通信網路業,tpex,2026-05-30,,
6219,富旺,TPEX,建材營造,建材營造,tpex,2026-05-30,,
6220,岳豐,TPEX,電子零組件業,電子零組件業,tpex,2026-05-30,,
6221,晉泰,TPEX,資訊服務業,資訊服務業,tpex,2026-05-30,,
6222,立軒,TPEX,光電業,光電業,tpex,2026-05-30,,
6223,旺矽,TPEX,半導體業,半導體業,tpex,2026-05-30,,
6227,茂綸,TPEX,電子通路業,電子通路業,tpex,2026-05-30,,
6228,全譜,TPEX,電腦及週邊設備業,電腦及週邊設備業,tpex,2026-05-30,,
6229,研通,TPEX,半導體業,半導體業,tpex,2026-05-30,,
6231,系微,TPEX,資訊服務業,資訊服務業,tpex,2026-05-30,,
6233,旺玖,TPEX,半導體業,半導體業,tpex,2026-05-30,,
6234,高僑,TPEX,光電業,光電業,tpex,2026-05-30,,
6236,中湛,TPEX,其他,其他,tpex,2026-05-30,,
6237,驊訊,TPEX,半導體業,半導體業,tpex,2026-05-30,,
6240,松崗,TPEX,資訊服務業,資訊服務業,tpex,2026-05-30,,
6241,鑫永洋,TPEX,通信網路業,通信網路業,tpex,2026-05-30,,
6242,立康,TPEX,生技醫療,生技醫療,tpex,2026-05-30,,
6244,茂迪,TPEX,光電業,光電業,tpex,2026-05-30,,
6245,立端,TPEX,通信網路業,通信網路業,tpex,2026-05-30,,
6246,臺龍,TPEX,光電業,光電業,tpex,2026-05-30,,
6248,沛波,TPEX,鋼鐵工業,鋼鐵工業,tpex,2026-05-30,,
6259,百徽,TPEX,電子零組件業,電子零組件業,tpex,2026-05-30,,
6261,久元,TPEX,半導體業,半導體業,tpex,2026-05-30,,
6263,普萊德,TPEX,通信網路業,通信網路業,tpex,2026-05-30,,
6264,富裔,TPEX,建材營造,建材營造,tpex,2026-05-30,,
6265,方土昶,TPEX,電子通路業,電子通路業,tpex,2026-05-30,,
6266,泰詠,TPEX,電子零組件業,電子零組件業,tpex,2026-05-30,,
6270,倍微,TPEX,電子通路業,電子通路業,tpex,2026-05-30,,
6274,台燿,TPEX,電子零組件業,電子零組件業,tpex,2026-05-30,,
6275,元山,TPEX,電子零組件業,電子零組件業,tpex,2026-05-30,,
6276,安鈦克,TPEX,電腦及週邊設備業,電腦及週邊設備業,tpex,2026-05-30,,
6279,胡連,TPEX,電子零組件業,電子零組件業,tpex,2026-05-30,,
6284,佳邦,TPEX,電子零組件業,電子零組件業,tpex,2026-05-30,,
6290,良維,TPEX,電子零組件業,電子零組件業,tpex,2026-05-30,,
6291,沛亨,TPEX,半導體業,半導體業,tpex,2026-05-30,,
6292,迅德,TPEX,電子零組件業,電子零組件業,tpex,2026-05-30,,
6294,智基,TPEX,文化創意業,文化創意業,tpex,2026-05-30,,
6411,晶焱,TPEX,半導體業,半導體業,tpex,2026-05-30,,
6417,韋僑,TPEX,通信網路業,通信網路業,tpex,2026-05-30,,
6418,詠昇,TPEX,電子零組件業,電子零組件業,tpex,2026-05-30,,
6419,京晨科,TPEX,光電業,光電業,tpex,2026-05-30,,
6423,億而得,TPEX,半導體業,半導體業,tpex,2026-05-30,,
6425,易發,TPEX,電機機械,電機機械,tpex,2026-05-30,,
6432,今展科,TPEX,電子零組件業,電子零組件業,tpex,2026-05-30,,
6435,大中,TPEX,半導體業,半導體業,tpex,2026-05-30,,
6441,廣錠,TPEX,電腦及週邊設備業,電腦及週邊設備業,tpex,2026-05-30,,
6461,益得,TPEX,生技醫療,生技醫療,tpex,2026-05-30,,
6462,神盾,TPEX,半導體業,半導體業,tpex,2026-05-30,,
6465,威潤,TPEX,通信網路業,通信網路業,tpex,2026-05-30,,
6469,大樹,TPEX,生技醫療,生技醫療,tpex,2026-05-30,,
6470,宇智,TPEX,通信網路業,通信網路業,tpex,2026-05-30,,
6474,華豫寧,TPEX,電子通路業,電子通路業,tpex,2026-05-30,,
6482,弘煜科,TPEX,文化創意業,文化創意業,tpex,2026-05-30,,
6485,點序,TPEX,半導體業,半導體業,tpex,2026-05-30,,
6486,互動,TPEX,通信網路業,通信網路業,tpex,2026-05-30,,
6488,環球晶,TPEX,半導體業,半導體業,tpex,2026-05-30,,
6492,生華科,TPEX,生技醫療,生技醫療,tpex,2026-05-30,,
6494,九齊,TPEX,半導體業,半導體業,tpex,2026-05-30,,
6496,科懋,TPEX,生技醫療,生技醫療,tpex,2026-05-30,,
6498,久禾光,TPEX,光電業,光電業,tpex,2026-05-30,,
6499,益安,TPEX,生技醫療,生技醫療,tpex,2026-05-30,,
6506,雙邦,TPEX,紡織纖維,紡織纖維,tpex,2026-05-30,,
6508,惠光,TPEX,農業科技業,農業科技業,tpex,2026-05-30,,
6509,聚和,TPEX,化學工業,化學工業,tpex,2026-05-30,,
6510,精測,TPEX,半導體業,半導體業,tpex,2026-05-30,,
6512,啟發電,TPEX,其他電子業,其他電子業,tpex,2026-05-30,,
6516,勤崴國際,TPEX,資訊服務業,資訊服務業,tpex,2026-05-30,,
6517,保勝光學,TPEX,光電業,光電業,tpex,2026-05-30,,
6523,達爾膚,TPEX,生技醫療,生技醫療,tpex,2026-05-30,,
6527,明達醫,TPEX,生技醫療,生技醫療,tpex,2026-05-30,,
6530,創威,TPEX,通信網路業,通信網路業,tpex,2026-05-30,,
6532,瑞耘,TPEX,半導體業,半導體業,tpex,2026-05-30,,
6535,順藥,TPEX,生技醫療,生技醫療,tpex,2026-05-30,,
6538,倉和,TPEX,電子零組件業,電子零組件業,tpex,2026-05-30,,
6542,隆中,TPEX,文化創意業,文化創意業,tpex,2026-05-30,,
6546,正基,TPEX,通信網路業,通信網路業,tpex,2026-05-30,,
6547,高端疫苗,TPEX,生技醫療,生技醫療,tpex,2026-05-30,,
6548,長科*,TPEX,半導體業,半導體業,tpex,2026-05-30,,
6556,勝品,TPEX,光電業,光電業,tpex,2026-05-30,,
6560,欣普羅,TPEX,光電業,光電業,tpex,2026-05-30,,
6561,是方,TPEX,通信網路業,通信網路業,tpex,2026-05-30,,
6568,宏觀,TPEX,半導體業,半導體業,tpex,2026-05-30,,
6569,醫揚,TPEX,生技醫療,生技醫療,tpex,2026-05-30,,
6570,維田,TPEX,電腦及週邊設備業,電腦及週邊設備業,tpex,2026-05-30,,
6574,霈方,TPEX,生技醫療,生技醫療,tpex,2026-05-30,,
6576,逸達,TPEX,生技醫療,生技醫療,tpex,2026-05-30,,
6577,勁豐,TPEX,電腦及週邊設備業,電腦及週邊設備業,tpex,2026-05-30,,
6578,達邦蛋白,TPEX,農業科技業,農業科技業,tpex,2026-05-30,,
6584,南俊國際,TPEX,電子零組件業,電子零組件業,tpex,2026-05-30,,
6588,東典光電,TPEX,通信網路業,通信網路業,tpex,2026-05-30,,
6590,普鴻,TPEX,資訊服務業,資訊服務業,tpex,2026-05-30,,
6593,台灣銘板,TPEX,資訊服務業,資訊服務業,tpex,2026-05-30,,
6596,寬宏藝術,TPEX,文化創意業,文化創意業,tpex,2026-05-30,,
6597,立誠,TPEX,電子零組件業,電子零組件業,tpex,2026-05-30,,
6603,富強鑫,TPEX,電機機械,電機機械,tpex,2026-05-30,,
6609,瀧澤科,TPEX,電機機械,電機機械,tpex,2026-05-30,,
6612,奈米醫材,TPEX,生技醫療,生技醫療,tpex,2026-05-30,,
6613,朋億*,TPEX,其他電子業,其他電子業,tpex,2026-05-30,,
6615,慧智,TPEX,生技醫療,生技醫療,tpex,2026-05-30,,
6616,特昇-KY,TPEX,居家生活,居家生活,tpex,2026-05-30,,
6617,共信-KY,TPEX,生技醫療,生技醫療,tpex,2026-05-30,,
6620,漢達,TPEX,生技醫療,生技醫療,tpex,2026-05-30,,
6624,萬年清,TPEX,綠能環保,綠能環保,tpex,2026-05-30,,
6629,泰金-KY,TPEX,居家生活,居家生活,tpex,2026-05-30,,
6637,醫影,TPEX,生技醫療,生技醫療,tpex,2026-05-30,,
6640,均華,TPEX,半導體業,半導體業,tpex,2026-05-30,,
6642,富致,TPEX,電子零組件業,電子零組件業,tpex,2026-05-30,,
6643,M31,TPEX,半導體業,半導體業,tpex,2026-05-30,,
6649,台生材,TPEX,生技醫療,生技醫療,tpex,2026-05-30,,
6651,全宇昕,TPEX,半導體業,半導體業,tpex,2026-05-30,,
6654,天正國際,TPEX,其他電子業,其他電子業,tpex,2026-05-30,,
6661,威健生技,TPEX,生技醫療,生技醫療,tpex,2026-05-30,,
6662,樂斯科,TPEX,生技醫療,生技醫療,tpex,2026-05-30,,
6664,群翊,TPEX,電子零組件業,電子零組件業,tpex,2026-05-30,,
6667,信紘科,TPEX,其他電子業,其他電子業,tpex,2026-05-30,,
6679,鈺太,TPEX,半導體業,半導體業,tpex,2026-05-30,,
6680,鑫創電子,TPEX,電腦及週邊設備業,電腦及週邊設備業,tpex,2026-05-30,,
6683,雍智科技,TPEX,半導體業,半導體業,tpex,2026-05-30,,
6684,安格,TPEX,半導體業,半導體業,tpex,2026-05-30,,
6690,安碁資訊,TPEX,數位雲端,數位雲端,tpex,2026-05-30,,
6692,進能服,TPEX,綠能環保,綠能環保,tpex,2026-05-30,,
6693,廣閎科,TPEX,半導體業,半導體業,tpex,2026-05-30,,
6697,東捷資訊,TPEX,資訊服務業,資訊服務業,tpex,2026-05-30,,
6703,軒郁,TPEX,生技醫療,生技醫療,tpex,2026-05-30,,
6708,天擎,TPEX,半導體業,半導體業,tpex,2026-05-30,,
6712,長聖,TPEX,生技醫療,生技醫療,tpex,2026-05-30,,
6716,應廣,TPEX,半導體業,半導體業,tpex,2026-05-30,,
6720,久昌,TPEX,半導體業,半導體業,tpex,2026-05-30,,
6721,信實,TPEX,其他,其他,tpex,2026-05-30,,
6725,矽科宏晟,TPEX,其他電子業,其他電子業,tpex,2026-05-30,,
6727,亞泰金屬,TPEX,電子零組件業,電子零組件業,tpex,2026-05-30,,
6728,上洋,TPEX,居家生活,居家生活,tpex,2026-05-30,,
6730,常廣,TPEX,生技醫療,生技醫療,tpex,2026-05-30,,
6732,昇佳電子,TPEX,半導體業,半導體業,tpex,2026-05-30,,
6733,博晟生醫,TPEX,生技醫療,生技醫療,tpex,2026-05-30,,
6735,美達科技,TPEX,其他電子業,其他電子業,tpex,2026-05-30,,
6739,竹陞科技,TPEX,其他電子業,其他電子業,tpex,2026-05-30,,
6741,91APP*-KY,TPEX,數位雲端,數位雲端,tpex,2026-05-30,,
6751,智聯服務,TPEX,資訊服務業,資訊服務業,tpex,2026-05-30,,
6752,叡揚,TPEX,資訊服務業,資訊服務業,tpex,2026-05-30,,
6761,穩得,TPEX,電子零組件業,電子零組件業,tpex,2026-05-30,,
6762,達亞,TPEX,生技醫療,生技醫療,tpex,2026-05-30,,
6763,綠界科技*,TPEX,數位雲端,數位雲端,tpex,2026-05-30,,
6767,台微醫,TPEX,生技醫療,生技醫療,tpex,2026-05-30,,
6785,昱展新藥,TPEX,生技醫療,生技醫療,tpex,2026-05-30,,
6788,華景電,TPEX,半導體業,半導體業,tpex,2026-05-30,,
6791,虎門科技,TPEX,資訊服務業,資訊服務業,tpex,2026-05-30,,
6803,崑鼎,TPEX,綠能環保,綠能環保,tpex,2026-05-30,,
6804,明係,TPEX,運動休閒,運動休閒,tpex,2026-05-30,,
6811,宏碁資訊,TPEX,數位雲端,數位雲端,tpex,2026-05-30,,
6821,聯寶,TPEX,電子零組件業,電子零組件業,tpex,2026-05-30,,
6823,濾能,TPEX,半導體業,半導體業,tpex,2026-05-30,,
6829,千附精密,TPEX,半導體業,半導體業,tpex,2026-05-30,,
6840,東研信超,TPEX,其他電子業,其他電子業,tpex,2026-05-30,,
6841,長佳智能,TPEX,生技醫療,生技醫療,tpex,2026-05-30,,
6843,進典,TPEX,電機機械,電機機械,tpex,2026-05-30,,
6844,諾貝兒,TPEX,生技醫療,生技醫療,tpex,2026-05-30,,
6846,綠茵,TPEX,食品工業,食品工業,tpex,2026-05-30,,
6855,數泓科,TPEX,其他電子業,其他電子業,tpex,2026-05-30,,
6856,鑫傳,TPEX,文化創意業,文化創意業,tpex,2026-05-30,,
6859,伯特光,TPEX,光電業,光電業,tpex,2026-05-30,,
6865,偉康科技,TPEX,數位雲端,數位雲端,tpex,2026-05-30,,
6870,騰雲,TPEX,數位雲端,數位雲端,tpex,2026-05-30,,
6872,浩宇生醫,TPEX,生技醫療,生技醫療,tpex,2026-05-30,,
6874,倍力,TPEX,資訊服務業,資訊服務業,tpex,2026-05-30,,
6875,國邑*,TPEX,生技醫療,生技醫療,tpex,2026-05-30,,
6877,鏵友益,TPEX,其他電子業,其他電子業,tpex,2026-05-30,,
6881,潤德,TPEX,其他,其他,tpex,2026-05-30,,
6884,海柏特,TPEX,資訊服務業,資訊服務業,tpex,2026-05-30,,
6894,衛司特,TPEX,綠能環保,綠能環保,tpex,2026-05-30,,
6895,宏碩系統,TPEX,半導體業,半導體業,tpex,2026-05-30,,
6899,創為精密,TPEX,光電業,光電業,tpex,2026-05-30,,
6903,巨漢,TPEX,其他電子業,其他電子業,tpex,2026-05-30,,
6904,伯鑫,TPEX,其他,其他,tpex,2026-05-30,,
6907,雅特力-KY,TPEX,半導體業,半導體業,tpex,2026-05-30,,
6910,德鴻,TPEX,數位雲端,數位雲端,tpex,2026-05-30,,
6913,鴻呈,TPEX,電子零組件業,電子零組件業,tpex,2026-05-30,,
6922,宸曜,TPEX,電腦及週邊設備業,電腦及週邊設備業,tpex,2026-05-30,,
6925,意藍,TPEX,數位雲端,數位雲端,tpex,2026-05-30,,
6929,佑全,TPEX,生技醫療,生技醫療,tpex,2026-05-30,,
6953,家碩,TPEX,半導體業,半導體業,tpex,2026-05-30,,
6961,旅天下,TPEX,觀光餐旅,觀光餐旅,tpex,2026-05-30,,
6967,汎瑋材料,TPEX,電子零組件業,電子零組件業,tpex,2026-05-30,,
6968,萬達寵物,TPEX,居家生活,居家生活,tpex,2026-05-30,,
6971,惠民實業,TPEX,綠能環保,綠能環保,tpex,2026-05-30,,
6982,大井泵浦,TPEX,電機機械,電機機械,tpex,2026-05-30,,
6983,華洋精機,TPEX,其他電子業,其他電子業,tpex,2026-05-30,,
6996,力領科技,TPEX,半導體業,半導體業,tpex,2026-05-30,,
6997,博弘,TPEX,數位雲端,數位雲端,tpex,2026-05-30,,
7402,邑錡,TPEX,光電業,光電業,tpex,2026-05-30,,
7547,碩網,TPEX,數位雲端,數位雲端,tpex,2026-05-30,,
7556,意德士科技,TPEX,半導體業,半導體業,tpex,2026-05-30,,
7584,樂意,TPEX,文化創意業,文化創意業,tpex,2026-05-30,,
7642,昶瑞機電,TPEX,電機機械,電機機械,tpex,2026-05-30,,
7703,銳澤,TPEX,其他電子業,其他電子業,tpex,2026-05-30,,
7704,明遠精密,TPEX,半導體業,半導體業,tpex,2026-05-30,,
7708,全家餐飲,TPEX,觀光餐旅,觀光餐旅,tpex,2026-05-30,,
7709,榮田,TPEX,電機機械,電機機械,tpex,2026-05-30,,
7712,博盛半導體,TPEX,半導體業,半導體業,tpex,2026-05-30,,
7713,威力德生醫,TPEX,生技醫療,生技醫療,tpex,2026-05-30,,
7714,創泓科技,TPEX,數位雲端,數位雲端,tpex,2026-05-30,,
7715,裕山,TPEX,綠能環保,綠能環保,tpex,2026-05-30,,
7716,昱臺國際,TPEX,航運業,航運業,tpex,2026-05-30,,
7717,萊德光電-KY,TPEX,通信網路業,通信網路業,tpex,2026-05-30,,
7718,友鋮,TPEX,鋼鐵工業,鋼鐵工業,tpex,2026-05-30,,
7723,築間,TPEX,觀光餐旅,觀光餐旅,tpex,2026-05-30,,
7728,光焱科技,TPEX,其他電子業,其他電子業,tpex,2026-05-30,,
7734,印能科技,TPEX,半導體業,半導體業,tpex,2026-05-30,,
7738,東聯互動,TPEX,數位雲端,數位雲端,tpex,2026-05-30,,
7743,金利食安,TPEX,食品工業,食品工業,tpex,2026-05-30,,
7744,崴寶,TPEX,電子零組件業,電子零組件業,tpex,2026-05-30,,
7747,昕奇雲端,TPEX,數位雲端,數位雲端,tpex,2026-05-30,,
7751,竑騰,TPEX,半導體業,半導體業,tpex,2026-05-30,,
7753,星亞,TPEX,光電業,光電業,tpex,2026-05-30,,
7757,金色三麥,TPEX,觀光餐旅,觀光餐旅,tpex,2026-05-30,,
7767,仁大資訊,TPEX,資訊服務業,資訊服務業,tpex,2026-05-30,,
7770,君曜,TPEX,半導體業,半導體業,tpex,2026-05-30,,
7772,耀穎,TPEX,半導體業,半導體業,tpex,2026-05-30,,
7777,能率亞洲,TPEX,其他,其他,tpex,2026-05-30,,
7782,光速火箭,TPEX,居家生活,居家生活,tpex,2026-05-30,,
7792,安葆,TPEX,其他電子業,其他電子業,tpex,2026-05-30,,
7794,宏碁智新,TPEX,居家生活,居家生活,tpex,2026-05-30,,
7805,威聯通,TPEX,數位雲端,數位雲端,tpex,2026-05-30,,
7810,捷創科技,TPEX,半導體業,半導體業,tpex,2026-05-30,,
7811,民盛,TPEX,運動休閒,運動休閒,tpex,2026-05-30,,
7819,精誠金融,TPEX,資訊服務業,資訊服務業,tpex,2026-05-30,,
7820,立盈,TPEX,綠能環保,綠能環保,tpex,2026-05-30,,
7828,創新服務,TPEX,半導體業,半導體業,tpex,2026-05-30,,
7842,天能綠電,TPEX,綠能環保,綠能環保,tpex,2026-05-30,,
8024,佑華,TPEX,半導體業,半導體業,tpex,2026-05-30,,
8027,鈦昇,TPEX,電機機械,電機機械,tpex,2026-05-30,,
8032,光菱,TPEX,電子通路業,電子通路業,tpex,2026-05-30,,
8034,榮群,TPEX,通信網路業,通信網路業,tpex,2026-05-30,,
8038,長園科,TPEX,電子零組件業,電子零組件業,tpex,2026-05-30,,
8040,九暘,TPEX,半導體業,半導體業,tpex,2026-05-30,,
8042,金山電,TPEX,電子零組件業,電子零組件業,tpex,2026-05-30,,
8043,蜜望實,TPEX,電子零組件業,電子零組件業,tpex,2026-05-30,,
8044,網家,TPEX,數位雲端,數位雲端,tpex,2026-05-30,,
8047,星雲,TPEX,其他電子業,其他電子業,tpex,2026-05-30,,
8048,德勝,TPEX,通信網路業,通信網路業,tpex,2026-05-30,,
8049,晶采,TPEX,光電業,光電業,tpex,2026-05-30,,
8050,廣積,TPEX,電腦及週邊設備業,電腦及週邊設備業,tpex,2026-05-30,,
8054,安國,TPEX,半導體業,半導體業,tpex,2026-05-30,,
8059,凱碩,TPEX,通信網路業,通信網路業,tpex,2026-05-30,,
8064,東捷,TPEX,光電業,光電業,tpex,2026-05-30,,
8066,來思達,TPEX,居家生活,居家生活,tpex,2026-05-30,,
8067,志旭,TPEX,電子通路業,電子通路業,tpex,2026-05-30,,
8068,全達,TPEX,電子通路業,電子通路業,tpex,2026-05-30,,
8069,元太,TPEX,光電業,光電業,tpex,2026-05-30,,
8071,能率網通,TPEX,電子零組件業,電子零組件業,tpex,2026-05-30,,
8074,鉅橡,TPEX,電子零組件業,電子零組件業,tpex,2026-05-30,,
8076,伍豐,TPEX,電腦及週邊設備業,電腦及週邊設備業,tpex,2026-05-30,,
8077,洛碁,TPEX,觀光餐旅,觀光餐旅,tpex,2026-05-30,,
8080,泰霖,TPEX,建材營造,建材營造,tpex,2026-05-30,,
8083,瑞穎,TPEX,電機機械,電機機械,tpex,2026-05-30,,
8084,巨虹,TPEX,電子通路業,電子通路業,tpex,2026-05-30,,
8085,福華,TPEX,其他電子業,其他電子業,tpex,2026-05-30,,
8086,宏捷科,TPEX,半導體業,半導體業,tpex,2026-05-30,,
8087,麗升能源,TPEX,綠能環保,綠能環保,tpex,2026-05-30,,
8088,品安,TPEX,半導體業,半導體業,tpex,2026-05-30,,
8089,康全電訊,TPEX,通信網路業,通信網路業,tpex,2026-05-30,,
8091,翔名,TPEX,半導體業,半導體業,tpex,2026-05-30,,
8092,建暐,TPEX,其他電子業,其他電子業,tpex,2026-05-30,,
8093,保銳,TPEX,電子零組件業,電子零組件業,tpex,2026-05-30,,
8096,擎亞,TPEX,電子通路業,電子通路業,tpex,2026-05-30,,
8097,常珵,TPEX,通信網路業,通信網路業,tpex,2026-05-30,,
8099,大世科,TPEX,資訊服務業,資訊服務業,tpex,2026-05-30,,
8102,傑霖科技,TPEX,半導體業,半導體業,tpex,2026-05-30,,
8107,大億金茂,TPEX,電機機械,電機機械,tpex,2026-05-30,,
8109,博大,TPEX,電子零組件業,電子零組件業,tpex,2026-05-30,,
8111,立碁,TPEX,光電業,光電業,tpex,2026-05-30,,
8121,越峰,TPEX,電子零組件業,電子零組件業,tpex,2026-05-30,,
8147,正淩,TPEX,電子零組件業,電子零組件業,tpex,2026-05-30,,
8155,博智,TPEX,電子零組件業,電子零組件業,tpex,2026-05-30,,
8171,天宇,TPEX,綠能環保,綠能環保,tpex,2026-05-30,,
8176,智捷,TPEX,通信網路業,通信網路業,tpex,2026-05-30,,
8182,加高,TPEX,電子零組件業,電子零組件業,tpex,2026-05-30,,
8183,精星,TPEX,其他電子業,其他電子業,tpex,2026-05-30,,
8227,巨有科技,TPEX,半導體業,半導體業,tpex,2026-05-30,,
8234,新漢,TPEX,電腦及週邊設備業,電腦及週邊設備業,tpex,2026-05-30,,
8240,華宏,TPEX,光電業,光電業,tpex,2026-05-30,,
8255,朋程,TPEX,電機機械,電機機械,tpex,2026-05-30,,
8272,全景軟體,TPEX,資訊服務業,資訊服務業,tpex,2026-05-30,,
8277,商丞,TPEX,半導體業,半導體業,tpex,2026-05-30,,
8279,生展,TPEX,生技醫療,生技醫療,tpex,2026-05-30,,
8284,三竹,TPEX,資訊服務業,資訊服務業,tpex,2026-05-30,,
8289,泰藝,TPEX,電子零組件業,電子零組件業,tpex,2026-05-30,,
8291,尚茂,TPEX,電子零組件業,電子零組件業,tpex,2026-05-30,,
8299,群聯,TPEX,半導體業,半導體業,tpex,2026-05-30,,
8342,益張,TPEX,其他,其他,tpex,2026-05-30,,
8349,恒耀國際,TPEX,鋼鐵工業,鋼鐵工業,tpex,2026-05-30,,
8354,冠好,TPEX,其他,其他,tpex,2026-05-30,,
8358,金居,TPEX,電子零組件業,電子零組件業,tpex,2026-05-30,,
8383,千附,TPEX,半導體業,半導體業,tpex,2026-05-30,,
8390,金益鼎,TPEX,綠能環保,綠能環保,tpex,2026-05-30,,
8401,白紗科,TPEX,其他,其他,tpex,2026-05-30,,
8403,盛弘,TPEX,生技醫療,生技醫療,tpex,2026-05-30,,
8409,商之器,TPEX,生技醫療,生技醫療,tpex,2026-05-30,,
8410,森田,TPEX,電腦及週邊設備業,電腦及週邊設備業,tpex,2026-05-30,,
8415,大國鋼,TPEX,鋼鐵工業,鋼鐵工業,tpex,2026-05-30,,
8416,實威,TPEX,資訊服務業,資訊服務業,tpex,2026-05-30,,
8421,旭源,TPEX,其他,其他,tpex,2026-05-30,,
8423,保綠-KY,TPEX,綠能環保,綠能環保,tpex,2026-05-30,,
8424,惠普,TPEX,建材營造,建材營造,tpex,2026-05-30,,
8426,紅木-KY,TPEX,其他,其他,tpex,2026-05-30,,
8431,匯鑽科,TPEX,其他電子業,其他電子業,tpex,2026-05-30,,
8432,東生華,TPEX,生技醫療,生技醫療,tpex,2026-05-30,,
8433,弘帆,TPEX,居家生活,居家生活,tpex,2026-05-30,,
8435,鉅邁,TPEX,其他,其他,tpex,2026-05-30,,
8436,大江,TPEX,生技醫療,生技醫療,tpex,2026-05-30,,
8437,大地-KY,TPEX,其他,其他,tpex,2026-05-30,,
8440,綠電,TPEX,綠能環保,綠能環保,tpex,2026-05-30,,
8444,綠河-KY,TPEX,其他,其他,tpex,2026-05-30,,
8446,華研,TPEX,文化創意業,文化創意業,tpex,2026-05-30,,
8450,霹靂,TPEX,文化創意業,文化創意業,tpex,2026-05-30,,
8455,大拓-KY,TPEX,其他電子業,其他電子業,tpex,2026-05-30,,
8472,夠麻吉,TPEX,數位雲端,數位雲端,tpex,2026-05-30,,
8477,創業家,TPEX,數位雲端,數位雲端,tpex,2026-05-30,,
8489,三貝德,TPEX,其他,其他,tpex,2026-05-30,,
8905,裕國,TPEX,其他,其他,tpex,2026-05-30,,
8906,花王,TPEX,其他,其他,tpex,2026-05-30,,
8908,欣雄,TPEX,油電燃氣業,油電燃氣業,tpex,2026-05-30,,
8916,光隆,TPEX,其他,其他,tpex,2026-05-30,,
8917,欣泰,TPEX,油電燃氣業,油電燃氣業,tpex,2026-05-30,,
8921,沈氏,TPEX,其他,其他,tpex,2026-05-30,,
8923,時報,TPEX,文化創意業,文化創意業,tpex,2026-05-30,,
8924,大田,TPEX,運動休閒,運動休閒,tpex,2026-05-30,,
8927,北基,TPEX,油電燃氣業,油電燃氣業,tpex,2026-05-30,,
8928,鉅明,TPEX,運動休閒,運動休閒,tpex,2026-05-30,,
8929,富堡,TPEX,其他,其他,tpex,2026-05-30,,
8930,青鋼,TPEX,鋼鐵工業,鋼鐵工業,tpex,2026-05-30,,
8931,大汽電,TPEX,油電燃氣業,油電燃氣業,tpex,2026-05-30,,
8932,智通*,TPEX,其他,其他,tpex,2026-05-30,,
8933,愛地雅,TPEX,運動休閒,運動休閒,tpex,2026-05-30,,
8935,邦泰,TPEX,其他,其他,tpex,2026-05-30,,
8936,國統,TPEX,其他,其他,tpex,2026-05-30,,
8937,合騏*,TPEX,其他,其他,tpex,2026-05-30,,
8938,明安,TPEX,運動休閒,運動休閒,tpex,2026-05-30,,
8941,關中,TPEX,居家生活,居家生活,tpex,2026-05-30,,
8942,森鉅,TPEX,其他,其他,tpex,2026-05-30,,
9949,琉園,TPEX,文化創意業,文化創意業,tpex,2026-05-30,,
9950,萬國通,TPEX,塑膠工業,塑膠工業,tpex,2026-05-30,,
9951,皇田,TPEX,電機機械,電機機械,tpex,2026-05-30,,
9960,邁達康,TPEX,運動休閒,運動休閒,tpex,2026-05-30,,
9962,有益,TPEX,鋼鐵工業,鋼鐵工業,tpex,2026-05-30,,
1101,台泥,TWSE,水泥工業,水泥工業,twse,2026-05-30,,
1102,亞泥,TWSE,水泥工業,水泥工業,twse,2026-05-30,,
1103,嘉泥,TWSE,水泥工業,水泥工業,twse,2026-05-30,,
1104,環泥,TWSE,水泥工業,水泥工業,twse,2026-05-30,,
1108,幸福,TWSE,水泥工業,水泥工業,twse,2026-05-30,,
1109,信大,TWSE,水泥工業,水泥工業,twse,2026-05-30,,
1110,東泥,TWSE,水泥工業,水泥工業,twse,2026-05-30,,
1201,味全,TWSE,食品工業,食品工業,twse,2026-05-30,,
1203,味王,TWSE,食品工業,食品工業,twse,2026-05-30,,
1210,大成,TWSE,食品工業,食品工業,twse,2026-05-30,,
1213,大飲,TWSE,食品工業,食品工業,twse,2026-05-30,,
1215,卜蜂,TWSE,食品工業,食品工業,twse,2026-05-30,,
1216,統一,TWSE,食品工業,食品工業,twse,2026-05-30,,
1217,愛之味,TWSE,食品工業,食品工業,twse,2026-05-30,,
1218,泰山,TWSE,食品工業,食品工業,twse,2026-05-30,,
1219,福壽,TWSE,食品工業,食品工業,twse,2026-05-30,,
1220,台榮,TWSE,食品工業,食品工業,twse,2026-05-30,,
1225,福懋油,TWSE,食品工業,食品工業,twse,2026-05-30,,
1227,佳格,TWSE,食品工業,食品工業,twse,2026-05-30,,
1229,聯華,TWSE,食品工業,食品工業,twse,2026-05-30,,
1231,聯華食,TWSE,食品工業,食品工業,twse,2026-05-30,,
1232,大統益,TWSE,食品工業,食品工業,twse,2026-05-30,,
1233,天仁,TWSE,食品工業,食品工業,twse,2026-05-30,,
1234,黑松,TWSE,食品工業,食品工業,twse,2026-05-30,,
1235,興泰,TWSE,食品工業,食品工業,twse,2026-05-30,,
1236,宏亞,TWSE,食品工業,食品工業,twse,2026-05-30,,
1301,台塑,TWSE,塑膠工業,塑膠工業,twse,2026-05-30,,
1303,南亞,TWSE,塑膠工業,塑膠工業,twse,2026-05-30,,
1304,台聚,TWSE,塑膠工業,塑膠工業,twse,2026-05-30,,
1305,華夏,TWSE,塑膠工業,塑膠工業,twse,2026-05-30,,
1307,三芳,TWSE,塑膠工業,塑膠工業,twse,2026-05-30,,
1308,亞聚,TWSE,塑膠工業,塑膠工業,twse,2026-05-30,,
1309,台達化,TWSE,塑膠工業,塑膠工業,twse,2026-05-30,,
1310,台苯,TWSE,塑膠工業,塑膠工業,twse,2026-05-30,,
1312,國喬,TWSE,塑膠工業,塑膠工業,twse,2026-05-30,,
1313,聯成,TWSE,塑膠工業,塑膠工業,twse,2026-05-30,,
1314,中石化,TWSE,塑膠工業,塑膠工業,twse,2026-05-30,,
1315,達新,TWSE,塑膠工業,塑膠工業,twse,2026-05-30,,
1316,上曜,TWSE,建材營造,建材營造,twse,2026-05-30,,
1319,東陽,TWSE,汽車工業,汽車工業,twse,2026-05-30,,
1321,大洋,TWSE,塑膠工業,塑膠工業,twse,2026-05-30,,
1323,永裕,TWSE,塑膠工業,塑膠工業,twse,2026-05-30,,
1324,地球,TWSE,塑膠工業,塑膠工業,twse,2026-05-30,,
1325,恆大,TWSE,塑膠工業,塑膠工業,twse,2026-05-30,,
1326,台化,TWSE,塑膠工業,塑膠工業,twse,2026-05-30,,
1337,再生-KY,TWSE,塑膠工業,塑膠工業,twse,2026-05-30,,
1338,廣華-KY,TWSE,汽車工業,汽車工業,twse,2026-05-30,,
1339,昭輝,TWSE,汽車工業,汽車工業,twse,2026-05-30,,
1340,勝悅-KY,TWSE,塑膠工業,塑膠工業,twse,2026-05-30,,
1341,富林-KY,TWSE,塑膠工業,塑膠工業,twse,2026-05-30,,
1342,八貫,TWSE,其他,其他,twse,2026-05-30,,
1402,遠東新,TWSE,紡織纖維,紡織纖維,twse,2026-05-30,,
1410,南染,TWSE,紡織纖維,紡織纖維,twse,2026-05-30,,
1413,宏洲,TWSE,紡織纖維,紡織纖維,twse,2026-05-30,,
1414,東和,TWSE,紡織纖維,紡織纖維,twse,2026-05-30,,
1416,廣豐,TWSE,其他,其他,twse,2026-05-30,,
1417,嘉裕,TWSE,紡織纖維,紡織纖維,twse,2026-05-30,,
1418,東華,TWSE,紡織纖維,紡織纖維,twse,2026-05-30,,
1419,新紡,TWSE,紡織纖維,紡織纖維,twse,2026-05-30,,
1423,利華,TWSE,紡織纖維,紡織纖維,twse,2026-05-30,,
1432,大魯閣,TWSE,運動休閒,運動休閒,twse,2026-05-30,,
1434,福懋,TWSE,紡織纖維,紡織纖維,twse,2026-05-30,,
1435,中福,TWSE,其他,其他,twse,2026-05-30,,
1436,華友聯,TWSE,建材營造,建材營造,twse,2026-05-30,,
1437,勤益控,TWSE,其他,其他,twse,2026-05-30,,
1438,三地開發,TWSE,建材營造,建材營造,twse,2026-05-30,,
1439,雋揚,TWSE,建材營造,建材營造,twse,2026-05-30,,
1440,南紡,TWSE,紡織纖維,紡織纖維,twse,2026-05-30,,
1441,大東,TWSE,紡織纖維,紡織纖維,twse,2026-05-30,,
1442,名軒,TWSE,建材營造,建材營造,twse,2026-05-30,,
1443,立益物流,TWSE,其他,其他,twse,2026-05-30,,
1444,力麗,TWSE,紡織纖維,紡織纖維,twse,2026-05-30,,
1445,大宇,TWSE,紡織纖維,紡織纖維,twse,2026-05-30,,
1446,宏和,TWSE,紡織纖維,紡織纖維,twse,2026-05-30,,
1447,力鵬,TWSE,紡織纖維,紡織纖維,twse,2026-05-30,,
1449,佳和,TWSE,紡織纖維,紡織纖維,twse,2026-05-30,,
1451,年興,TWSE,紡織纖維,紡織纖維,twse,2026-05-30,,
1452,宏益,TWSE,紡織纖維,紡織纖維,twse,2026-05-30,,
1453,大將,TWSE,建材營造,建材營造,twse,2026-05-30,,
1454,台富,TWSE,紡織纖維,紡織纖維,twse,2026-05-30,,
1455,集盛,TWSE,紡織纖維,紡織纖維,twse,2026-05-30,,
1456,怡華,TWSE,建材營造,建材營造,twse,2026-05-30,,
1457,宜進,TWSE,紡織纖維,紡織纖維,twse,2026-05-30,,
1459,聯發,TWSE,紡織纖維,紡織纖維,twse,2026-05-30,,
1460,宏遠,TWSE,紡織纖維,紡織纖維,twse,2026-05-30,,
1463,強盛新,TWSE,紡織纖維,紡織纖維,twse,2026-05-30,,
1464,得力,TWSE,紡織纖維,紡織纖維,twse,2026-05-30,,
1465,偉全,TWSE,紡織纖維,紡織纖維,twse,2026-05-30,,
1466,聚隆,TWSE,紡織纖維,紡織纖維,twse,2026-05-30,,
1467,南緯,TWSE,紡織纖維,紡織纖維,twse,2026-05-30,,
1468,昶和,TWSE,紡織纖維,紡織纖維,twse,2026-05-30,,
1470,大統新創,TWSE,紡織纖維,紡織纖維,twse,2026-05-30,,
1471,首利,TWSE,電子零組件業,電子零組件業,twse,2026-05-30,,
1472,三洋實業,TWSE,建材營造,建材營造,twse,2026-05-30,,
1473,台南,TWSE,紡織纖維,紡織纖維,twse,2026-05-30,,
1474,弘裕,TWSE,紡織纖維,紡織纖維,twse,2026-05-30,,
1475,業旺,TWSE,紡織纖維,紡織纖維,twse,2026-05-30,,
1476,儒鴻,TWSE,紡織纖維,紡織纖維,twse,2026-05-30,,
1477,聚陽,TWSE,紡織纖維,紡織纖維,twse,2026-05-30,,
1503,士電,TWSE,電機機械,電機機械,twse,2026-05-30,,
1504,東元,TWSE,電機機械,電機機械,twse,2026-05-30,,
1506,正道,TWSE,電機機械,電機機械,twse,2026-05-30,,
1512,瑞利,TWSE,汽車工業,汽車工業,twse,2026-05-30,,
1514,亞力,TWSE,電機機械,電機機械,twse,2026-05-30,,
1515,力山,TWSE,電機機械,電機機械,twse,2026-05-30,,
1516,川飛,TWSE,其他,其他,twse,2026-05-30,,
1517,利奇,TWSE,電機機械,電機機械,twse,2026-05-30,,
1519,華城,TWSE,電機機械,電機機械,twse,2026-05-30,,
1521,大億,TWSE,汽車工業,汽車工業,twse,2026-05-30,,
1522,堤維西,TWSE,汽車工業,汽車工業,twse,2026-05-30,,
1524,耿鼎,TWSE,汽車工業,汽車工業,twse,2026-05-30,,
1525,江申,TWSE,汽車工業,汽車工業,twse,2026-05-30,,
1526,日馳,TWSE,電機機械,電機機械,twse,2026-05-30,,
1527,鑽全,TWSE,電機機械,電機機械,twse,2026-05-30,,
1528,恩德,TWSE,電機機械,電機機械,twse,2026-05-30,,
1529,樂事綠能,TWSE,電機機械,電機機械,twse,2026-05-30,,
1531,高林股,TWSE,電機機械,電機機械,twse,2026-05-30,,
1532,勤美,TWSE,電機機械,電機機械,twse,2026-05-30,,
1535,中宇,TWSE,電機機械,電機機械,twse,2026-05-30,,
1536,和大,TWSE,汽車工業,汽車工業,twse,2026-05-30,,
1537,廣隆,TWSE,電機機械,電機機械,twse,2026-05-30,,
1538,正峰,TWSE,電機機械,電機機械,twse,2026-05-30,,
1539,巨庭,TWSE,電機機械,電機機械,twse,2026-05-30,,
1540,喬福,TWSE,電機機械,電機機械,twse,2026-05-30,,
1541,錩泰,TWSE,電機機械,電機機械,twse,2026-05-30,,
1558,伸興,TWSE,電機機械,電機機械,twse,2026-05-30,,
1560,中砂,TWSE,電機機械,電機機械,twse,2026-05-30,,
1582,信錦,TWSE,電子零組件業,電子零組件業,twse,2026-05-30,,
1587,吉茂,TWSE,汽車工業,汽車工業,twse,2026-05-30,,
1589,永冠-KY,TWSE,電機機械,電機機械,twse,2026-05-30,,
1590,亞德客-KY,TWSE,電機機械,電機機械,twse,2026-05-30,,
1597,直得,TWSE,電機機械,電機機械,twse,2026-05-30,,
1598,岱宇,TWSE,運動休閒,運動休閒,twse,2026-05-30,,
1603,華電,TWSE,電器電纜,電器電纜,twse,2026-05-30,,
1604,聲寶,TWSE,電器電纜,電器電纜,twse,2026-05-30,,
1605,華新,TWSE,電器電纜,電器電纜,twse,2026-05-30,,
1608,華榮,TWSE,電器電纜,電器電纜,twse,2026-05-30,,
1609,大亞,TWSE,電器電纜,電器電纜,twse,2026-05-30,,
1611,中電,TWSE,電器電纜,電器電纜,twse,2026-05-30,,
1612,宏泰,TWSE,電器電纜,電器電纜,twse,2026-05-30,,
1614,三洋電,TWSE,電器電纜,電器電纜,twse,2026-05-30,,
1615,大山,TWSE,電器電纜,電器電纜,twse,2026-05-30,,
1616,億泰,TWSE,電器電纜,電器電纜,twse,2026-05-30,,
1617,榮星,TWSE,電器電纜,電器電纜,twse,2026-05-30,,
1618,合機,TWSE,電器電纜,電器電纜,twse,2026-05-30,,
1623,大東電,TWSE,電器電纜,電器電纜,twse,2026-05-30,,
1626,艾美特-KY,TWSE,電器電纜,電器電纜,twse,2026-05-30,,
1702,南僑,TWSE,食品工業,食品工業,twse,2026-05-30,,
1707,葡萄王,TWSE,生技醫療業,生技醫療業,twse,2026-05-30,,
1708,東鹼,TWSE,化學工業,化學工業,twse,2026-05-30,,
1709,和益,TWSE,化學工業,化學工業,twse,2026-05-30,,
1710,東聯,TWSE,化學工業,化學工業,twse,2026-05-30,,
1711,永光,TWSE,化學工業,化學工業,twse,2026-05-30,,
1712,興農,TWSE,化學工業,化學工業,twse,2026-05-30,,
1713,國化,TWSE,化學工業,化學工業,twse,2026-05-30,,
1714,和桐,TWSE,化學工業,化學工業,twse,2026-05-30,,
1717,長興,TWSE,化學工業,化學工業,twse,2026-05-30,,
1718,中纖,TWSE,化學工業,化學工業,twse,2026-05-30,,
1720,生達,TWSE,生技醫療業,生技醫療業,twse,2026-05-30,,
1721,三晃,TWSE,化學工業,化學工業,twse,2026-05-30,,
1722,台肥,TWSE,化學工業,化學工業,twse,2026-05-30,,
1723,中碳,TWSE,化學工業,化學工業,twse,2026-05-30,,
1725,元禎,TWSE,化學工業,化學工業,twse,2026-05-30,,
1726,永記,TWSE,化學工業,化學工業,twse,2026-05-30,,
1727,中華化,TWSE,化學工業,化學工業,twse,2026-05-30,,
1730,花仙子,TWSE,化學工業,化學工業,twse,2026-05-30,,
1731,美吾華,TWSE,生技醫療業,生技醫療業,twse,2026-05-30,,
1732,毛寶,TWSE,化學工業,化學工業,twse,2026-05-30,,
1733,五鼎,TWSE,生技醫療業,生技醫療業,twse,2026-05-30,,
1734,杏輝,TWSE,生技醫療業,生技醫療業,twse,2026-05-30,,
1735,日勝化,TWSE,化學工業,化學工業,twse,2026-05-30,,
1736,喬山,TWSE,運動休閒,運動休閒,twse,2026-05-30,,
1737,臺鹽,TWSE,食品工業,食品工業,twse,2026-05-30,,
1752,南光,TWSE,生技醫療業,生技醫療業,twse,2026-05-30,,
1760,寶齡富錦,TWSE,生技醫療業,生技醫療業,twse,2026-05-30,,
1762,中化生,TWSE,生技醫療業,生技醫療業,twse,2026-05-30,,
1773,勝一,TWSE,化學工業,化學工業,twse,2026-05-30,,
1776,展宇,TWSE,化學工業,化學工業,twse,2026-05-30,,
1783,和康生,TWSE,生技醫療業,生技醫療業,twse,2026-05-30,,
1786,科妍,TWSE,生技醫療業,生技醫療業,twse,2026-05-30,,
1789,神隆,TWSE,生技醫療業,生技醫療業,twse,2026-05-30,,
1795,美時,TWSE,生技醫療業,生技醫療業,twse,2026-05-30,,
1802,台玻,TWSE,玻璃陶瓷,玻璃陶瓷,twse,2026-05-30,,
1805,寶徠,TWSE,建材營造,建材營造,twse,2026-05-30,,
1806,冠軍,TWSE,玻璃陶瓷,玻璃陶瓷,twse,2026-05-30,,
1808,潤隆,TWSE,建材營造,建材營造,twse,2026-05-30,,
1809,中釉,TWSE,玻璃陶瓷,玻璃陶瓷,twse,2026-05-30,,
1817,凱撒衛,TWSE,玻璃陶瓷,玻璃陶瓷,twse,2026-05-30,,
1903,士紙,TWSE,造紙工業,造紙工業,twse,2026-05-30,,
1904,正隆,TWSE,造紙工業,造紙工業,twse,2026-05-30,,
1905,華紙,TWSE,造紙工業,造紙工業,twse,2026-05-30,,
1906,寶隆,TWSE,造紙工業,造紙工業,twse,2026-05-30,,
1907,永豐餘,TWSE,造紙工業,造紙工業,twse,2026-05-30,,
1909,榮成,TWSE,造紙工業,造紙工業,twse,2026-05-30,,
2002,中鋼,TWSE,鋼鐵工業,鋼鐵工業,twse,2026-05-30,,
2006,東和鋼鐵,TWSE,鋼鐵工業,鋼鐵工業,twse,2026-05-30,,
2007,燁興,TWSE,鋼鐵工業,鋼鐵工業,twse,2026-05-30,,
2008,高興昌,TWSE,鋼鐵工業,鋼鐵工業,twse,2026-05-30,,
2009,第一銅,TWSE,鋼鐵工業,鋼鐵工業,twse,2026-05-30,,
2010,春源,TWSE,鋼鐵工業,鋼鐵工業,twse,2026-05-30,,
2012,春雨,TWSE,鋼鐵工業,鋼鐵工業,twse,2026-05-30,,
2013,中鋼構,TWSE,鋼鐵工業,鋼鐵工業,twse,2026-05-30,,
2014,中鴻,TWSE,鋼鐵工業,鋼鐵工業,twse,2026-05-30,,
2015,豐興,TWSE,鋼鐵工業,鋼鐵工業,twse,2026-05-30,,
2017,官田鋼,TWSE,鋼鐵工業,鋼鐵工業,twse,2026-05-30,,
2020,美亞,TWSE,鋼鐵工業,鋼鐵工業,twse,2026-05-30,,
2022,聚亨,TWSE,鋼鐵工業,鋼鐵工業,twse,2026-05-30,,
2023,燁輝,TWSE,鋼鐵工業,鋼鐵工業,twse,2026-05-30,,
2024,志聯,TWSE,鋼鐵工業,鋼鐵工業,twse,2026-05-30,,
2025,千興,TWSE,鋼鐵工業,鋼鐵工業,twse,2026-05-30,,
2027,大成鋼,TWSE,鋼鐵工業,鋼鐵工業,twse,2026-05-30,,
2028,威致,TWSE,鋼鐵工業,鋼鐵工業,twse,2026-05-30,,
2029,盛餘,TWSE,鋼鐵工業,鋼鐵工業,twse,2026-05-30,,
2031,新光鋼,TWSE,鋼鐵工業,鋼鐵工業,twse,2026-05-30,,
2032,新鋼,TWSE,鋼鐵工業,鋼鐵工業,twse,2026-05-30,,
2033,佳大,TWSE,鋼鐵工業,鋼鐵工業,twse,2026-05-30,,
2034,允強,TWSE,鋼鐵工業,鋼鐵工業,twse,2026-05-30,,
2038,海光,TWSE,鋼鐵工業,鋼鐵工業,twse,2026-05-30,,
2049,上銀,TWSE,電機機械,電機機械,twse,2026-05-30,,
2059,川湖,TWSE,電子零組件業,電子零組件業,twse,2026-05-30,,
2062,橋椿,TWSE,居家生活,居家生活,twse,2026-05-30,,
2069,運錩,TWSE,鋼鐵工業,鋼鐵工業,twse,2026-05-30,,
2072,世紀風電,TWSE,綠能環保,綠能環保,twse,2026-05-30,,
2101,南港,TWSE,橡膠工業,橡膠工業,twse,2026-05-30,,
2102,泰豐,TWSE,橡膠工業,橡膠工業,twse,2026-05-30,,
2103,台橡,TWSE,橡膠工業,橡膠工業,twse,2026-05-30,,
2104,國際中橡,TWSE,橡膠工業,橡膠工業,twse,2026-05-30,,
2105,正新,TWSE,橡膠工業,橡膠工業,twse,2026-05-30,,
2106,建大,TWSE,橡膠工業,橡膠工業,twse,2026-05-30,,
2107,厚生,TWSE,橡膠工業,橡膠工業,twse,2026-05-30,,
2108,南帝,TWSE,橡膠工業,橡膠工業,twse,2026-05-30,,
2109,華豐,TWSE,橡膠工業,橡膠工業,twse,2026-05-30,,
2114,鑫永銓,TWSE,橡膠工業,橡膠工業,twse,2026-05-30,,
2115,六暉-KY,TWSE,汽車工業,汽車工業,twse,2026-05-30,,
2201,裕隆,TWSE,汽車工業,汽車工業,twse,2026-05-30,,
2204,中華,TWSE,汽車工業,汽車工業,twse,2026-05-30,,
2206,三陽工業,TWSE,汽車工業,汽車工業,twse,2026-05-30,,
2207,和泰車,TWSE,汽車工業,汽車工業,twse,2026-05-30,,
2208,台船,TWSE,航運業,航運業,twse,2026-05-30,,
2211,長榮鋼,TWSE,鋼鐵工業,鋼鐵工業,twse,2026-05-30,,
2227,裕日車,TWSE,汽車工業,汽車工業,twse,2026-05-30,,
2228,劍麟,TWSE,汽車工業,汽車工業,twse,2026-05-30,,
2231,為升,TWSE,汽車工業,汽車工業,twse,2026-05-30,,
2236,百達-KY,TWSE,汽車工業,汽車工業,twse,2026-05-30,,
2239,英利-KY,TWSE,汽車工業,汽車工業,twse,2026-05-30,,
2241,艾姆勒,TWSE,汽車工業,汽車工業,twse,2026-05-30,,
2243,宏旭-KY,TWSE,汽車工業,汽車工業,twse,2026-05-30,,
2247,汎德永業,TWSE,汽車工業,汽車工業,twse,2026-05-30,,
2248,華勝-KY,TWSE,汽車工業,汽車工業,twse,2026-05-30,,
2250,IKKA-KY,TWSE,汽車工業,汽車工業,twse,2026-05-30,,
2254,巨鎧精密-創,TWSE,汽車工業,汽車工業,twse,2026-05-30,,
2258,鴻華先進-創,TWSE,汽車工業,汽車工業,twse,2026-05-30,,
2301,光寶科,TWSE,電腦及週邊設備業,電腦及週邊設備業,twse,2026-05-30,,
2302,麗正,TWSE,半導體業,半導體業,twse,2026-05-30,,
2303,聯電,TWSE,半導體業,半導體業,twse,2026-05-30,,
2305,全友,TWSE,電腦及週邊設備業,電腦及週邊設備業,twse,2026-05-30,,
2308,台達電,TWSE,電子零組件業,電子零組件業,twse,2026-05-30,,
2313,華通,TWSE,電子零組件業,電子零組件業,twse,2026-05-30,,
2314,台揚,TWSE,通信網路業,通信網路業,twse,2026-05-30,,
2316,楠梓電,TWSE,電子零組件業,電子零組件業,twse,2026-05-30,,
2317,鴻海,TWSE,其他電子業,其他電子業,twse,2026-05-30,,
2321,東訊,TWSE,通信網路業,通信網路業,twse,2026-05-30,,
2323,中環,TWSE,光電業,光電業,twse,2026-05-30,,
2324,仁寶,TWSE,電腦及週邊設備業,電腦及週邊設備業,twse,2026-05-30,,
2327,國巨*,TWSE,電子零組件業,電子零組件業,twse,2026-05-30,,
2328,廣宇,TWSE,電子零組件業,電子零組件業,twse,2026-05-30,,
2329,華泰,TWSE,半導體業,半導體業,twse,2026-05-30,,
2330,台積電,TWSE,半導體業,半導體業,twse,2026-05-30,,
2331,精英,TWSE,電腦及週邊設備業,電腦及週邊設備業,twse,2026-05-30,,
2332,友訊,TWSE,通信網路業,通信網路業,twse,2026-05-30,,
2337,旺宏,TWSE,半導體業,半導體業,twse,2026-05-30,,
2338,光罩,TWSE,半導體業,半導體業,twse,2026-05-30,,
2340,台亞,TWSE,半導體業,半導體業,twse,2026-05-30,,
2342,茂矽,TWSE,半導體業,半導體業,twse,2026-05-30,,
2344,華邦電,TWSE,半導體業,半導體業,twse,2026-05-30,,
2345,智邦,TWSE,通信網路業,通信網路業,twse,2026-05-30,,
2347,聯強,TWSE,電子通路業,電子通路業,twse,2026-05-30,,
2348,海悅,TWSE,其他,其他,twse,2026-05-30,,
2349,錸德,TWSE,光電業,光電業,twse,2026-05-30,,
2351,順德,TWSE,半導體業,半導體業,twse,2026-05-30,,
2354,鴻準,TWSE,其他電子業,其他電子業,twse,2026-05-30,,
2357,華碩,TWSE,電腦及週邊設備業,電腦及週邊設備業,twse,2026-05-30,,
2359,所羅門,TWSE,其他電子業,其他電子業,twse,2026-05-30,,
2360,致茂,TWSE,其他電子業,其他電子業,twse,2026-05-30,,
2362,藍天,TWSE,電腦及週邊設備業,電腦及週邊設備業,twse,2026-05-30,,
2363,矽統,TWSE,半導體業,半導體業,twse,2026-05-30,,
2364,倫飛,TWSE,電腦及週邊設備業,電腦及週邊設備業,twse,2026-05-30,,
2365,昆盈,TWSE,電腦及週邊設備業,電腦及週邊設備業,twse,2026-05-30,,
2367,燿華,TWSE,電子零組件業,電子零組件業,twse,2026-05-30,,
2368,金像電,TWSE,電子零組件業,電子零組件業,twse,2026-05-30,,
2369,菱生,TWSE,半導體業,半導體業,twse,2026-05-30,,
2371,大同,TWSE,電機機械,電機機械,twse,2026-05-30,,
2373,震旦行,TWSE,其他電子業,其他電子業,twse,2026-05-30,,
2374,佳能,TWSE,光電業,光電業,twse,2026-05-30,,
2377,微星,TWSE,電腦及週邊設備業,電腦及週邊設備業,twse,2026-05-30,,
2379,瑞昱,TWSE,半導體業,半導體業,twse,2026-05-30,,
2380,虹光,TWSE,電腦及週邊設備業,電腦及週邊設備業,twse,2026-05-30,,
2382,廣達,TWSE,電腦及週邊設備業,電腦及週邊設備業,twse,2026-05-30,,
2383,台光電,TWSE,電子零組件業,電子零組件業,twse,2026-05-30,,
2385,群光,TWSE,電子零組件業,電子零組件業,twse,2026-05-30,,
2387,精元,TWSE,電腦及週邊設備業,電腦及週邊設備業,twse,2026-05-30,,
2388,威盛,TWSE,半導體業,半導體業,twse,2026-05-30,,
2390,云辰,TWSE,其他電子業,其他電子業,twse,2026-05-30,,
2392,正崴,TWSE,電子零組件業,電子零組件業,twse,2026-05-30,,
2393,億光,TWSE,光電業,光電業,twse,2026-05-30,,
2395,研華,TWSE,電腦及週邊設備業,電腦及週邊設備業,twse,2026-05-30,,
2397,友通,TWSE,電腦及週邊設備業,電腦及週邊設備業,twse,2026-05-30,,
2399,映泰,TWSE,電腦及週邊設備業,電腦及週邊設備業,twse,2026-05-30,,
2402,毅嘉,TWSE,電子零組件業,電子零組件業,twse,2026-05-30,,
2404,漢唐,TWSE,其他電子業,其他電子業,twse,2026-05-30,,
2405,輔信,TWSE,電腦及週邊設備業,電腦及週邊設備業,twse,2026-05-30,,
2406,國碩,TWSE,光電業,光電業,twse,2026-05-30,,
2408,南亞科,TWSE,半導體業,半導體業,twse,2026-05-30,,
2409,友達,TWSE,光電業,光電業,twse,2026-05-30,,
2412,中華電,TWSE,通信網路業,通信網路業,twse,2026-05-30,,
2413,環科,TWSE,電子零組件業,電子零組件業,twse,2026-05-30,,
2414,精技,TWSE,電子通路業,電子通路業,twse,2026-05-30,,
2415,錩新,TWSE,電子零組件業,電子零組件業,twse,2026-05-30,,
2417,圓剛,TWSE,電腦及週邊設備業,電腦及週邊設備業,twse,2026-05-30,,
2419,仲琦,TWSE,通信網路業,通信網路業,twse,2026-05-30,,
2421,建準,TWSE,電子零組件業,電子零組件業,twse,2026-05-30,,
2423,固緯,TWSE,其他電子業,其他電子業,twse,2026-05-30,,
2424,隴華,TWSE,通信網路業,通信網路業,twse,2026-05-30,,
2426,鼎元,TWSE,光電業,光電業,twse,2026-05-30,,
2427,三商電,TWSE,資訊服務業,資訊服務業,twse,2026-05-30,,
2428,興勤,TWSE,電子零組件業,電子零組件業,twse,2026-05-30,,
2429,銘旺科,TWSE,光電業,光電業,twse,2026-05-30,,
2430,燦坤,TWSE,電子通路業,電子通路業,twse,2026-05-30,,
2431,聯昌,TWSE,電子零組件業,電子零組件業,twse,2026-05-30,,
2432,倚天酷碁-創,TWSE,電腦及週邊設備業,電腦及週邊設備業,twse,2026-05-30,,
2433,互盛電,TWSE,其他電子業,其他電子業,twse,2026-05-30,,
2434,統懋,TWSE,半導體業,半導體業,twse,2026-05-30,,
2436,偉詮電,TWSE,半導體業,半導體業,twse,2026-05-30,,
2439,美律,TWSE,通信網路業,通信網路業,twse,2026-05-30,,
2440,太空梭,TWSE,電子零組件業,電子零組件業,twse,2026-05-30,,
2441,超豐,TWSE,半導體業,半導體業,twse,2026-05-30,,
2442,新美齊,TWSE,建材營造,建材營造,twse,2026-05-30,,
2444,兆勁,TWSE,通信網路業,通信網路業,twse,2026-05-30,,
2449,京元電子,TWSE,半導體業,半導體業,twse,2026-05-30,,
2450,神腦,TWSE,通信網路業,通信網路業,twse,2026-05-30,,
2451,創見,TWSE,半導體業,半導體業,twse,2026-05-30,,
2454,聯發科,TWSE,半導體業,半導體業,twse,2026-05-30,,
2455,全新,TWSE,通信網路業,通信網路業,twse,2026-05-30,,
2457,飛宏,TWSE,電子零組件業,電子零組件業,twse,2026-05-30,,
2458,義隆,TWSE,半導體業,半導體業,twse,2026-05-30,,
2459,敦吉,TWSE,其他電子業,其他電子業,twse,2026-05-30,,
2460,建通,TWSE,電子零組件業,電子零組件業,twse,2026-05-30,,
2461,光群雷,TWSE,其他電子業,其他電子業,twse,2026-05-30,,
2462,良得電,TWSE,電子零組件業,電子零組件業,twse,2026-05-30,,
2465,麗臺,TWSE,電腦及週邊設備業,電腦及週邊設備業,twse,2026-05-30,,
2466,冠西電,TWSE,光電業,光電業,twse,2026-05-30,,
2467,志聖,TWSE,電子零組件業,電子零組件業,twse,2026-05-30,,
2468,華經,TWSE,資訊服務業,資訊服務業,twse,2026-05-30,,
2471,資通,TWSE,資訊服務業,資訊服務業,twse,2026-05-30,,
2472,立隆電,TWSE,電子零組件業,電子零組件業,twse,2026-05-30,,
2474,可成,TWSE,其他電子業,其他電子業,twse,2026-05-30,,
2476,鉅祥,TWSE,電子零組件業,電子零組件業,twse,2026-05-30,,
2477,美隆電,TWSE,其他電子業,其他電子業,twse,2026-05-30,,
2480,敦陽科,TWSE,資訊服務業,資訊服務業,twse,2026-05-30,,
2481,強茂,TWSE,半導體業,半導體業,twse,2026-05-30,,
2482,連宇,TWSE,其他電子業,其他電子業,twse,2026-05-30,,
2483,百容,TWSE,電子零組件業,電子零組件業,twse,2026-05-30,,
2484,希華,TWSE,電子零組件業,電子零組件業,twse,2026-05-30,,
2485,兆赫,TWSE,通信網路業,通信網路業,twse,2026-05-30,,
2486,一詮,TWSE,光電業,光電業,twse,2026-05-30,,
2488,漢平,TWSE,其他電子業,其他電子業,twse,2026-05-30,,
2489,瑞軒,TWSE,光電業,光電業,twse,2026-05-30,,
2491,吉祥全,TWSE,光電業,光電業,twse,2026-05-30,,
2492,華新科,TWSE,電子零組件業,電子零組件業,twse,2026-05-30,,
2493,揚博,TWSE,電子零組件業,電子零組件業,twse,2026-05-30,,
2495,普安,TWSE,電腦及週邊設備業,電腦及週邊設備業,twse,2026-05-30,,
2496,卓越,TWSE,其他,其他,twse,2026-05-30,,
2497,怡利電,TWSE,汽車工業,汽車工業,twse,2026-05-30,,
2498,宏達電,TWSE,通信網路業,通信網路業,twse,2026-05-30,,
2501,國建,TWSE,建材營造,建材營造,twse,2026-05-30,,
2504,國產,TWSE,建材營造,建材營造,twse,2026-05-30,,
2505,國揚,TWSE,建材營造,建材營造,twse,2026-05-30,,
2506,太設,TWSE,建材營造,建材營造,twse,2026-05-30,,
2509,全坤建,TWSE,建材營造,建材營造,twse,2026-05-30,,
2511,太子,TWSE,建材營造,建材營造,twse,2026-05-30,,
2514,龍邦,TWSE,其他,其他,twse,2026-05-30,,
2515,中工,TWSE,建材營造,建材營造,twse,2026-05-30,,
2516,新建,TWSE,建材營造,建材營造,twse,2026-05-30,,
2520,冠德,TWSE,建材營造,建材營造,twse,2026-05-30,,
2524,京城,TWSE,建材營造,建材營造,twse,2026-05-30,,
2527,宏璟,TWSE,建材營造,建材營造,twse,2026-05-30,,
2528,皇普,TWSE,建材營造,建材營造,twse,2026-05-30,,
2530,華建,TWSE,建材營造,建材營造,twse,2026-05-30,,
2534,宏盛,TWSE,建材營造,建材營造,twse,2026-05-30,,
2535,達欣工,TWSE,建材營造,建材營造,twse,2026-05-30,,
2536,宏普,TWSE,建材營造,建材營造,twse,2026-05-30,,
2537,聯上發,TWSE,建材營造,建材營造,twse,2026-05-30,,
2538,基泰,TWSE,建材營造,建材營造,twse,2026-05-30,,
2539,櫻花建,TWSE,建材營造,建材營造,twse,2026-05-30,,
2540,愛山林,TWSE,建材營造,建材營造,twse,2026-05-30,,
2542,興富發,TWSE,建材營造,建材營造,twse,2026-05-30,,
2543,皇昌,TWSE,建材營造,建材營造,twse,2026-05-30,,
2545,皇翔,TWSE,建材營造,建材營造,twse,2026-05-30,,
2546,根基,TWSE,建材營造,建材營造,twse,2026-05-30,,
2547,日勝生,TWSE,建材營造,建材營造,twse,2026-05-30,,
2548,華固,TWSE,建材營造,建材營造,twse,2026-05-30,,
2597,潤弘,TWSE,建材營造,建材營造,twse,2026-05-30,,
2601,益航,TWSE,貿易百貨,貿易百貨,twse,2026-05-30,,
2603,長榮,TWSE,航運業,航運業,twse,2026-05-30,,
2605,新興,TWSE,航運業,航運業,twse,2026-05-30,,
2607,榮運,TWSE,航運業,航運業,twse,2026-05-30,,
2608,嘉里大榮,TWSE,航運業,航運業,twse,2026-05-30,,
2609,陽明,TWSE,航運業,航運業,twse,2026-05-30,,
2610,華航,TWSE,航運業,航運業,twse,2026-05-30,,
2611,志信,TWSE,航運業,航運業,twse,2026-05-30,,
2612,中航,TWSE,航運業,航運業,twse,2026-05-30,,
2613,中櫃,TWSE,航運業,航運業,twse,2026-05-30,,
2614,東森,TWSE,其他,其他,twse,2026-05-30,,
2615,萬海,TWSE,航運業,航運業,twse,2026-05-30,,
2616,山隆,TWSE,油電燃氣業,油電燃氣業,twse,2026-05-30,,
2617,台航,TWSE,航運業,航運業,twse,2026-05-30,,
2618,長榮航,TWSE,航運業,航運業,twse,2026-05-30,,
2630,亞航,TWSE,航運業,航運業,twse,2026-05-30,,
2633,台灣高鐵,TWSE,航運業,航運業,twse,2026-05-30,,
2634,漢翔,TWSE,航運業,航運業,twse,2026-05-30,,
2636,台驊控股,TWSE,航運業,航運業,twse,2026-05-30,,
2637,慧洋-KY,TWSE,航運業,航運業,twse,2026-05-30,,
2642,宅配通,TWSE,航運業,航運業,twse,2026-05-30,,
2645,長榮航太,TWSE,航運業,航運業,twse,2026-05-30,,
2646,星宇航空,TWSE,航運業,航運業,twse,2026-05-30,,
2701,萬企,TWSE,觀光餐旅,觀光餐旅,twse,2026-05-30,,
2702,華園,TWSE,觀光餐旅,觀光餐旅,twse,2026-05-30,,
2704,國賓,TWSE,觀光餐旅,觀光餐旅,twse,2026-05-30,,
2705,六福,TWSE,觀光餐旅,觀光餐旅,twse,2026-05-30,,
2706,第一店,TWSE,觀光餐旅,觀光餐旅,twse,2026-05-30,,
2707,晶華,TWSE,觀光餐旅,觀光餐旅,twse,2026-05-30,,
2712,遠雄來,TWSE,觀光餐旅,觀光餐旅,twse,2026-05-30,,
2722,夏都,TWSE,觀光餐旅,觀光餐旅,twse,2026-05-30,,
2723,美食-KY,TWSE,觀光餐旅,觀光餐旅,twse,2026-05-30,,
2727,王品,TWSE,觀光餐旅,觀光餐旅,twse,2026-05-30,,
2731,雄獅,TWSE,觀光餐旅,觀光餐旅,twse,2026-05-30,,
2739,寒舍,TWSE,觀光餐旅,觀光餐旅,twse,2026-05-30,,
2748,雲品,TWSE,觀光餐旅,觀光餐旅,twse,2026-05-30,,
2753,八方雲集,TWSE,觀光餐旅,觀光餐旅,twse,2026-05-30,,
2762,世界健身-KY,TWSE,運動休閒,運動休閒,twse,2026-05-30,,
2801,彰銀,TWSE,金融保險,金融保險,twse,2026-05-30,,
2812,台中銀,TWSE,金融保險,金融保險,twse,2026-05-30,,
2816,旺旺保,TWSE,金融保險,金融保險,twse,2026-05-30,,
2820,華票,TWSE,金融保險,金融保險,twse,2026-05-30,,
2832,台產,TWSE,金融保險,金融保險,twse,2026-05-30,,
2834,臺企銀,TWSE,金融保險,金融保險,twse,2026-05-30,,
2836,高雄銀,TWSE,金融保險,金融保險,twse,2026-05-30,,
2838,聯邦銀,TWSE,金融保險,金融保險,twse,2026-05-30,,
2845,遠東銀,TWSE,金融保險,金融保險,twse,2026-05-30,,
2849,安泰銀,TWSE,金融保險,金融保險,twse,2026-05-30,,
2850,新產,TWSE,金融保險,金融保險,twse,2026-05-30,,
2851,中再保,TWSE,金融保險,金融保險,twse,2026-05-30,,
2852,第一保,TWSE,金融保險,金融保險,twse,2026-05-30,,
2855,統一證,TWSE,金融保險,金融保險,twse,2026-05-30,,
2867,三商壽,TWSE,金融保險,金融保險,twse,2026-05-30,,
2880,華南金,TWSE,金融保險,金融保險,twse,2026-05-30,,
2882,國泰金,TWSE,金融保險,金融保險,twse,2026-05-30,,
2883,凱基金,TWSE,金融保險,金融保險,twse,2026-05-30,,
2884,玉山金,TWSE,金融保險,金融保險,twse,2026-05-30,,
2885,元大金,TWSE,金融保險,金融保險,twse,2026-05-30,,
2886,兆豐金,TWSE,金融保險,金融保險,twse,2026-05-30,,
2887,台新新光金,TWSE,金融保險,金融保險,twse,2026-05-30,,
2889,國票金,TWSE,金融保險,金融保險,twse,2026-05-30,,
2890,永豐金,TWSE,金融保險,金融保險,twse,2026-05-30,,
2891,中信金,TWSE,金融保險,金融保險,twse,2026-05-30,,
2892,第一金,TWSE,金融保險,金融保險,twse,2026-05-30,,
2897,王道銀行,TWSE,金融保險,金融保險,twse,2026-05-30,,
2901,欣欣,TWSE,貿易百貨,貿易百貨,twse,2026-05-30,,
2903,遠百,TWSE,貿易百貨,貿易百貨,twse,2026-05-30,,
2904,匯僑,TWSE,其他,其他,twse,2026-05-30,,
2905,三商,TWSE,貿易百貨,貿易百貨,twse,2026-05-30,,
2906,高林,TWSE,貿易百貨,貿易百貨,twse,2026-05-30,,
2908,特力,TWSE,貿易百貨,貿易百貨,twse,2026-05-30,,
2910,統領,TWSE,貿易百貨,貿易百貨,twse,2026-05-30,,
2911,麗嬰房,TWSE,貿易百貨,貿易百貨,twse,2026-05-30,,
2912,統一超,TWSE,貿易百貨,貿易百貨,twse,2026-05-30,,
2913,農林,TWSE,貿易百貨,貿易百貨,twse,2026-05-30,,
2915,潤泰全,TWSE,貿易百貨,貿易百貨,twse,2026-05-30,,
2923,鼎固-KY,TWSE,建材營造,建材營造,twse,2026-05-30,,
2929,淘帝-KY,TWSE,貿易百貨,貿易百貨,twse,2026-05-30,,
2939,永邑-KY,TWSE,貿易百貨,貿易百貨,twse,2026-05-30,,
2945,三商家購,TWSE,貿易百貨,貿易百貨,twse,2026-05-30,,
3002,歐格,TWSE,電腦及週邊設備業,電腦及週邊設備業,twse,2026-05-30,,
3003,健和興,TWSE,電子零組件業,電子零組件業,twse,2026-05-30,,
3004,豐達科,TWSE,鋼鐵工業,鋼鐵工業,twse,2026-05-30,,
3005,神基,TWSE,電腦及週邊設備業,電腦及週邊設備業,twse,2026-05-30,,
3006,晶豪科,TWSE,半導體業,半導體業,twse,2026-05-30,,
3008,大立光,TWSE,光電業,光電業,twse,2026-05-30,,
3010,華立,TWSE,電子通路業,電子通路業,twse,2026-05-30,,
3011,今皓,TWSE,電子零組件業,電子零組件業,twse,2026-05-30,,
3013,晟銘電,TWSE,電腦及週邊設備業,電腦及週邊設備業,twse,2026-05-30,,
3015,全漢,TWSE,電子零組件業,電子零組件業,twse,2026-05-30,,
3016,嘉晶,TWSE,半導體業,半導體業,twse,2026-05-30,,
3017,奇鋐,TWSE,電腦及週邊設備業,電腦及週邊設備業,twse,2026-05-30,,
3018,隆銘綠能,TWSE,其他電子業,其他電子業,twse,2026-05-30,,
3019,亞光,TWSE,光電業,光電業,twse,2026-05-30,,
3021,鴻名,TWSE,電子零組件業,電子零組件業,twse,2026-05-30,,
3022,威強電,TWSE,電腦及週邊設備業,電腦及週邊設備業,twse,2026-05-30,,
3023,信邦,TWSE,電子零組件業,電子零組件業,twse,2026-05-30,,
3025,星通,TWSE,通信網路業,通信網路業,twse,2026-05-30,,
3026,禾伸堂,TWSE,電子零組件業,電子零組件業,twse,2026-05-30,,
3027,盛達,TWSE,通信網路業,通信網路業,twse,2026-05-30,,
3028,增你強,TWSE,電子通路業,電子通路業,twse,2026-05-30,,
3029,零壹,TWSE,資訊服務業,資訊服務業,twse,2026-05-30,,
3030,德律,TWSE,其他電子業,其他電子業,twse,2026-05-30,,
3031,佰鴻,TWSE,光電業,光電業,twse,2026-05-30,,
3032,偉訓,TWSE,電子零組件業,電子零組件業,twse,2026-05-30,,
3034,聯詠,TWSE,半導體業,半導體業,twse,2026-05-30,,
3035,智原,TWSE,半導體業,半導體業,twse,2026-05-30,,
3036,文曄,TWSE,電子通路業,電子通路業,twse,2026-05-30,,
3037,欣興,TWSE,電子零組件業,電子零組件業,twse,2026-05-30,,
3038,全台,TWSE,光電業,光電業,twse,2026-05-30,,
3040,遠見,TWSE,其他,其他,twse,2026-05-30,,
3041,揚智,TWSE,半導體業,半導體業,twse,2026-05-30,,
3043,科風,TWSE,其他電子業,其他電子業,twse,2026-05-30,,
3044,健鼎,TWSE,電子零組件業,電子零組件業,twse,2026-05-30,,
3045,台灣大,TWSE,通信網路業,通信網路業,twse,2026-05-30,,
3046,建碁,TWSE,電腦及週邊設備業,電腦及週邊設備業,twse,2026-05-30,,
3047,訊舟,TWSE,通信網路業,通信網路業,twse,2026-05-30,,
3049,精金,TWSE,光電業,光電業,twse,2026-05-30,,
3050,鈺德,TWSE,光電業,光電業,twse,2026-05-30,,
3051,力特,TWSE,光電業,光電業,twse,2026-05-30,,
3052,夆典,TWSE,建材營造,建材營造,twse,2026-05-30,,
3054,立萬利,TWSE,食品工業,食品工業,twse,2026-05-30,,
3055,蔚華科,TWSE,電子通路業,電子通路業,twse,2026-05-30,,
3056,富華新,TWSE,建材營造,建材營造,twse,2026-05-30,,
3057,喬鼎,TWSE,電腦及週邊設備業,電腦及週邊設備業,twse,2026-05-30,,
3058,立德,TWSE,電子零組件業,電子零組件業,twse,2026-05-30,,
3060,銘異,TWSE,電腦及週邊設備業,電腦及週邊設備業,twse,2026-05-30,,
3062,建漢,TWSE,通信網路業,通信網路業,twse,2026-05-30,,
3090,日電貿,TWSE,電子零組件業,電子零組件業,twse,2026-05-30,,
3092,鴻碩,TWSE,電子零組件業,電子零組件業,twse,2026-05-30,,
3094,聯傑,TWSE,半導體業,半導體業,twse,2026-05-30,,
3130,一零四,TWSE,數位雲端,數位雲端,twse,2026-05-30,,
3135,凌航,TWSE,半導體業,半導體業,twse,2026-05-30,,
3138,耀登,TWSE,通信網路業,通信網路業,twse,2026-05-30,,
3150,鈺寶-創,TWSE,半導體業,半導體業,twse,2026-05-30,,
3164,景岳,TWSE,生技醫療業,生技醫療業,twse,2026-05-30,,
3167,大量,TWSE,電機機械,電機機械,twse,2026-05-30,,
3168,眾福科,TWSE,光電業,光電業,twse,2026-05-30,,
3189,景碩,TWSE,半導體業,半導體業,twse,2026-05-30,,
3209,全科,TWSE,電子通路業,電子通路業,twse,2026-05-30,,
3229,晟鈦,TWSE,電子零組件業,電子零組件業,twse,2026-05-30,,
3231,緯創,TWSE,電腦及週邊設備業,電腦及週邊設備業,twse,2026-05-30,,
3266,昇陽,TWSE,建材營造,建材營造,twse,2026-05-30,,
3296,勝德,TWSE,電子零組件業,電子零組件業,twse,2026-05-30,,
3308,聯德,TWSE,電子零組件業,電子零組件業,twse,2026-05-30,,
3312,弘憶股,TWSE,電子通路業,電子通路業,twse,2026-05-30,,
3321,同泰,TWSE,電子零組件業,電子零組件業,twse,2026-05-30,,
3338,泰碩,TWSE,電子零組件業,電子零組件業,twse,2026-05-30,,
3346,麗清,TWSE,汽車工業,汽車工業,twse,2026-05-30,,
3356,奇偶,TWSE,光電業,光電業,twse,2026-05-30,,
3376,新日興,TWSE,電子零組件業,電子零組件業,twse,2026-05-30,,
3380,明泰,TWSE,通信網路業,通信網路業,twse,2026-05-30,,
3406,玉晶光,TWSE,光電業,光電業,twse,2026-05-30,,
3413,京鼎,TWSE,半導體業,半導體業,twse,2026-05-30,,
3419,譁裕,TWSE,通信網路業,通信網路業,twse,2026-05-30,,
3432,台端,TWSE,電子零組件業,電子零組件業,twse,2026-05-30,,
3437,榮創,TWSE,光電業,光電業,twse,2026-05-30,,
3443,創意,TWSE,半導體業,半導體業,twse,2026-05-30,,
3447,展達,TWSE,通信網路業,通信網路業,twse,2026-05-30,,
3450,聯鈞,TWSE,半導體業,半導體業,twse,2026-05-30,,
3481,群創,TWSE,光電業,光電業,twse,2026-05-30,,
3494,誠研,TWSE,電腦及週邊設備業,電腦及週邊設備業,twse,2026-05-30,,
3501,維熹,TWSE,電子零組件業,電子零組件業,twse,2026-05-30,,
3515,華擎,TWSE,電腦及週邊設備業,電腦及週邊設備業,twse,2026-05-30,,
3518,柏騰,TWSE,其他電子業,其他電子業,twse,2026-05-30,,
3528,安馳,TWSE,電子通路業,電子通路業,twse,2026-05-30,,
3530,晶相光,TWSE,半導體業,半導體業,twse,2026-05-30,,
3532,台勝科,TWSE,半導體業,半導體業,twse,2026-05-30,,
3533,嘉澤,TWSE,電子零組件業,電子零組件業,twse,2026-05-30,,
3535,晶彩科,TWSE,光電業,光電業,twse,2026-05-30,,
3543,州巧,TWSE,光電業,光電業,twse,2026-05-30,,
3545,敦泰,TWSE,半導體業,半導體業,twse,2026-05-30,,
3550,聯穎,TWSE,電子零組件業,電子零組件業,twse,2026-05-30,,
3557,嘉威,TWSE,居家生活,居家生活,twse,2026-05-30,,
3563,牧德,TWSE,光電業,光電業,twse,2026-05-30,,
3576,聯合再生,TWSE,光電業,光電業,twse,2026-05-30,,
3583,辛耘,TWSE,半導體業,半導體業,twse,2026-05-30,,
3588,通嘉,TWSE,半導體業,半導體業,twse,2026-05-30,,
3591,艾笛森,TWSE,光電業,光電業,twse,2026-05-30,,
3592,瑞鼎,TWSE,半導體業,半導體業,twse,2026-05-30,,
3593,力銘,TWSE,電子零組件業,電子零組件業,twse,2026-05-30,,
3596,智易,TWSE,通信網路業,通信網路業,twse,2026-05-30,,
3605,宏致,TWSE,電子零組件業,電子零組件業,twse,2026-05-30,,
3607,谷崧,TWSE,電子零組件業,電子零組件業,twse,2026-05-30,,
3622,洋華,TWSE,光電業,光電業,twse,2026-05-30,,
3645,達邁,TWSE,電子零組件業,電子零組件業,twse,2026-05-30,,
3652,精聯,TWSE,電腦及週邊設備業,電腦及週邊設備業,twse,2026-05-30,,
3653,健策,TWSE,電子零組件業,電子零組件業,twse,2026-05-30,,
3661,世芯-KY,TWSE,半導體業,半導體業,twse,2026-05-30,,
3665,貿聯-KY,TWSE,其他電子業,其他電子業,twse,2026-05-30,,
3669,圓展,TWSE,通信網路業,通信網路業,twse,2026-05-30,,
3673,TPK-KY,TWSE,光電業,光電業,twse,2026-05-30,,
3679,新至陞,TWSE,電子零組件業,電子零組件業,twse,2026-05-30,,
3686,達能,TWSE,半導體業,半導體業,twse,2026-05-30,,
3701,大眾控,TWSE,電腦及週邊設備業,電腦及週邊設備業,twse,2026-05-30,,
3702,大聯大,TWSE,電子通路業,電子通路業,twse,2026-05-30,,
3703,欣陸,TWSE,建材營造,建材營造,twse,2026-05-30,,
3705,永信,TWSE,生技醫療業,生技醫療業,twse,2026-05-30,,
3706,神達,TWSE,電腦及週邊設備業,電腦及週邊設備業,twse,2026-05-30,,
3708,上緯投控,TWSE,綠能環保,綠能環保,twse,2026-05-30,,
3711,日月光投控,TWSE,半導體業,半導體業,twse,2026-05-30,,
3712,永崴投控,TWSE,電腦及週邊設備業,電腦及週邊設備業,twse,2026-05-30,,
3714,富采,TWSE,光電業,光電業,twse,2026-05-30,,
3715,定穎投控,TWSE,電子零組件業,電子零組件業,twse,2026-05-30,,
3716,中化控股,TWSE,生技醫療業,生技醫療業,twse,2026-05-30,,
3717,聯嘉投控,TWSE,汽車工業,汽車工業,twse,2026-05-30,,
4104,佳醫,TWSE,生技醫療業,生技醫療業,twse,2026-05-30,,
4106,雃博,TWSE,生技醫療業,生技醫療業,twse,2026-05-30,,
4108,懷特,TWSE,生技醫療業,生技醫療業,twse,2026-05-30,,
4119,旭富,TWSE,生技醫療業,生技醫療業,twse,2026-05-30,,
4133,亞諾法,TWSE,生技醫療業,生技醫療業,twse,2026-05-30,,
4137,麗豐-KY,TWSE,生技醫療業,生技醫療業,twse,2026-05-30,,
4142,國光生,TWSE,生技醫療業,生技醫療業,twse,2026-05-30,,
4148,全宇生技-KY,TWSE,生技醫療業,生技醫療業,twse,2026-05-30,,
4155,訊映,TWSE,生技醫療業,生技醫療業,twse,2026-05-30,,
4164,承業醫,TWSE,生技醫療業,生技醫療業,twse,2026-05-30,,
4169,泰宗,TWSE,生技醫療業,生技醫療業,twse,2026-05-30,,
4178,永笙-KY,TWSE,生技醫療業,生技醫療業,twse,2026-05-30,,
4190,佐登-KY,TWSE,生技醫療業,生技醫療業,twse,2026-05-30,,
4195,基米-創,TWSE,生技醫療業,生技醫療業,twse,2026-05-30,,
4306,炎洲,TWSE,塑膠工業,塑膠工業,twse,2026-05-30,,
4414,如興,TWSE,紡織纖維,紡織纖維,twse,2026-05-30,,
4426,利勤,TWSE,紡織纖維,紡織纖維,twse,2026-05-30,,
4438,廣越,TWSE,紡織纖維,紡織纖維,twse,2026-05-30,,
4439,冠星-KY,TWSE,紡織纖維,紡織纖維,twse,2026-05-30,,
4440,宜新實業,TWSE,紡織纖維,紡織纖維,twse,2026-05-30,,
4441,振大環球,TWSE,紡織纖維,紡織纖維,twse,2026-05-30,,
4526,東台,TWSE,電機機械,電機機械,twse,2026-05-30,,
4532,瑞智,TWSE,電機機械,電機機械,twse,2026-05-30,,
4536,拓凱,TWSE,運動休閒,運動休閒,twse,2026-05-30,,
4540,全球傳動,TWSE,電機機械,電機機械,twse,2026-05-30,,
4545,銘鈺,TWSE,電子零組件業,電子零組件業,twse,2026-05-30,,
4551,智伸科,TWSE,汽車工業,汽車工業,twse,2026-05-30,,
4552,力達-KY,TWSE,電機機械,電機機械,twse,2026-05-30,,
4557,永新-KY,TWSE,汽車工業,汽車工業,twse,2026-05-30,,
4560,強信-KY,TWSE,電機機械,電機機械,twse,2026-05-30,,
4564,元翎,TWSE,電機機械,電機機械,twse,2026-05-30,,
4566,時碩工業,TWSE,電機機械,電機機械,twse,2026-05-30,,
4569,六方科-KY,TWSE,汽車工業,汽車工業,twse,2026-05-30,,
4572,駐龍,TWSE,電機機械,電機機械,twse,2026-05-30,,
4576,大銀微系統,TWSE,電機機械,電機機械,twse,2026-05-30,,
4581,光隆精密-KY,TWSE,汽車工業,汽車工業,twse,2026-05-30,,
4582,聚恆-創,TWSE,綠能環保,綠能環保,twse,2026-05-30,,
4583,台灣精銳,TWSE,電機機械,電機機械,twse,2026-05-30,,
4585,達明,TWSE,其他電子業,其他電子業,twse,2026-05-30,,
4588,玖鼎電力,TWSE,其他電子業,其他電子業,twse,2026-05-30,,
4590,富田-創,TWSE,電機機械,電機機械,twse,2026-05-30,,
4720,德淵,TWSE,化學工業,化學工業,twse,2026-05-30,,
4722,國精化,TWSE,化學工業,化學工業,twse,2026-05-30,,
4736,泰博,TWSE,生技醫療業,生技醫療業,twse,2026-05-30,,
4737,華廣,TWSE,生技醫療業,生技醫療業,twse,2026-05-30,,
4739,康普,TWSE,化學工業,化學工業,twse,2026-05-30,,
4746,台耀,TWSE,生技醫療業,生技醫療業,twse,2026-05-30,,
4755,三福化,TWSE,化學工業,化學工業,twse,2026-05-30,,
4763,材料*-KY,TWSE,化學工業,化學工業,twse,2026-05-30,,
4764,雙鍵,TWSE,化學工業,化學工業,twse,2026-05-30,,
4766,南寶,TWSE,化學工業,化學工業,twse,2026-05-30,,
4770,上品,TWSE,化學工業,化學工業,twse,2026-05-30,,
4771,望隼,TWSE,生技醫療業,生技醫療業,twse,2026-05-30,,
4807,日成-KY,TWSE,貿易百貨,貿易百貨,twse,2026-05-30,,
4904,遠傳,TWSE,通信網路業,通信網路業,twse,2026-05-30,,
4906,正文,TWSE,通信網路業,通信網路業,twse,2026-05-30,,
4912,聯德控股-KY,TWSE,電子零組件業,電子零組件業,twse,2026-05-30,,
4915,致伸,TWSE,電子零組件業,電子零組件業,twse,2026-05-30,,
4919,新唐,TWSE,半導體業,半導體業,twse,2026-05-30,,
4927,泰鼎-KY,TWSE,電子零組件業,電子零組件業,twse,2026-05-30,,
4930,燦星網,TWSE,電器電纜,電器電纜,twse,2026-05-30,,
4934,太極,TWSE,光電業,光電業,twse,2026-05-30,,
4935,茂林-KY,TWSE,光電業,光電業,twse,2026-05-30,,
4938,和碩,TWSE,電腦及週邊設備業,電腦及週邊設備業,twse,2026-05-30,,
4942,嘉彰,TWSE,光電業,光電業,twse,2026-05-30,,
4943,康控-KY,TWSE,電子零組件業,電子零組件業,twse,2026-05-30,,
4949,有成精密,TWSE,光電業,光電業,twse,2026-05-30,,
4956,光鋐,TWSE,光電業,光電業,twse,2026-05-30,,
4958,臻鼎-KY,TWSE,電子零組件業,電子零組件業,twse,2026-05-30,,
4960,誠美材,TWSE,光電業,光電業,twse,2026-05-30,,
4961,天鈺,TWSE,半導體業,半導體業,twse,2026-05-30,,
4967,十銓,TWSE,半導體業,半導體業,twse,2026-05-30,,
4968,立積,TWSE,半導體業,半導體業,twse,2026-05-30,,
4976,佳凌,TWSE,光電業,光電業,twse,2026-05-30,,
4977,眾達-KY,TWSE,通信網路業,通信網路業,twse,2026-05-30,,
4989,榮科,TWSE,電子零組件業,電子零組件業,twse,2026-05-30,,
4994,傳奇,TWSE,資訊服務業,資訊服務業,twse,2026-05-30,,
4999,鑫禾,TWSE,電子零組件業,電子零組件業,twse,2026-05-30,,
5007,三星,TWSE,鋼鐵工業,鋼鐵工業,twse,2026-05-30,,
5203,訊連,TWSE,資訊服務業,資訊服務業,twse,2026-05-30,,
5215,科嘉-KY,TWSE,電腦及週邊設備業,電腦及週邊設備業,twse,2026-05-30,,
5222,全訊,TWSE,半導體業,半導體業,twse,2026-05-30,,
5225,東科-KY,TWSE,其他電子業,其他電子業,twse,2026-05-30,,
5234,達興材料,TWSE,光電業,光電業,twse,2026-05-30,,
5243,乙盛-KY,TWSE,光電業,光電業,twse,2026-05-30,,
5244,弘凱,TWSE,光電業,光電業,twse,2026-05-30,,
5258,虹堡,TWSE,電腦及週邊設備業,電腦及週邊設備業,twse,2026-05-30,,
5269,祥碩,TWSE,半導體業,半導體業,twse,2026-05-30,,
5283,禾聯碩,TWSE,電器電纜,電器電纜,twse,2026-05-30,,
5284,jpp-KY,TWSE,其他,其他,twse,2026-05-30,,
5288,豐祥-KY,TWSE,電機機械,電機機械,twse,2026-05-30,,
5292,華懋,TWSE,綠能環保,綠能環保,twse,2026-05-30,,
5306,桂盟,TWSE,運動休閒,運動休閒,twse,2026-05-30,,
5388,中磊,TWSE,通信網路業,通信網路業,twse,2026-05-30,,
5434,崇越,TWSE,電子通路業,電子通路業,twse,2026-05-30,,
5469,瀚宇博,TWSE,電子零組件業,電子零組件業,twse,2026-05-30,,
5471,松翰,TWSE,半導體業,半導體業,twse,2026-05-30,,
5484,慧友,TWSE,光電業,光電業,twse,2026-05-30,,
5515,建國,TWSE,建材營造,建材營造,twse,2026-05-30,,
5519,隆大,TWSE,建材營造,建材營造,twse,2026-05-30,,
5521,工信,TWSE,建材營造,建材營造,twse,2026-05-30,,
5522,遠雄,TWSE,建材營造,建材營造,twse,2026-05-30,,
5525,順天,TWSE,建材營造,建材營造,twse,2026-05-30,,
5531,鄉林,TWSE,建材營造,建材營造,twse,2026-05-30,,
5533,皇鼎,TWSE,建材營造,建材營造,twse,2026-05-30,,
5534,長虹,TWSE,建材營造,建材營造,twse,2026-05-30,,
5538,東明-KY,TWSE,鋼鐵工業,鋼鐵工業,twse,2026-05-30,,
5546,永固-KY,TWSE,建材營造,建材營造,twse,2026-05-30,,
5607,遠雄港,TWSE,航運業,航運業,twse,2026-05-30,,
5608,四維航,TWSE,航運業,航運業,twse,2026-05-30,,
5706,鳳凰,TWSE,觀光餐旅,觀光餐旅,twse,2026-05-30,,
5871,中租-KY,TWSE,其他,其他,twse,2026-05-30,,
5876,上海商銀,TWSE,金融保險,金融保險,twse,2026-05-30,,
5880,合庫金,TWSE,金融保險,金融保險,twse,2026-05-30,,
5906,台南-KY,TWSE,貿易百貨,貿易百貨,twse,2026-05-30,,
5907,大洋-KY,TWSE,貿易百貨,貿易百貨,twse,2026-05-30,,
6024,群益期,TWSE,金融保險,金融保險,twse,2026-05-30,,
6108,競國,TWSE,電子零組件業,電子零組件業,twse,2026-05-30,,
6112,邁達特,TWSE,資訊服務業,資訊服務業,twse,2026-05-30,,
6115,鎰勝,TWSE,電子零組件業,電子零組件業,twse,2026-05-30,,
6117,迎廣,TWSE,電腦及週邊設備業,電腦及週邊設備業,twse,2026-05-30,,
6120,達運,TWSE,光電業,光電業,twse,2026-05-30,,
6128,上福,TWSE,電腦及週邊設備業,電腦及週邊設備業,twse,2026-05-30,,
6133,金橋,TWSE,電子零組件業,電子零組件業,twse,2026-05-30,,
6136,富爾特,TWSE,通信網路業,通信網路業,twse,2026-05-30,,
6139,亞翔,TWSE,其他電子業,其他電子業,twse,2026-05-30,,
6141,柏承,TWSE,電子零組件業,電子零組件業,twse,2026-05-30,,
6142,友勁,TWSE,通信網路業,通信網路業,twse,2026-05-30,,
6152,百一,TWSE,通信網路業,通信網路業,twse,2026-05-30,,
6153,嘉聯益,TWSE,電子零組件業,電子零組件業,twse,2026-05-30,,
6164,華興,TWSE,光電業,光電業,twse,2026-05-30,,
6165,浪凡,TWSE,數位雲端,數位雲端,twse,2026-05-30,,
6166,凌華,TWSE,電腦及週邊設備業,電腦及週邊設備業,twse,2026-05-30,,
6168,宏齊,TWSE,光電業,光電業,twse,2026-05-30,,
6176,瑞儀,TWSE,光電業,光電業,twse,2026-05-30,,
6177,達麗,TWSE,建材營造,建材營造,twse,2026-05-30,,
6183,關貿,TWSE,資訊服務業,資訊服務業,twse,2026-05-30,,
6184,大豐電,TWSE,其他,其他,twse,2026-05-30,,
6189,豐藝,TWSE,電子通路業,電子通路業,twse,2026-05-30,,
6191,精成科,TWSE,電子零組件業,電子零組件業,twse,2026-05-30,,
6192,巨路,TWSE,其他電子業,其他電子業,twse,2026-05-30,,
6196,帆宣,TWSE,其他電子業,其他電子業,twse,2026-05-30,,
6197,佳必琪,TWSE,電子零組件業,電子零組件業,twse,2026-05-30,,
6201,亞弘電,TWSE,其他電子業,其他電子業,twse,2026-05-30,,
6202,盛群,TWSE,半導體業,半導體業,twse,2026-05-30,,
6205,詮欣,TWSE,電子零組件業,電子零組件業,twse,2026-05-30,,
6213,聯茂,TWSE,電子零組件業,電子零組件業,twse,2026-05-30,,
6214,精誠,TWSE,資訊服務業,資訊服務業,twse,2026-05-30,,
6215,和椿,TWSE,其他電子業,其他電子業,twse,2026-05-30,,
6216,居易,TWSE,通信網路業,通信網路業,twse,2026-05-30,,
6224,聚鼎,TWSE,電子零組件業,電子零組件業,twse,2026-05-30,,
6225,天瀚,TWSE,光電業,光電業,twse,2026-05-30,,
6226,光鼎,TWSE,光電業,光電業,twse,2026-05-30,,
6230,尼得科超眾,TWSE,電腦及週邊設備業,電腦及週邊設備業,twse,2026-05-30,,
6235,華孚,TWSE,電腦及週邊設備業,電腦及週邊設備業,twse,2026-05-30,,
6243,迅杰,TWSE,半導體業,半導體業,twse,2026-05-30,,
6257,矽格,TWSE,半導體業,半導體業,twse,2026-05-30,,
6269,台郡,TWSE,電子零組件業,電子零組件業,twse,2026-05-30,,
6272,驊陞,TWSE,電子零組件業,電子零組件業,twse,2026-05-30,,
6277,宏正,TWSE,電腦及週邊設備業,電腦及週邊設備業,twse,2026-05-30,,
6278,台表科,TWSE,光電業,光電業,twse,2026-05-30,,
6281,全國電,TWSE,電子通路業,電子通路業,twse,2026-05-30,,
6283,淳安,TWSE,其他電子業,其他電子業,twse,2026-05-30,,
6285,啟碁,TWSE,通信網路業,通信網路業,twse,2026-05-30,,
6405,悅城,TWSE,光電業,光電業,twse,2026-05-30,,
6409,旭隼,TWSE,其他電子業,其他電子業,twse,2026-05-30,,
6412,群電,TWSE,電子零組件業,電子零組件業,twse,2026-05-30,,
6414,樺漢,TWSE,電腦及週邊設備業,電腦及週邊設備業,twse,2026-05-30,,
6415,矽力*-KY,TWSE,半導體業,半導體業,twse,2026-05-30,,
6416,瑞祺電通,TWSE,通信網路業,通信網路業,twse,2026-05-30,,
6426,統新,TWSE,通信網路業,通信網路業,twse,2026-05-30,,
6431,光麗-KY,TWSE,生技醫療業,生技醫療業,twse,2026-05-30,,
6438,迅得,TWSE,其他電子業,其他電子業,twse,2026-05-30,,
6442,光聖,TWSE,通信網路業,通信網路業,twse,2026-05-30,,
6443,元晶,TWSE,光電業,光電業,twse,2026-05-30,,
6449,鈺邦,TWSE,電子零組件業,電子零組件業,twse,2026-05-30,,
6451,訊芯-KY,TWSE,半導體業,半導體業,twse,2026-05-30,,
6456,GIS-KY,TWSE,光電業,光電業,twse,2026-05-30,,
6464,台數科,TWSE,其他,其他,twse,2026-05-30,,
6472,保瑞,TWSE,生技醫療業,生技醫療業,twse,2026-05-30,,
6477,安集,TWSE,光電業,光電業,twse,2026-05-30,,
6491,晶碩,TWSE,生技醫療業,生技醫療業,twse,2026-05-30,,
6504,南六,TWSE,其他,其他,twse,2026-05-30,,
6505,台塑化,TWSE,油電燃氣業,油電燃氣業,twse,2026-05-30,,
6515,穎崴,TWSE,半導體業,半導體業,twse,2026-05-30,,
6525,捷敏-KY,TWSE,半導體業,半導體業,twse,2026-05-30,,
6526,達發,TWSE,半導體業,半導體業,twse,2026-05-30,,
6531,愛普*,TWSE,半導體業,半導體業,twse,2026-05-30,,
6533,晶心科,TWSE,半導體業,半導體業,twse,2026-05-30,,
6534,正瀚-創,TWSE,生技醫療業,生技醫療業,twse,2026-05-30,,
6541,泰福-KY,TWSE,生技醫療業,生技醫療業,twse,2026-05-30,,
6550,北極星藥業-KY,TWSE,生技醫療業,生技醫療業,twse,2026-05-30,,
6552,易華電,TWSE,半導體業,半導體業,twse,2026-05-30,,
6558,興能高,TWSE,其他電子業,其他電子業,twse,2026-05-30,,
6573,虹揚-KY,TWSE,半導體業,半導體業,twse,2026-05-30,,
6581,鋼聯,TWSE,綠能環保,綠能環保,twse,2026-05-30,,
6582,申豐,TWSE,橡膠工業,橡膠工業,twse,2026-05-30,,
6585,鼎基,TWSE,其他,其他,twse,2026-05-30,,
6589,台康生技,TWSE,生技醫療業,生技醫療業,twse,2026-05-30,,
6591,動力-KY,TWSE,電腦及週邊設備業,電腦及週邊設備業,twse,2026-05-30,,
6592,和潤企業,TWSE,其他,其他,twse,2026-05-30,,
6598,ABC-KY,TWSE,生技醫療業,生技醫療業,twse,2026-05-30,,
6605,帝寶,TWSE,汽車工業,汽車工業,twse,2026-05-30,,
6606,建德工業,TWSE,電機機械,電機機械,twse,2026-05-30,,
6614,資拓宏宇,TWSE,數位雲端,數位雲端,twse,2026-05-30,,
6625,必應,TWSE,其他,其他,twse,2026-05-30,,
6641,基士德-KY,TWSE,綠能環保,綠能環保,twse,2026-05-30,,
6645,金萬林-創,TWSE,生技醫療業,生技醫療業,twse,2026-05-30,,
6655,科定,TWSE,其他,其他,twse,2026-05-30,,
6657,華安,TWSE,生技醫療業,生技醫療業,twse,2026-05-30,,
6658,聯策,TWSE,其他電子業,其他電子業,twse,2026-05-30,,
6666,羅麗芬-KY,TWSE,生技醫療業,生技醫療業,twse,2026-05-30,,
6668,中揚光,TWSE,光電業,光電業,twse,2026-05-30,,
6669,緯穎,TWSE,電腦及週邊設備業,電腦及週邊設備業,twse,2026-05-30,,
6670,復盛應用,TWSE,運動休閒,運動休閒,twse,2026-05-30,,
6671,三能-KY,TWSE,居家生活,居家生活,twse,2026-05-30,,
6672,騰輝電子-KY,TWSE,電子零組件業,電子零組件業,twse,2026-05-30,,
6674,鋐寶科技,TWSE,通信網路業,通信網路業,twse,2026-05-30,,
6689,伊雲谷,TWSE,數位雲端,數位雲端,twse,2026-05-30,,
6691,洋基工程,TWSE,其他電子業,其他電子業,twse,2026-05-30,,
6695,芯鼎,TWSE,半導體業,半導體業,twse,2026-05-30,,
6698,旭暉應材,TWSE,其他電子業,其他電子業,twse,2026-05-30,,
6706,惠特,TWSE,光電業,光電業,twse,2026-05-30,,
6715,嘉基,TWSE,電子零組件業,電子零組件業,twse,2026-05-30,,
6722,輝創,TWSE,其他電子業,其他電子業,twse,2026-05-30,,
6743,安普新,TWSE,其他電子業,其他電子業,twse,2026-05-30,,
6753,龍德造船,TWSE,航運業,航運業,twse,2026-05-30,,
6754,匯僑設計,TWSE,居家生活,居家生活,twse,2026-05-30,,
6756,威鋒電子,TWSE,半導體業,半導體業,twse,2026-05-30,,
6757,台灣虎航,TWSE,航運業,航運業,twse,2026-05-30,,
6768,志強-KY,TWSE,運動休閒,運動休閒,twse,2026-05-30,,
6771,平和環保-創,TWSE,綠能環保,綠能環保,twse,2026-05-30,,
6776,展碁國際,TWSE,電子通路業,電子通路業,twse,2026-05-30,,
6781,AES-KY,TWSE,電子零組件業,電子零組件業,twse,2026-05-30,,
6782,視陽,TWSE,生技醫療業,生技醫療業,twse,2026-05-30,,
6789,采鈺,TWSE,半導體業,半導體業,twse,2026-05-30,,
6790,永豐實,TWSE,造紙工業,造紙工業,twse,2026-05-30,,
6792,詠業,TWSE,通信網路業,通信網路業,twse,2026-05-30,,
6794,向榮生技,TWSE,生技醫療業,生技醫療業,twse,2026-05-30,,
6796,晉弘,TWSE,生技醫療業,生技醫療業,twse,2026-05-30,,
6799,來頡,TWSE,半導體業,半導體業,twse,2026-05-30,,
6805,富世達,TWSE,電子零組件業,電子零組件業,twse,2026-05-30,,
6806,森崴能源,TWSE,綠能環保,綠能環保,twse,2026-05-30,,
6807,峰源-KY,TWSE,居家生活,居家生活,twse,2026-05-30,,
6830,汎銓,TWSE,其他電子業,其他電子業,twse,2026-05-30,,
6831,邁科,TWSE,電腦及週邊設備業,電腦及週邊設備業,twse,2026-05-30,,
6835,圓裕,TWSE,電子零組件業,電子零組件業,twse,2026-05-30,,
6838,台新藥,TWSE,生技醫療業,生技醫療業,twse,2026-05-30,,
6854,錼創科技-KY創,TWSE,半導體業,半導體業,twse,2026-05-30,,
6861,睿生光電,TWSE,生技醫療業,生技醫療業,twse,2026-05-30,,
6862,三集瑞-KY,TWSE,電子零組件業,電子零組件業,twse,2026-05-30,,
6863,永道-KY,TWSE,通信網路業,通信網路業,twse,2026-05-30,,
6869,雲豹能源,TWSE,綠能環保,綠能環保,twse,2026-05-30,,
6873,泓德能源,TWSE,綠能環保,綠能環保,twse,2026-05-30,,
6885,全福生技,TWSE,生技醫療業,生技醫療業,twse,2026-05-30,,
6887,寶綠特-KY,TWSE,綠能環保,綠能環保,twse,2026-05-30,,
6890,來億-KY,TWSE,運動休閒,運動休閒,twse,2026-05-30,,
6901,鑽石投資,TWSE,其他,其他,twse,2026-05-30,,
6906,現觀科,TWSE,數位雲端,數位雲端,twse,2026-05-30,,
6908,宏碁遊戲-創,TWSE,電子通路業,電子通路業,twse,2026-05-30,,
6909,創控,TWSE,半導體業,半導體業,twse,2026-05-30,,
6914,阜爾運通,TWSE,其他,其他,twse,2026-05-30,,
6916,華凌,TWSE,光電業,光電業,twse,2026-05-30,,
6918,愛派司,TWSE,生技醫療業,生技醫療業,twse,2026-05-30,,
6919,康霈*,TWSE,生技醫療業,生技醫療業,twse,2026-05-30,,
6921,嘉雨思-創,TWSE,半導體業,半導體業,twse,2026-05-30,,
6923,中台,TWSE,綠能環保,綠能環保,twse,2026-05-30,,
6924,榮惠-KY創,TWSE,電子零組件業,電子零組件業,twse,2026-05-30,,
6928,攸泰科技,TWSE,電腦及週邊設備業,電腦及週邊設備業,twse,2026-05-30,,
6931,青松健康,TWSE,生技醫療業,生技醫療業,twse,2026-05-30,,
6933,AMAX-KY,TWSE,電腦及週邊設備業,電腦及週邊設備業,twse,2026-05-30,,
6934,心誠鎂,TWSE,生技醫療業,生技醫療業,twse,2026-05-30,,
6936,永鴻生技,TWSE,生技醫療業,生技醫療業,twse,2026-05-30,,
6937,天虹,TWSE,半導體業,半導體業,twse,2026-05-30,,
6944,兆聯實業,TWSE,綠能環保,綠能環保,twse,2026-05-30,,
6949,沛爾生醫-創,TWSE,生技醫療業,生技醫療業,twse,2026-05-30,,
6951,青新-創,TWSE,綠能環保,綠能環保,twse,2026-05-30,,
6952,大武山,TWSE,其他,其他,twse,2026-05-30,,
6955,邦睿生技-創,TWSE,生技醫療業,生技醫療業,twse,2026-05-30,,
6957,裕慶-KY,TWSE,其他,其他,twse,2026-05-30,,
6958,日盛台駿,TWSE,其他,其他,twse,2026-05-30,,
6962,奕力-KY,TWSE,半導體業,半導體業,twse,2026-05-30,,
6965,中傑-KY,TWSE,運動休閒,運動休閒,twse,2026-05-30,,
6969,成信實業*-創,TWSE,綠能環保,綠能環保,twse,2026-05-30,,
6988,威力暘-創,TWSE,汽車工業,汽車工業,twse,2026-05-30,,
6994,富威電力,TWSE,綠能環保,綠能環保,twse,2026-05-30,,
7610,聯友金屬-創,TWSE,綠能環保,綠能環保,twse,2026-05-30,,
7631,聚賢研發-創,TWSE,其他電子業,其他電子業,twse,2026-05-30,,
7705,三商餐飲,TWSE,觀光餐旅,觀光餐旅,twse,2026-05-30,,
7711,永擎,TWSE,電腦及週邊設備業,電腦及週邊設備業,twse,2026-05-30,,
7721,微程式,TWSE,數位雲端,數位雲端,twse,2026-05-30,,
7722,LINEPAY,TWSE,數位雲端,數位雲端,twse,2026-05-30,,
7732,金興精密,TWSE,汽車工業,汽車工業,twse,2026-05-30,,
7736,虎山,TWSE,汽車工業,汽車工業,twse,2026-05-30,,
7740,熙特爾-創,TWSE,綠能環保,綠能環保,twse,2026-05-30,,
7749,意騰-KY,TWSE,半導體業,半導體業,twse,2026-05-30,,
7750,新代,TWSE,電機機械,電機機械,twse,2026-05-30,,
7760,享溫馨,TWSE,觀光餐旅,觀光餐旅,twse,2026-05-30,,
7765,中華資安,TWSE,數位雲端,數位雲端,twse,2026-05-30,,
7768,頌勝科技,TWSE,半導體業,半導體業,twse,2026-05-30,,
7769,鴻勁,TWSE,半導體業,半導體業,twse,2026-05-30,,
7780,大研生醫*,TWSE,食品工業,食品工業,twse,2026-05-30,,
7786,東方風能,TWSE,綠能環保,綠能環保,twse,2026-05-30,,
7788,松川精密,TWSE,電子零組件業,電子零組件業,twse,2026-05-30,,
7791,皇家可口,TWSE,食品工業,食品工業,twse,2026-05-30,,
7795,長廣,TWSE,電子零組件業,電子零組件業,twse,2026-05-30,,
7799,禾榮科,TWSE,生技醫療業,生技醫療業,twse,2026-05-30,,
7803,雲象科技-創,TWSE,生技醫療業,生技醫療業,twse,2026-05-30,,
7818,溢泰實業,TWSE,綠能環保,綠能環保,twse,2026-05-30,,
7821,神數,TWSE,汽車工業,汽車工業,twse,2026-05-30,,
7822,倍利科,TWSE,半導體業,半導體業,twse,2026-05-30,,
7823,奧義賽博-KY創,TWSE,數位雲端,數位雲端,twse,2026-05-30,,
7827,漢康-KY創,TWSE,生技醫療業,生技醫療業,twse,2026-05-30,,
8011,台通,TWSE,通信網路業,通信網路業,twse,2026-05-30,,
8016,矽創,TWSE,半導體業,半導體業,twse,2026-05-30,,
8021,尖點,TWSE,其他電子業,其他電子業,twse,2026-05-30,,
8028,昇陽半導體,TWSE,半導體業,半導體業,twse,2026-05-30,,
8033,雷虎,TWSE,其他,其他,twse,2026-05-30,,
8039,台虹,TWSE,電子零組件業,電子零組件業,twse,2026-05-30,,
8045,達運光電,TWSE,通信網路業,通信網路業,twse,2026-05-30,,
8046,南電,TWSE,電子零組件業,電子零組件業,twse,2026-05-30,,
8070,長華*,TWSE,電子通路業,電子通路業,twse,2026-05-30,,
8072,陞泰,TWSE,電子通路業,電子通路業,twse,2026-05-30,,
8081,致新,TWSE,半導體業,半導體業,twse,2026-05-30,,
8101,華冠,TWSE,通信網路業,通信網路業,twse,2026-05-30,,
8103,瀚荃,TWSE,電子零組件業,電子零組件業,twse,2026-05-30,,
8104,錸寶,TWSE,光電業,光電業,twse,2026-05-30,,
8105,凌巨,TWSE,光電業,光電業,twse,2026-05-30,,
8110,華東,TWSE,半導體業,半導體業,twse,2026-05-30,,
8112,至上,TWSE,電子通路業,電子通路業,twse,2026-05-30,,
8114,振樺電,TWSE,電腦及週邊設備業,電腦及週邊設備業,twse,2026-05-30,,
8131,福懋科,TWSE,半導體業,半導體業,twse,2026-05-30,,
8162,微矽電子-創,TWSE,半導體業,半導體業,twse,2026-05-30,,
8201,無敵,TWSE,其他電子業,其他電子業,twse,2026-05-30,,
8210,勤誠,TWSE,電腦及週邊設備業,電腦及週邊設備業,twse,2026-05-30,,
8213,志超,TWSE,電子零組件業,電子零組件業,twse,2026-05-30,,
8215,明基材,TWSE,光電業,光電業,twse,2026-05-30,,
8222,寶一,TWSE,電機機械,電機機械,twse,2026-05-30,,
8249,菱光,TWSE,電子零組件業,電子零組件業,twse,2026-05-30,,
8261,富鼎,TWSE,半導體業,半導體業,twse,2026-05-30,,
8271,宇瞻,TWSE,半導體業,半導體業,twse,2026-05-30,,
8341,日友,TWSE,綠能環保,綠能環保,twse,2026-05-30,,
8367,建新國際,TWSE,航運業,航運業,twse,2026-05-30,,
8374,羅昇,TWSE,電機機械,電機機械,twse,2026-05-30,,
8404,百和興業-KY,TWSE,其他,其他,twse,2026-05-30,,
8411,福貞-KY,TWSE,其他,其他,twse,2026-05-30,,
8422,可寧衛*,TWSE,綠能環保,綠能環保,twse,2026-05-30,,
8429,金麗-KY,TWSE,貿易百貨,貿易百貨,twse,2026-05-30,,
8438,昶昕,TWSE,綠能環保,綠能環保,twse,2026-05-30,,
8442,威宏-KY,TWSE,其他,其他,twse,2026-05-30,,
8443,阿瘦,TWSE,貿易百貨,貿易百貨,twse,2026-05-30,,
8454,富邦媒,TWSE,數位雲端,數位雲端,twse,2026-05-30,,
8462,柏文,TWSE,運動休閒,運動休閒,twse,2026-05-30,,
8463,潤泰材,TWSE,其他,其他,twse,2026-05-30,,
8464,億豐,TWSE,居家生活,居家生活,twse,2026-05-30,,
8466,美吉吉-KY,TWSE,其他,其他,twse,2026-05-30,,
8467,波力-KY,TWSE,運動休閒,運動休閒,twse,2026-05-30,,
8473,山林水,TWSE,綠能環保,綠能環保,twse,2026-05-30,,
8476,台境*,TWSE,綠能環保,綠能環保,twse,2026-05-30,,
8478,東哥遊艇,TWSE,運動休閒,運動休閒,twse,2026-05-30,,
8481,政伸,TWSE,其他,其他,twse,2026-05-30,,
8482,商億-KY,TWSE,居家生活,居家生活,twse,2026-05-30,,
8487,愛爾達-創,TWSE,數位雲端,數位雲端,twse,2026-05-30,,
8488,吉源-KY,TWSE,其他,其他,twse,2026-05-30,,
8499,鼎炫-KY,TWSE,其他電子業,其他電子業,twse,2026-05-30,,
8940,新天地,TWSE,觀光餐旅,觀光餐旅,twse,2026-05-30,,
8996,高力,TWSE,電機機械,電機機械,twse,2026-05-30,,
9802,鈺齊-KY,TWSE,運動休閒,運動休閒,twse,2026-05-30,,
9902,台火,TWSE,其他,其他,twse,2026-05-30,,
9904,寶成,TWSE,運動休閒,運動休閒,twse,2026-05-30,,
9905,大華,TWSE,其他,其他,twse,2026-05-30,,
9906,欣巴巴,TWSE,建材營造,建材營造,twse,2026-05-30,,
9907,統一實,TWSE,其他,其他,twse,2026-05-30,,
9908,大台北,TWSE,油電燃氣業,油電燃氣業,twse,2026-05-30,,
9910,豐泰,TWSE,運動休閒,運動休閒,twse,2026-05-30,,
9911,櫻花,TWSE,居家生活,居家生活,twse,2026-05-30,,
9912,偉聯,TWSE,電腦及週邊設備業,電腦及週邊設備業,twse,2026-05-30,,
9914,美利達,TWSE,運動休閒,運動休閒,twse,2026-05-30,,
9917,中保科,TWSE,其他,其他,twse,2026-05-30,,
9918,欣天然,TWSE,油電燃氣業,油電燃氣業,twse,2026-05-30,,
9919,康那香,TWSE,其他,其他,twse,2026-05-30,,
9921,巨大,TWSE,運動休閒,運動休閒,twse,2026-05-30,,
9924,福興,TWSE,居家生活,居家生活,twse,2026-05-30,,
9925,新保,TWSE,其他,其他,twse,2026-05-30,,
9926,新海,TWSE,油電燃氣業,油電燃氣業,twse,2026-05-30,,
9927,泰銘,TWSE,其他,其他,twse,2026-05-30,,
9928,中視,TWSE,其他,其他,twse,2026-05-30,,
9929,秋雨,TWSE,其他,其他,twse,2026-05-30,,
9930,中聯資源,TWSE,綠能環保,綠能環保,twse,2026-05-30,,
9931,欣高,TWSE,油電燃氣業,油電燃氣業,twse,2026-05-30,,
9933,中鼎,TWSE,其他,其他,twse,2026-05-30,,
9934,成霖,TWSE,居家生活,居家生活,twse,2026-05-30,,
9935,慶豐富,TWSE,居家生活,居家生活,twse,2026-05-30,,
9937,全國,TWSE,油電燃氣業,油電燃氣業,twse,2026-05-30,,
9938,百和,TWSE,其他,其他,twse,2026-05-30,,
9939,宏全,TWSE,其他,其他,twse,2026-05-30,,
9940,信義,TWSE,其他,其他,twse,2026-05-30,,
9941,裕融,TWSE,其他,其他,twse,2026-05-30,,
9942,茂順,TWSE,其他,其他,twse,2026-05-30,,
9943,好樂迪,TWSE,觀光餐旅,觀光餐旅,twse,2026-05-30,,
9944,新麗,TWSE,其他,其他,twse,2026-05-30,,
9945,潤泰新,TWSE,其他,其他,twse,2026-05-30,,
9946,三發地產,TWSE,建材營造,建材營造,twse,2026-05-30,,
9955,佳龍,TWSE,綠能環保,綠能環保,twse,2026-05-30,,
9958,世紀鋼,TWSE,鋼鐵工業,鋼鐵工業,twse,2026-05-30,,
