trade_date,stock_id,stock_name,avg_volume_20d,avg_turnover_20d,latest_volume,latest_turnover,turnover_ratio_20d,liquidity_score,slippage_risk_score,liquidity_warning
2026-07-06,00400A,主動國泰動能高息,59365853.85,876165254.25,68129433.0,1030726137.0,1.176406085496171,92.0,90.0,
2026-07-06,00401A,主動摩根台灣鑫收,6370227.7,86968604.85,4718526.0,65156081.0,0.7491908271079963,75.0,80.0,
2026-07-06,00402A,主動安聯美國科技,34329723.89473684,336673306.2105263,7528548.0,73765377.0,0.2191007592204935,92.0,90.0,價量資料少於 20 日
2026-07-06,00403A,主動統一升級50,445944919.25,4748455346.9,238256447.0,2628209710.0,0.5534872959721124,92.0,90.0,
2026-07-06,00404A,主動聯博動能50,22558087.842105262,225877351.15789473,13289785.0,137088648.0,0.6069163078868014,92.0,90.0,價量資料少於 20 日
2026-07-06,00405A,主動富邦台灣龍耀,169704718.47368422,1580529847.8421052,107022109.0,991997216.0,0.6276358636025585,92.0,90.0,價量資料少於 20 日
2026-07-06,00406A,主動中信台灣收益,39798337.176470585,401235789.35294116,17193077.0,177313613.0,0.44191873632695483,92.0,90.0,價量資料少於 20 日
2026-07-06,00407A,主動凱基台灣,280993730.3333333,2753324237.0,164235969.0,1627123822.0,0.5909670209320864,92.0,90.0,價量資料少於 20 日
2026-07-06,0050,元大台灣50,154134827.2,16032843623.75,75784190.0,8237066196.0,0.5137620243359794,92.0,90.0,
2026-07-06,0051,元大中型100,109459.2,15742347.05,69132.0,10394987.0,0.6603200251515228,50.0,50.0,
2026-07-06,0052,富邦科技,33093832.1,2040855708.4,16521834.0,1054291586.0,0.516592908386722,92.0,90.0,
2026-07-06,0053,元大電子,50467.0,12037578.1,69924.0,17259572.0,1.4338076859497177,50.0,50.0,
2026-07-06,0054,元大台商50,1000.0,23500.0,1000.0,23500.0,1.0,35.0,30.0,價量資料少於 20 日；流動性偏低，短線進出可能有滑價風險
2026-07-06,0055,元大MSCI金融,1046644.65,43319739.6,382359.0,16073313.0,0.37103900319844024,60.0,65.0,
2026-07-06,0056,元大高股息,51529156.8,2661695238.15,55408378.0,2965784412.0,1.1142464281753592,92.0,90.0,
2026-07-06,0057,富邦摩台,29076.3,9036628.7,8478.0,2726082.0,0.3016702456746951,50.0,50.0,
2026-07-06,0058,富邦發達,3000.0,136030.0,3000.0,136030.0,1.0,35.0,30.0,價量資料少於 20 日；流動性偏低，短線進出可能有滑價風險
2026-07-06,0059,富邦金融,3000.0,119930.0,3000.0,119930.0,1.0,35.0,30.0,價量資料少於 20 日；流動性偏低，短線進出可能有滑價風險
2026-07-06,0061,元大寶滬深,352835.95,8928506.55,545250.0,13797318.0,1.5453108448467228,50.0,50.0,
2026-07-06,006203,元大MSCI台灣,18630.15,3606753.05,51362.0,10123471.0,2.806810130790629,35.0,30.0,流動性偏低，短線進出可能有滑價風險
2026-07-06,006204,永豐臺灣加權,13101.5,2965617.9,7212.0,1703265.0,0.5743373075809936,35.0,30.0,流動性偏低，短線進出可能有滑價風險
2026-07-06,006205,富邦上証,679330.45,27920730.75,316679.0,13201313.0,0.47281402188945215,60.0,65.0,
2026-07-06,006206,元大上證50,103452.65,3852429.25,33647.0,1275987.0,0.33121620598223833,35.0,30.0,流動性偏低，短線進出可能有滑價風險
2026-07-06,006207,復華滬深,414937.5,14004337.75,490355.0,16605489.0,1.185738968627774,50.0,50.0,
2026-07-06,006208,富邦台50,4798692.15,1168658601.9,4129918.0,1042850904.0,0.8923486314177105,92.0,90.0,
2026-07-06,00625K,富邦上証+R,12250.0,98093.75,9000.0,81000.0,0.8257406817457789,35.0,30.0,價量資料少於 20 日；流動性偏低，短線進出可能有滑價風險
2026-07-06,00631L,元大台灣50正2,334357948.15,12324121628.2,237352697.0,9278629838.0,0.752883663268032,92.0,90.0,
2026-07-06,00632R,元大台灣50反1,189678229.1,1947845002.95,81776764.0,808350371.0,0.4149972763622147,92.0,90.0,
2026-07-06,00633L,富邦上証正2,3689679.25,188779489.85,3509057.0,173711168.0,0.9201803020975798,92.0,90.0,
2026-07-06,00634R,富邦上証反1,548762.3,1687640.45,491000.0,1530000.0,0.906591211415915,35.0,30.0,流動性偏低，短線進出可能有滑價風險
2026-07-06,00635U,期元大S&P黃金,4923870.1,213926114.0,5320148.0,232104648.0,1.0849757594343998,92.0,90.0,
2026-07-06,00636,國泰中國A50,796192.65,22858144.9,428732.0,12101103.0,0.5294000476827847,60.0,65.0,
2026-07-06,00636K,國泰中國A50+U,215.0,1955.1,200.0,1778.0,0.9094163981382027,35.0,30.0,流動性偏低，短線進出可能有滑價風險
2026-07-06,00637L,元大滬深300正2,29348605.65,627274697.95,27290299.0,559860201.0,0.8925279511985454,92.0,90.0,
2026-07-06,00638R,元大滬深300反1,293806.55,1940299.3,285000.0,1909560.0,0.9841574441633824,35.0,30.0,流動性偏低，短線進出可能有滑價風險
2026-07-06,00639,富邦深100,1441133.3,26390443.95,914081.0,16569661.0,0.627865943877007,60.0,65.0,
2026-07-06,00640L,富邦日本正2,245433.65,25217636.6,99213.0,10739975.0,0.42589141759620724,60.0,65.0,
2026-07-06,00641R,富邦日本反1,1973778.55,7536830.25,1281174.0,4777436.0,0.6338786786394718,50.0,50.0,
2026-07-06,00642U,期元大S&P石油,5403297.75,139920730.1,1193501.0,26777863.0,0.19137881128023074,92.0,90.0,
2026-07-06,00643,群益深証中小,3090065.95,61981419.45,2666880.0,54342147.0,0.876748991588317,75.0,80.0,
2026-07-06,00643K,群益深証中小+R,8500.0,37026.25,20000.0,87720.0,2.3691300091151546,35.0,30.0,價量資料少於 20 日；流動性偏低，短線進出可能有滑價風險
2026-07-06,00645,富邦日本,265691.7,14743997.05,134623.0,7771161.0,0.5270728808237247,50.0,50.0,
2026-07-06,00646,元大S&P500,3272482.95,242136266.35,2743482.0,207283066.0,0.8560595615213591,92.0,90.0,
2026-07-06,00647L,元大S&P500正2,77645.45,10263882.9,82129.0,11056914.0,1.077264238858376,50.0,50.0,
2026-07-06,00648R,元大S&P500反1,1581224.35,6401613.8,353798.0,1420592.0,0.22191154361732976,50.0,50.0,
2026-07-06,00649,FH香港,91000.0,1932750.0,91000.0,1932750.0,1.0,35.0,30.0,價量資料少於 20 日；流動性偏低，短線進出可能有滑價風險
2026-07-06,00650L,復華香港正2,6595834.05,98418288.75,5785802.0,85356464.0,0.8672825455929297,75.0,80.0,
2026-07-06,00651R,復華香港反1,364020.45,2030274.65,220399.0,1246742.0,0.6140755389917321,35.0,30.0,流動性偏低，短線進出可能有滑價風險
2026-07-06,00652,富邦印度,408188.2,13388419.2,761340.0,25459270.0,1.9015889493510931,50.0,50.0,
2026-07-06,00653L,富邦印度正2,236971.75,10779418.75,204223.0,9774274.0,0.9067533441912162,50.0,50.0,
2026-07-06,00654R,富邦印度反1,101018.0,689975.8,53100.0,355119.0,0.5146832686015944,35.0,30.0,流動性偏低，短線進出可能有滑價風險
2026-07-06,00655L,國泰中國A50正2,2173548.15,78005091.3,2527695.0,87144541.0,1.1171647843453008,75.0,80.0,
2026-07-06,00656R,國泰中國A50反1,410500.9,2387218.5,48000.0,284140.0,0.11902555212269007,35.0,30.0,流動性偏低，短線進出可能有滑價風險
2026-07-06,00657,國泰日經225,88145.5,6959055.45,135370.0,10996403.0,1.580157404838612,50.0,50.0,
2026-07-06,00657K,國泰日經225+U,200.0,5061.1,200.0,5064.0,1.0005729979648692,35.0,30.0,流動性偏低，短線進出可能有滑價風險
2026-07-06,00658L,國泰日本正2,63000.0,2391110.0,63000.0,2391110.0,1.0,35.0,30.0,價量資料少於 20 日；流動性偏低，短線進出可能有滑價風險
2026-07-06,00659R,國泰日本反1,9000.0,115000.0,9000.0,115000.0,1.0,35.0,30.0,價量資料少於 20 日；流動性偏低，短線進出可能有滑價風險
2026-07-06,00660,元大歐洲50,17167.2,779868.95,17509.0,820249.0,1.0517779942386474,35.0,30.0,流動性偏低，短線進出可能有滑價風險
2026-07-06,00661,元大日經225,159525.45,13796855.0,268427.0,24056050.0,1.7435893904806568,50.0,50.0,
2026-07-06,00662,富邦NASDAQ,6326876.95,764035713.9,3915777.0,476628355.0,0.6238299418846054,92.0,90.0,
2026-07-06,00663L,國泰臺灣加權正2,16246791.7,1735487421.95,14147081.0,1603958778.0,0.9242122747267082,92.0,90.0,
2026-07-06,00664R,國泰臺灣加權反1,37186721.1,61793871.9,21014917.0,33660851.0,0.5447279797335373,75.0,80.0,
2026-07-06,00665L,富邦恒生國企正2,26609877.35,220595833.35,20122597.0,161972546.0,0.7342502509692121,92.0,90.0,
2026-07-06,00666R,富邦恒生國企反1,91792.95,910395.2,87530.0,866126.0,0.9513736452037533,35.0,30.0,流動性偏低，短線進出可能有滑價風險
2026-07-06,00667,元大韓國,6000.0,141940.0,6000.0,141940.0,1.0,35.0,30.0,價量資料少於 20 日；流動性偏低，短線進出可能有滑價風險
2026-07-06,00668,國泰美國道瓊,139353.2,8405726.75,15643.0,969688.0,0.11536039997969241,50.0,50.0,
2026-07-06,00668K,國泰美國道瓊+U,190.0,3588.05,200.0,3868.0,1.078022881509455,35.0,30.0,流動性偏低，短線進出可能有滑價風險
2026-07-06,00669R,國泰美國道瓊反1,910892.2,4875825.3,267027.0,1395430.0,0.286193600906907,35.0,30.0,流動性偏低，短線進出可能有滑價風險
2026-07-06,00670L,富邦NASDAQ正2,1154428.75,239599406.1,871331.0,179130142.0,0.7476234808580354,92.0,90.0,
2026-07-06,00671R,富邦NASDAQ反1,6583977.0,16058817.45,1796959.0,4380573.0,0.2727830373337982,50.0,50.0,
2026-07-06,00672L,元大S&P原油正2,18657400.0,366475847.0,18657400.0,366475847.0,1.0,92.0,90.0,價量資料少於 20 日
2026-07-06,00673R,期元大S&P原油反1,23791995.9,345856428.65,17458620.0,281977873.0,0.8153032577727684,92.0,90.0,
2026-07-06,00674R,期元大S&P黃金反1,498073.1,14956161.5,338488.0,9974723.0,0.6669306827156153,50.0,50.0,
2026-07-06,00675L,富邦臺灣加權正2,3121740.1,1001830523.45,2156754.0,740978692.0,0.7396247914750036,92.0,90.0,
2026-07-06,00676R,富邦臺灣加權反1,11178063.45,63376297.25,6721343.0,36686430.0,0.5788667308107843,75.0,80.0,
2026-07-06,00677U,期富邦VIX,5308262.0,28044168.0,5308262.0,28044168.0,1.0,60.0,65.0,價量資料少於 20 日
2026-07-06,00678,群益那斯達克生技,478228.65,18180254.6,764023.0,31923433.0,1.7559398205567482,50.0,50.0,
2026-07-06,00680L,元大美債20正2,19121622.7,134263270.8,4490099.0,31294644.0,0.2330841771806441,92.0,90.0,
2026-07-06,00681R,元大美債20反1,102699.65,2155631.4,1000.0,21020.0,0.009751203290135782,35.0,30.0,流動性偏低，短線進出可能有滑價風險
2026-07-06,00682U,期元大美元指數,15171.75,305373.6,3000.0,62370.0,0.20424162403036805,35.0,30.0,流動性偏低，短線進出可能有滑價風險
2026-07-06,00683L,期元大美元指正2,76539.05,1671854.35,13010.0,286291.0,0.17124159170922992,35.0,30.0,流動性偏低，短線進出可能有滑價風險
2026-07-06,00684R,期元大美元指反1,37864.2,569415.25,3000.0,44740.0,0.07857183312178591,35.0,30.0,流動性偏低，短線進出可能有滑價風險
2026-07-06,00685L,群益臺灣加權正2,7429227.65,2176493824.05,8814375.0,2677872370.0,1.2303606563960008,92.0,90.0,
2026-07-06,00686R,群益臺灣加權反1,11395251.35,11489793.45,10291619.0,10049796.0,0.8746715982087564,50.0,50.0,
2026-07-06,00688L,國泰20年美債正2,6163031.45,43015688.3,1206491.0,8372977.0,0.1946493786547175,60.0,65.0,
2026-07-06,00689R,國泰20年美債反1,77617.9,1696988.45,1000.0,22010.0,0.01297003524095877,35.0,30.0,流動性偏低，短線進出可能有滑價風險
2026-07-06,00690,兆豐藍籌30,602007.35,48076428.35,350217.0,28759374.0,0.5982011348811023,60.0,65.0,
2026-07-06,00692,富邦公司治理,1695582.45,154593084.3,1016327.0,95277404.0,0.616310906994434,92.0,90.0,
2026-07-06,00693U,期街口S&P黃豆,603555.45,12588679.4,773690.0,16472409.0,1.3085096916520091,50.0,50.0,
2026-07-06,00700,富邦恒生國企,426900.75,6782395.3,555720.0,8858750.0,1.3061388503852025,50.0,50.0,
2026-07-06,00701,國泰股利精選30,1166244.75,44576141.15,447833.0,17587179.0,0.39454242889304025,60.0,65.0,
2026-07-06,00702,國泰標普低波高息,112296.05,2746666.85,95142.0,2387197.0,0.8691250633472348,35.0,30.0,流動性偏低，短線進出可能有滑價風險
2026-07-06,00703,台新MSCI中國,82226.3,1529378.5,38826.0,713527.0,0.4665470320133309,35.0,30.0,流動性偏低，短線進出可能有滑價風險
2026-07-06,00704L,台新MSCI台灣正2,259000.0,5084560.0,259000.0,5084560.0,1.0,50.0,50.0,價量資料少於 20 日
2026-07-06,00705R,台新MSCI台灣反1,514000.0,10070410.0,514000.0,10070410.0,1.0,50.0,50.0,價量資料少於 20 日
2026-07-06,00706L,期元大S&P日圓正2,1723833.3,32329877.45,2078687.0,38567551.0,1.1929383604885888,60.0,65.0,
2026-07-06,00707R,期元大S&P日圓反1,9509.0,307526.1,1090.0,35541.0,0.11557067839119997,35.0,30.0,價量資料少於 20 日；流動性偏低，短線進出可能有滑價風險
2026-07-06,00708L,期元大S&P黃金正2,4808183.75,359230054.15,4982735.0,374425544.0,1.0423001630137967,92.0,90.0,
2026-07-06,00709,富邦歐洲,73911.8,2887833.3,48820.0,1984003.0,0.6870213041729244,35.0,30.0,流動性偏低，短線進出可能有滑價風險
2026-07-06,00710B,復華彭博非投等債,254795.05,4820229.9,184064.0,3512358.0,0.7286702237999062,35.0,30.0,流動性偏低，短線進出可能有滑價風險
2026-07-06,00711B,復華彭博新興債,138119.75,2229542.4,105009.0,1707220.0,0.7657266352055023,35.0,30.0,流動性偏低，短線進出可能有滑價風險
2026-07-06,00712,復華富時不動產,36502862.8,317732993.95,19280911.0,170063932.0,0.5352416501849414,92.0,90.0,
2026-07-06,00713,元大台灣高息低波,7669584.2,460537516.95,9510178.0,580390959.0,1.2602468585920055,92.0,90.0,
2026-07-06,00714,群益道瓊美國地產,218666.2,4760797.4,264576.0,5871258.0,1.2332509675795067,35.0,30.0,流動性偏低，短線進出可能有滑價風險
2026-07-06,00715L,期街口布蘭特正2,11237957.4,471397169.15,3619178.0,117111056.0,0.24843393992197463,92.0,90.0,
2026-07-06,00716R,華頓S&P布蘭特反1,322000.0,5929280.0,322000.0,5929280.0,1.0,50.0,50.0,價量資料少於 20 日
2026-07-06,00717,富邦美國特別股,166523.05,2488515.7,163961.0,2450308.0,0.9846463898138155,35.0,30.0,流動性偏低，短線進出可能有滑價風險
2026-07-06,00728,第一金工業30,155928.85,9992137.7,143982.0,9475855.0,0.948331106365758,50.0,50.0,
2026-07-06,00730,富邦臺灣優質高息,257671.7,7454117.6,156082.0,4625943.0,0.6205889480466474,50.0,50.0,
2026-07-06,00731,復華富時高息低波,792713.75,69695913.55,603095.0,53428851.0,0.7665994787724538,75.0,80.0,
2026-07-06,00733,富邦臺灣中小,1076937.5,80787607.5,1066559.0,83059187.0,1.0281179201896775,75.0,80.0,
2026-07-06,00735,國泰臺韓科技,4221005.85,475717948.4,2841043.0,321284279.0,0.6753671583773273,92.0,90.0,
2026-07-06,00736,國泰新興市場,129818.8,4008796.6,105327.0,3338658.0,0.8328329753622321,35.0,30.0,流動性偏低，短線進出可能有滑價風險
2026-07-06,00737,國泰AI機器人,193072.5,7400449.6,284634.0,11249857.0,1.5201585860405022,50.0,50.0,
2026-07-06,00738U,期元大道瓊白銀,5914663.0,301109726.0,3035149.0,152050614.0,0.5049674615957108,92.0,90.0,
2026-07-06,00739,元大MSCI A股,148735.05,4342336.45,394407.0,11577406.0,2.666169729892763,35.0,30.0,流動性偏低，短線進出可能有滑價風險
2026-07-06,00752,中信中國50,3341321.2,71565991.75,1513450.0,32659522.0,0.4563553330482561,75.0,80.0,
2026-07-06,00753L,中信中國50正2,17309470.25,151165361.8,12152004.0,105346199.0,0.6968937708056343,92.0,90.0,
2026-07-06,00757,統一FANG+,2177547.55,276989399.25,1608817.0,208700599.0,0.7534606001713259,92.0,90.0,
2026-07-06,00762,元大全球AI,302354.7,35304486.2,408612.0,46793047.0,1.3254136240623153,60.0,65.0,
2026-07-06,00763U,期街口道瓊銅,853694.65,28511208.25,637288.0,21104361.0,0.740212789824507,60.0,65.0,
2026-07-06,00770,國泰北美科技,368540.5,24747511.75,245283.0,16525453.0,0.6677622044163692,60.0,65.0,
2026-07-06,00771,元大US高息特別股,35934.6,565823.55,52161.0,826021.0,1.4598561689417133,35.0,30.0,流動性偏低，短線進出可能有滑價風險
2026-07-06,00775B,新光投等債15+,89516.8,2908405.2,81280.0,2657882.0,0.9138623462782971,35.0,30.0,流動性偏低，短線進出可能有滑價風險
2026-07-06,00783,富邦中証500,284194.55,8654617.75,34181.0,1065868.0,0.1231559880273164,50.0,50.0,
2026-07-06,008201,BP上證50,4600.0,464320.0,4600.0,464320.0,1.0,35.0,30.0,價量資料少於 20 日；流動性偏低，短線進出可能有滑價風險
2026-07-06,00830,國泰費城半導體,14568964.25,1376255363.0,9857811.0,908264153.0,0.6599532161096472,92.0,90.0,
2026-07-06,00850,元大臺灣ESG永續,846819.6,76180397.15,517200.0,47990975.0,0.6299648832954396,75.0,80.0,
2026-07-06,00851,台新全球AI,13134.5,947589.3,6643.0,483000.0,0.5097144933991973,35.0,30.0,流動性偏低，短線進出可能有滑價風險
2026-07-06,00852L,國泰美國道瓊正2,254493.9,8579972.75,23512.0,836513.0,0.097495997292066,50.0,50.0,
2026-07-06,00861,元大全球未來通訊,265492.2,24616850.1,237021.0,21740656.0,0.8831615706999003,60.0,65.0,
2026-07-06,00865B,國泰US短期公債,4071646.0,196739204.3,3684218.0,179866761.0,0.9142395469167809,92.0,90.0,
2026-07-06,00875,國泰網路資安,214539.25,10343403.1,66714.0,3454518.0,0.3339827295331843,50.0,50.0,
2026-07-06,00876,元大全球5G,424644.85,42514098.7,417102.0,41284496.0,0.9710777662563971,60.0,65.0,
2026-07-06,00878,國泰永續高股息,51933084.1,1692606323.05,34606525.0,1161670987.0,0.6863208362040865,92.0,90.0,
2026-07-06,00881,國泰台灣科技龍頭,12126256.5,657909473.05,11298849.0,627938903.0,0.9544457538951985,92.0,90.0,
2026-07-06,00882,中信中國高股息,13129759.85,201401522.4,7582976.0,114179280.0,0.5669236192427113,92.0,90.0,
2026-07-06,00885,富邦越南,3452596.35,64599670.95,3209109.0,61457787.0,0.9513637778057443,75.0,80.0,
2026-07-06,00891,中信關鍵半導體,21659445.1,787716116.8,14333032.0,542429778.0,0.688610739873591,92.0,90.0,
2026-07-06,00892,富邦台灣半導體,3594708.8,161901060.8,11065215.0,508251485.0,3.139272111551229,92.0,90.0,
2026-07-06,00893,國泰智能電動車,1141430.85,52257529.8,1093655.0,50324821.0,0.9630156877411378,75.0,80.0,
2026-07-06,00894,中信小資高價30,1954582.5,94946071.3,1394888.0,69208786.0,0.7289273274016974,75.0,80.0,
2026-07-06,00895,富邦未來車,769457.7,39447397.25,853315.0,43919622.0,1.113371858773268,60.0,65.0,
2026-07-06,00896,中信綠能及電動車,10268599.4,288184833.25,7255907.0,207374568.0,0.7195887641321597,92.0,90.0,
2026-07-06,00897,富邦基因免疫生技,1366469.45,14557653.4,1580996.0,18630493.0,1.2797730848572064,50.0,50.0,
2026-07-06,00898,國泰基因免疫革命,1150987.25,10266503.95,1415963.0,13790776.0,1.3432786922562867,50.0,50.0,
2026-07-06,00899,FT潔淨能源,169953.1,4510671.8,84009.0,2188169.0,0.4851093355983027,35.0,30.0,流動性偏低，短線進出可能有滑價風險
2026-07-06,00900,富邦特選高股息30,7334876.75,141622426.4,4723955.0,92634698.0,0.6540962498295397,92.0,90.0,
2026-07-06,00901,永豐智能車供應鏈,516999.3,23927408.6,122257.0,5841916.0,0.24415163788359429,60.0,65.0,
2026-07-06,00902,中信電池及儲能,1803419.4,27403107.15,1369649.0,19608088.0,0.715542507375847,60.0,65.0,
2026-07-06,00903,富邦元宇宙,285230.0,6088232.65,286881.0,6034062.0,0.9911024014497869,50.0,50.0,
2026-07-06,00904,新光臺灣半導體30,2308557.7,97972191.3,2440040.0,106807625.0,1.0901830772871568,75.0,80.0,
2026-07-06,00905,FT臺灣Smart,2191386.15,60990465.8,4336765.0,124473383.0,2.040866246343703,75.0,80.0,
2026-07-06,00907,永豐優息存股,1652481.0,27030358.85,2008978.0,33173456.0,1.22726657770583,60.0,65.0,
2026-07-06,00908,富邦入息REITs+,189630.1,2836215.25,121419.0,1869230.0,0.6590578765134275,35.0,30.0,流動性偏低，短線進出可能有滑價風險
2026-07-06,00909,國泰數位支付服務,1729977.0,83850469.9,2018517.0,93393246.0,1.113807067645306,75.0,80.0,
2026-07-06,00910,第一金太空衛星,4994473.35,335547166.25,1473669.0,95959739.0,0.28597988197136204,92.0,90.0,
2026-07-06,00911,兆豐洲際半導體,648378.5,42196470.7,441402.0,28071378.0,0.6652541678088731,60.0,65.0,
2026-07-06,00912,中信臺灣智慧50,960229.1,32376624.55,761139.0,26675398.0,0.8239091743119961,60.0,65.0,
2026-07-06,00913,兆豐台灣晶圓製造,2709894.4,143756875.2,2474808.0,135028315.0,0.9392824851830114,92.0,90.0,
2026-07-06,00915,凱基優選高股息30,5540892.55,175259449.1,2669218.0,86752224.0,0.4949931341533585,92.0,90.0,
2026-07-06,00916,國泰全球品牌50,6587560.0,179562336.4,2540012.0,66141679.0,0.36834940069314,92.0,90.0,
2026-07-06,00917,中信特選金融,806218.25,17940337.35,643239.0,14720329.0,0.8205157301571031,50.0,50.0,
2026-07-06,00918,大華優利高填息30,70395951.95,2215316345.7,28015942.0,900992469.0,0.4067105227426572,92.0,90.0,
2026-07-06,00919,群益台灣精選高息,143524577.05,4322780062.75,62844992.0,1874441443.0,0.43361943374180056,92.0,90.0,
2026-07-06,00920,富邦ESG綠色電力,373658.35,9773256.25,518717.0,13489046.0,1.380199767094002,50.0,50.0,
2026-07-06,00921,兆豐龍頭等權重,407421.8,9367556.85,207555.0,4948589.0,0.528268905034721,50.0,50.0,
2026-07-06,00922,國泰台灣領袖50,12178035.7,491336692.35,15409933.0,641934716.0,1.3065067722292611,92.0,90.0,
2026-07-06,00923,群益台ESG低碳50,5491543.65,231739147.45,4555563.0,197469306.0,0.8521188939068051,92.0,90.0,
2026-07-06,00924,復華S&P500成長,2241852.75,71890709.3,1761738.0,57350154.0,0.797740828521774,75.0,80.0,
2026-07-06,00926,凱基全球菁英55,926080.5,22791654.65,226712.0,5636284.0,0.24729595488145045,60.0,65.0,
2026-07-06,00927,群益半導體收益,29667207.3,1228791132.25,66095257.0,2846879492.0,2.3168131810873103,92.0,90.0,
2026-07-06,00929,復華台灣科技優息,35893998.1,1084043899.45,27171621.0,856158063.0,0.7897817269525523,92.0,90.0,
2026-07-06,00930,永豐ESG低碳高息,1197855.0,29694032.1,720599.0,18137316.0,0.610806775547333,60.0,65.0,
2026-07-06,00932,兆豐永續高息等權,1038137.05,18266295.65,929729.0,16929970.0,0.9268420003921266,50.0,50.0,
2026-07-06,00934,中信成長高股息,3810926.65,107403301.15,3008542.0,86504302.0,0.8054156722723788,92.0,90.0,
2026-07-06,00935,野村臺灣新科技50,18413023.4,1111824946.55,10448972.0,648520852.0,0.5832940284460827,92.0,90.0,
2026-07-06,00936,台新永續高息中小,1839916.3,38205916.4,1766198.0,37780277.0,0.9888593327917139,60.0,65.0,
2026-07-06,00938,凱基優選30,2225336.55,53625369.4,2233583.0,54908730.0,1.0239319675437053,75.0,80.0,
2026-07-06,00939,統一台灣高息動能,5226268.3,110933422.3,6335938.0,135865109.0,1.2247445916937154,92.0,90.0,
2026-07-06,00940,元大台灣價值高息,21429231.2,266513566.6,16755803.0,214237493.0,0.8038521105439291,92.0,90.0,
2026-07-06,00941,中信上游半導體,2663009.15,75052915.65,1401843.0,40176738.0,0.5353121547916839,75.0,80.0,
2026-07-06,00943,兆豐電子高息等權,297929.85,6619867.25,116158.0,2704429.0,0.40853221037023063,50.0,50.0,
2026-07-06,00944,野村趨勢動能高息,933712.65,20267724.95,400213.0,8944432.0,0.4413140607574705,60.0,65.0,
2026-07-06,00945B,凱基美國非投等債,6571850.9,95137391.45,5473974.0,80059287.0,0.8415123200227286,75.0,80.0,
2026-07-06,00946,群益科技高息成長,4917928.1,74873394.8,6509371.0,103311797.0,1.3798198582549113,75.0,80.0,
2026-07-06,00947,台新臺灣IC設計,11139357.05,438189287.65,6973091.0,272015285.0,0.6207711887682429,92.0,90.0,
2026-07-06,00949,復華日本龍頭,860367.4,17645274.45,595590.0,12552300.0,0.7113689297136435,50.0,50.0,
2026-07-06,00951,台新日本半導體,4258591.75,83400690.3,3332398.0,67816204.0,0.8131372025346414,75.0,80.0,
2026-07-06,00952,凱基台灣AI50,3531761.85,65255635.5,3647807.0,69594371.0,1.0664882882030933,75.0,80.0,
2026-07-06,00953B,群益優選非投等債,31947255.65,307680508.5,26046856.0,252494976.0,0.8206401413952421,92.0,90.0,
2026-07-06,00954,中信日本半導體,5436312.8,112844749.45,3095292.0,67345320.0,0.5967962207212822,92.0,90.0,
2026-07-06,00956,中信日經高股息,493181.6,6030683.1,356453.0,4501994.0,0.7465147687829925,50.0,50.0,
2026-07-06,00960,野村全球航運龍頭,706754.05,12337524.75,951126.0,16515894.0,1.338671600233264,50.0,50.0,
2026-07-06,00961,FT臺灣永續高息,8337267.1,106723840.4,21133565.0,272782987.0,2.5559704933556717,92.0,90.0,
2026-07-06,00962,台新AI優息動能,954103.05,14126547.3,667425.0,10183018.0,0.7208426647890104,50.0,50.0,
2026-07-06,00963,中信全球高股息,1189927.8,14957729.1,985198.0,12535575.0,0.8380667223074658,50.0,50.0,
2026-07-06,00964,中信亞太高股息,3181697.35,45062944.75,2899024.0,41474053.0,0.9203582506666966,60.0,65.0,
2026-07-06,00965,元大航太防衛科技,3261299.1,81794919.5,6513299.0,169124459.0,2.0676645937648974,75.0,80.0,
2026-07-06,00971,野村美國研發龍頭,430001.35,7172238.85,646819.0,11072071.0,1.5437398602529808,50.0,50.0,
2026-07-06,00972,野村日本動能高息,139182.45,2702144.3,241164.0,4871486.0,1.8028222993124388,35.0,30.0,流動性偏低，短線進出可能有滑價風險
2026-07-06,009800,中信NASDAQ,1663865.5,21714367.85,1889847.0,24860421.0,1.1448834786134472,60.0,65.0,
2026-07-06,009801,中信美國創新科技,1295363.4,15766087.9,536912.0,6585932.0,0.41772772305804534,50.0,50.0,
2026-07-06,009802,富邦旗艦50,6663069.9,130094874.6,3843982.0,75638463.0,0.5814100150568114,92.0,90.0,
2026-07-06,009803,玉山市值動能50,4191250.05,90639600.65,1951540.0,42856630.0,0.47282456776799575,75.0,80.0,
2026-07-06,009804,聯邦台精彩50,1892430.45,45258098.7,6210325.0,151688063.0,3.351622524080977,60.0,65.0,
2026-07-06,009805,新光美國電力基建,9855953.25,163616562.55,5846581.0,98236378.0,0.6004060742321223,92.0,90.0,
2026-07-06,009808,華南永昌優選50,752099.05,23352585.55,272014.0,8764644.0,0.3753179270549766,60.0,65.0,
2026-07-06,009809,富邦淨零ESG50,1023575.9,17770291.45,827912.0,15088517.0,0.8490866366741554,50.0,50.0,
2026-07-06,00980A,主動野村臺灣優選,11140945.2,271407753.35,11112490.0,275154307.0,1.0138041511480644,92.0,90.0,
2026-07-06,009810,玉山全球藍籌100,276006.35,5577429.95,440417.0,9053869.0,1.6233048341557386,50.0,50.0,
2026-07-06,009811,統一美國50,2721079.2,34659959.35,1182346.0,15380795.0,0.4437626381693953,60.0,65.0,
2026-07-06,009812,野村日本東證,702636.6,8630327.35,517725.0,6565068.0,0.7606974490950219,50.0,50.0,
2026-07-06,009813,貝萊德標普卓越50,3665704.45,40095756.8,2391723.0,26475099.0,0.6602967773387932,60.0,65.0,
2026-07-06,009816,凱基台灣TOP50,184940907.85,2827448581.2,121556536.0,1913116128.0,0.6766227830704008,92.0,90.0,
2026-07-06,009817,國泰日本不動產,2259489.55,19854593.2,1804788.0,16446784.0,0.8283616709910733,50.0,50.0,
2026-07-06,009818,華南永昌NASDAQxT,410025.95,8025140.25,235009.0,4643774.0,0.5786533138782216,50.0,50.0,
2026-07-06,009819,中信數據及電力,12112280.6,124508485.75,8145400.0,82040519.0,0.6589150812156592,92.0,90.0,
2026-07-06,00981A,主動統一台股增長,259601784.3,8020637004.65,245323341.0,7741678528.0,0.9652199100285586,92.0,90.0,
2026-07-06,00981T,平衡凱基雙核收息,3960179.6,48305191.3,1648505.0,20432034.0,0.4229780164435453,60.0,65.0,
2026-07-06,009820,元大納斯達克精選,15509505.65,155241940.7,5327585.0,52418602.0,0.337657476862501,92.0,90.0,
2026-07-06,009821,野村稀土關鍵資源,62943279.461538464,962975906.7692307,15895847.0,229040108.0,0.23784614587962644,92.0,90.0,價量資料少於 20 日
2026-07-06,009824,群益美國科技巨頭,55322083.5,552916252.125,14350919.0,143094482.0,0.2587995586131732,92.0,90.0,價量資料少於 20 日
2026-07-06,00982A,主動群益台灣強棒,36284051.05,872400430.75,27102336.0,688513322.0,0.7892170816652248,92.0,90.0,
2026-07-06,00982D,主動富邦動態入息,1080153.2,10788474.35,2563330.0,25736762.0,2.385579384540132,50.0,50.0,
2026-07-06,00982T,平衡兆豐台美動能,92411.45,1448671.55,70765.0,1134310.0,0.7830001217322173,35.0,30.0,流動性偏低，短線進出可能有滑價風險
2026-07-06,00983A,主動中信ARK創新,5117706.5,59894542.1,2418060.0,30094576.0,0.5024594052285107,75.0,80.0,
2026-07-06,00983D,主動富邦複合收益,1112314.9,11276646.85,822283.0,8413437.0,0.7460938621129206,50.0,50.0,
2026-07-06,00984A,主動安聯台灣高息,9121993.6,150375968.75,23133395.0,389892697.0,2.5927859367489527,92.0,90.0,
2026-07-06,00984D,主動聯博全球非投,12434106.5,125680988.35,10948738.0,111000934.0,0.8831959030341283,92.0,90.0,
2026-07-06,00985A,主動野村台灣50,5290210.35,115997315.35,4910109.0,110034867.0,0.9485983935748045,92.0,90.0,
2026-07-06,00985B,群益ESG投等債0-5,6732013.95,68759014.15,5619325.0,57863251.0,0.841536949232132,75.0,80.0,
2026-07-06,00986A,主動台新龍頭成長,615084.2,9262697.8,269627.0,4081169.0,0.44060262875034095,50.0,50.0,
2026-07-06,00987A,主動台新優勢成長,4778840.55,81527729.65,4011886.0,68866620.0,0.8447018001806946,75.0,80.0,
2026-07-06,00988A,主動統一全球創新,102078087.95,2228026799.85,87407326.0,1834272830.0,0.8232723368154687,92.0,90.0,
2026-07-06,00989A,主動摩根美國科技,2715668.1,48647959.5,1109605.0,19920092.0,0.40947435832329204,60.0,65.0,
2026-07-06,00990A,主動元大AI新經濟,54360022.0,1089877583.4,42216842.0,819962483.0,0.7523436535340341,92.0,90.0,
2026-07-06,00991A,主動復華未來50,115759403.35,2324929769.1,196714655.0,3993587981.0,1.7177241369084244,92.0,90.0,
2026-07-06,00992A,主動群益科技創新,57467336.55,1056727539.4,54965378.0,1031752903.0,0.9763660589235894,92.0,90.0,
2026-07-06,00993A,主動安聯台灣,10658434.1,146924763.15,10805731.0,152831058.0,1.040199451225047,92.0,90.0,
2026-07-06,00994A,主動第一金台股優,9595476.55,171741027.6,7733112.0,138224965.0,0.8048453356290504,92.0,90.0,
2026-07-06,00995A,主動中信台灣卓越,6878319.15,122665175.5,6495227.0,118424080.0,0.9654254316050769,92.0,90.0,
2026-07-06,00996A,主動兆豐台灣豐收,10212394.7,158074633.75,12198065.0,193238617.0,1.2224517774661616,92.0,90.0,
2026-07-06,00997A,主動群益美國增長,31493906.65,434565777.15,38234949.0,504973228.0,1.1620179373344839,92.0,90.0,
2026-07-06,00999A,主動野村臺灣高息,27182156.0,300663446.55,15173711.0,168947385.0,0.5619152808184956,92.0,90.0,
2026-07-06,01001T,土銀富邦R1,37378.5,432690.9,159310.0,1831105.0,4.231900878895304,35.0,30.0,流動性偏低，短線進出可能有滑價風險
2026-07-06,01002T,土銀國泰R1,99724.6,1388775.45,40000.0,551590.0,0.3971772398482419,35.0,30.0,流動性偏低，短線進出可能有滑價風險
2026-07-06,01003T,兆豐新光R1,359000.0,5210030.0,359000.0,5210030.0,1.0,50.0,50.0,價量資料少於 20 日
2026-07-06,01004T,土銀富邦R2,109219.65,1136459.4,72000.0,742600.0,0.6534329338997944,35.0,30.0,流動性偏低，短線進出可能有滑價風險
2026-07-06,01007T,兆豐國泰R2,172388.55,2165225.55,496000.0,6151540.0,2.8410619854361134,35.0,30.0,流動性偏低，短線進出可能有滑價風險
2026-07-06,01009T,王道圓滿R1,50562.0,288788.5,11000.0,62590.0,0.2167330070276344,35.0,30.0,流動性偏低，短線進出可能有滑價風險
2026-07-06,01010T,京城樂富R1,1242078.7,12443004.15,179050.0,1788270.0,0.1437169013561729,50.0,50.0,
2026-07-06,020000,富邦特選蘋果N,6105.263157894737,209921.05263157896,1000.0,36280.0,0.17282687727215745,35.0,30.0,價量資料少於 20 日；流動性偏低，短線進出可能有滑價風險
2026-07-06,020011,統一微波高息20N,3000.0,45800.0,1000.0,15300.0,0.33406113537117904,35.0,30.0,價量資料少於 20 日；流動性偏低，短線進出可能有滑價風險
2026-07-06,020012,富邦行動通訊N,6888.888888888889,171570.0,1000.0,24400.0,0.14221600512910182,35.0,30.0,價量資料少於 20 日；流動性偏低，短線進出可能有滑價風險
2026-07-06,02001L,富邦蘋果正二N,191200.0,33510005.0,116000.0,20914750.0,0.6241344935639371,60.0,65.0,
2026-07-06,02001R,富邦蘋果反一N,9173000.0,4032230.0,9173000.0,4032230.0,1.0,35.0,30.0,價量資料少於 20 日；流動性偏低，短線進出可能有滑價風險
2026-07-06,020020,元大台股領航N,19650.0,554695.0,8000.0,224460.0,0.40465481030115646,35.0,30.0,流動性偏低，短線進出可能有滑價風險
2026-07-06,020028,元大特選電動車N,17650.0,363638.0,13000.0,257740.0,0.7087818104818528,35.0,30.0,流動性偏低，短線進出可能有滑價風險
2026-07-06,020029,元大ESG高股息N,13000.0,236190.0,6000.0,112130.0,0.47474490875989667,35.0,30.0,流動性偏低，短線進出可能有滑價風險
2026-07-06,020030,統一智慧電動車N,55250.0,1042432.5,24000.0,461280.0,0.44250347144779156,35.0,30.0,流動性偏低，短線進出可能有滑價風險
2026-07-06,020031,統一IC設計臺灣N,80200.0,837922.5,28000.0,296760.0,0.35416163189316435,35.0,30.0,流動性偏低，短線進出可能有滑價風險
2026-07-06,020032,元大綠能N,11250.0,123586.0,2000.0,21500.0,0.1739679251695176,35.0,30.0,流動性偏低，短線進出可能有滑價風險
2026-07-06,020034,元大IC設計N,41750.0,598886.5,16000.0,229250.0,0.3827937347059919,35.0,30.0,流動性偏低，短線進出可能有滑價風險
2026-07-06,020036,元大金融配息N,8700.0,82947.0,10000.0,96780.0,1.166769141741112,35.0,30.0,流動性偏低，短線進出可能有滑價風險
2026-07-06,020037,元大金融高股息N,14000.0,140164.5,1000.0,10660.0,0.07605349428706984,35.0,30.0,流動性偏低，短線進出可能有滑價風險
2026-07-06,020038,元大ESG配息N,21700.0,296210.5,3000.0,43290.0,0.14614606842093714,35.0,30.0,流動性偏低，短線進出可能有滑價風險
2026-07-06,020039,元大加權N,99800.0,1421902.0,2000.0,29880.0,0.02101410645740705,35.0,30.0,流動性偏低，短線進出可能有滑價風險
2026-07-06,1101,台泥,33024548.05,797775455.4,15832509.0,376081185.0,0.47141232843699743,92.0,90.0,
2026-07-06,1101B,台泥乙特,46534.5,2103688.1,5110.0,223666.0,0.10632089424283,35.0,30.0,流動性偏低，短線進出可能有滑價風險
2026-07-06,1102,亞泥,20482036.65,726441720.55,11488969.0,422198512.0,0.5811870382118846,92.0,90.0,
2026-07-06,1103,嘉泥,348185.55,4707063.8,351094.0,4827666.0,1.0256215350214715,35.0,30.0,流動性偏低，短線進出可能有滑價風險
2026-07-06,1104,環泥,1270037.15,35704544.5,782068.0,21540307.0,0.6032931466189129,60.0,65.0,
2026-07-06,1108,幸福,389091.75,5364589.5,496674.0,6969748.0,1.299213667700017,50.0,50.0,
2026-07-06,1109,信大,175771.6,2561531.6,84345.0,1244931.0,0.48601040096479775,35.0,30.0,流動性偏低，短線進出可能有滑價風險
2026-07-06,1110,東泥,284968.8,4431616.75,453057.0,7295437.0,1.6462247102031105,35.0,30.0,流動性偏低，短線進出可能有滑價風險
2026-07-06,1201,味全,468646.1,5812926.85,885935.0,11248855.0,1.9351447713469851,50.0,50.0,
2026-07-06,1203,味王,20549.9,879277.7,23165.0,986800.0,1.1222848026283392,35.0,30.0,流動性偏低，短線進出可能有滑價風險
2026-07-06,1210,大成,4534773.4,252386453.9,3934081.0,232460483.0,0.9210497608247429,92.0,90.0,
2026-07-06,1213,大飲,28119.35,221795.75,90322.0,678651.0,3.059801641825869,35.0,30.0,流動性偏低，短線進出可能有滑價風險
2026-07-06,1215,卜蜂,1924582.5,221621508.35,1822124.0,203864005.0,0.9198746390537325,92.0,90.0,
2026-07-06,1216,統一,14708515.2,1107320126.3,22603259.0,1758364529.0,1.5879459672383993,92.0,90.0,
2026-07-06,1217,愛之味,659790.9,6537485.9,1132014.0,11508371.0,1.760366473601113,50.0,50.0,
2026-07-06,1218,泰山,1378616.5,25022221.3,1040070.0,17935627.0,0.7167879615867676,60.0,65.0,
2026-07-06,1219,福壽,476771.75,5913643.65,1433046.0,17610188.0,2.977891303950991,50.0,50.0,
2026-07-06,1220,台榮,117404.5,1368558.15,69911.0,827324.0,0.604522358074445,35.0,30.0,流動性偏低，短線進出可能有滑價風險
2026-07-06,1225,福懋油,424826.8,12960997.0,427765.0,11992574.0,0.9252817510875128,50.0,50.0,
2026-07-06,1227,佳格,1744104.85,50693684.85,2862048.0,87186850.0,1.7198759620252777,75.0,80.0,
2026-07-06,1229,聯華,3399540.1,144494851.5,4947554.0,217064651.0,1.5022310396990166,92.0,90.0,
2026-07-06,1231,聯華食,333823.3,29288519.9,410006.0,36536953.0,1.2474837624007078,60.0,65.0,
2026-07-06,1232,大統益,272391.7,39712993.3,933086.0,140900926.0,3.547980504405847,60.0,65.0,
2026-07-06,1233,天仁,26058.4,729148.75,36554.0,1027170.0,1.4087249000975453,35.0,30.0,流動性偏低，短線進出可能有滑價風險
2026-07-06,1234,黑松,191176.6,6596062.05,91504.0,3042597.0,0.46127476923901894,50.0,50.0,
2026-07-06,1235,興泰,39125.65,1452377.0,302020.0,11129347.0,7.662849934968675,35.0,30.0,流動性偏低，短線進出可能有滑價風險
2026-07-06,1236,宏亞,54603.5,1400905.25,85256.0,2185759.0,1.560247561353632,35.0,30.0,流動性偏低，短線進出可能有滑價風險
2026-07-06,1256,鮮活果汁-KY,125780.1,22804620.75,173009.0,34371770.0,1.507228310297596,60.0,65.0,
2026-07-06,1262,綠悅-KY,2044773.0,136873891.0,2044773.0,136873891.0,1.0,92.0,90.0,價量資料少於 20 日
2026-07-06,1301,台塑,63535326.7,3450378270.3,75892637.0,4654512061.0,1.3489860230876378,92.0,90.0,
2026-07-06,1303,南亞,67327102.9,9340478732.15,25164642.0,4771754044.0,0.5108682521352558,92.0,90.0,
2026-07-06,1304,台聚,8008723.55,111537326.7,31764016.0,473229202.0,4.24278773753325,92.0,90.0,
2026-07-06,1305,華夏,4225910.2,57298891.95,8373855.0,119279219.0,2.0817020179741887,75.0,80.0,
2026-07-06,1307,三芳,1642978.6,58336953.9,2761151.0,92995637.0,1.594111978479562,75.0,80.0,
2026-07-06,1308,亞聚,3736953.5,54821348.9,17773474.0,280554154.0,5.117607640624837,75.0,80.0,
2026-07-06,1309,台達化,5119816.45,78829704.75,16674364.0,265201752.0,3.3642362716067384,75.0,80.0,
2026-07-06,1310,台苯,10371684.35,107504251.65,38501497.0,460431522.0,4.282914535315497,92.0,90.0,
2026-07-06,1312,國喬,21919748.45,311068561.2,45851882.0,663527288.0,2.1330580160217103,92.0,90.0,
2026-07-06,1312A,國喬特,10775.45,236272.2,8000.0,177200.0,0.749982435512938,35.0,30.0,流動性偏低，短線進出可能有滑價風險
2026-07-06,1313,聯成,10974068.9,139504977.4,35079980.0,486731306.0,3.488988816538097,92.0,90.0,
2026-07-06,1314,中石化,65604296.3,593718294.2,368709661.0,3710188525.0,6.249072264143819,92.0,90.0,
2026-07-06,1315,達新,39102.15,2434590.95,21076.0,1350623.0,0.5547638300388819,35.0,30.0,流動性偏低，短線進出可能有滑價風險
2026-07-06,1316,上曜,3407121.95,37178050.05,2539821.0,27818627.0,0.7482540628835375,60.0,65.0,
2026-07-06,1319,東陽,8031521.25,715567871.15,3448354.0,268475105.0,0.3751916705937755,92.0,90.0,
2026-07-06,1321,大洋,252183.45,7836087.6,167423.0,5331060.0,0.6803216441837634,50.0,50.0,
2026-07-06,1323,永裕,107272.55,2132256.85,227950.0,4661092.0,2.185989928933749,35.0,30.0,流動性偏低，短線進出可能有滑價風險
2026-07-06,1324,地球,104816.1,1104285.45,158437.0,1709673.0,1.548216541293739,35.0,30.0,流動性偏低，短線進出可能有滑價風險
2026-07-06,1325,恆大,311842.35,7982245.5,128577.0,3260349.0,0.40845010342014665,50.0,50.0,
2026-07-06,1326,台化,45051364.7,2624420866.85,129752660.0,8944338744.0,3.4081190471311773,92.0,90.0,
2026-07-06,1337,再生-KY,910464.35,4798109.5,3990720.0,22525410.0,4.694642754609915,35.0,30.0,流動性偏低，短線進出可能有滑價風險
2026-07-06,1338,廣華-KY,202676.7,3415194.75,116993.0,2063555.0,0.60422762127987,35.0,30.0,流動性偏低，短線進出可能有滑價風險
2026-07-06,1339,昭輝,165796.1,7282382.85,227814.0,10353226.0,1.4216810916498301,50.0,50.0,
2026-07-06,1340,勝悅-KY,263987.35,1484772.15,1096468.0,6508884.0,4.383759487945676,35.0,30.0,流動性偏低，短線進出可能有滑價風險
2026-07-06,1341,富林-KY,13234.95,801642.95,8476.0,493612.0,0.6157504410161656,35.0,30.0,流動性偏低，短線進出可能有滑價風險
2026-07-06,1342,八貫,1344932.75,151436599.7,576560.0,66815509.0,0.441211101757193,92.0,90.0,
2026-07-06,1402,遠東新,30970284.9,872499465.0,12555083.0,368845831.0,0.42274619732861385,92.0,90.0,
2026-07-06,1409,新纖,34994711.75,987007722.4,145215698.0,4573895432.0,4.634102984400317,92.0,90.0,
2026-07-06,1410,南染,133764.0,3398997.7,418412.0,10876244.0,3.1998385877107243,35.0,30.0,流動性偏低，短線進出可能有滑價風險
2026-07-06,1413,宏洲,31735.8,298885.6,64500.0,603210.0,2.0181969288583996,35.0,30.0,流動性偏低，短線進出可能有滑價風險
2026-07-06,1414,東和,267935.65,4767184.55,190268.0,3687829.0,0.7735863718554802,35.0,30.0,流動性偏低，短線進出可能有滑價風險
2026-07-06,1416,廣豐,397823.5,4425679.45,300228.0,3369436.0,0.761337561399753,35.0,30.0,流動性偏低，短線進出可能有滑價風險
2026-07-06,1417,嘉裕,362323.8,3178501.25,598021.0,5447620.0,1.7138958180368813,35.0,30.0,流動性偏低，短線進出可能有滑價風險
2026-07-06,1418,東華,34811.8,648130.45,215099.0,4134083.0,6.378473654493475,35.0,30.0,流動性偏低，短線進出可能有滑價風險
2026-07-06,1419,新紡,167769.5,11079724.8,531538.0,36449514.0,3.2897490378100365,50.0,50.0,
2026-07-06,1423,利華,724166.4,32100818.7,32585.0,1199605.0,0.037369919166578766,60.0,65.0,
2026-07-06,1432,大魯閣,583289.4,9748768.5,319052.0,4922187.0,0.5049034654992577,50.0,50.0,
2026-07-06,1434,福懋,5350851.95,95251216.0,15464215.0,293523644.0,3.0815737197517774,75.0,80.0,
2026-07-06,1435,中福,61985.416666666664,1469058.25,30494.0,817226.0,0.5562924410927885,35.0,30.0,價量資料少於 20 日；流動性偏低，短線進出可能有滑價風險
2026-07-06,1436,華友聯,605631.8,27729534.2,332284.0,15212302.0,0.5485956558188417,60.0,65.0,
2026-07-06,1437,勤益控,131278.85,3930843.1,170955.0,5404000.0,1.3747686851199936,35.0,30.0,流動性偏低，短線進出可能有滑價風險
2026-07-06,1438,三地開發,215521.45,4934370.2,39155.0,876056.0,0.1775416039923393,35.0,30.0,流動性偏低，短線進出可能有滑價風險
2026-07-06,1439,雋揚,31485.7,770133.35,8935.0,213428.0,0.27713122668950774,35.0,30.0,流動性偏低，短線進出可能有滑價風險
2026-07-06,1440,南紡,4157204.25,57137864.0,14971697.0,222770609.0,3.8988263369453224,75.0,80.0,
2026-07-06,1441,大東,57771.05,533008.3,80956.0,783410.0,1.4697894948352586,35.0,30.0,流動性偏低，短線進出可能有滑價風險
2026-07-06,1442,名軒,466288.15,12865421.4,483992.0,13913091.0,1.0814329797234625,50.0,50.0,
2026-07-06,1443,立益物流,22909.4,609467.35,10130.0,265569.0,0.4357395026985449,35.0,30.0,流動性偏低，短線進出可能有滑價風險
2026-07-06,1444,力麗,7718888.35,69059312.1,15947409.0,151448604.0,2.1930221920064565,75.0,80.0,
2026-07-06,1445,大宇,201841.65,2383972.05,253611.0,3087302.0,1.2950244110454232,35.0,30.0,流動性偏低，短線進出可能有滑價風險
2026-07-06,1446,宏和,451090.65,7690111.75,1010054.0,17727704.0,2.3052596082235084,50.0,50.0,
2026-07-06,1447,力鵬,7191238.0,62241079.35,20850345.0,205900198.0,3.3081077666112164,75.0,80.0,
2026-07-06,1449,佳和,3031140.95,45767865.1,3633602.0,54439874.0,1.1894781170380613,60.0,65.0,
2026-07-06,1451,年興,183266.7,3098827.85,228953.0,3984065.0,1.2856683858704832,35.0,30.0,流動性偏低，短線進出可能有滑價風險
2026-07-06,1452,宏益,164082.95,1853174.25,427346.0,5109512.0,2.757167600402391,35.0,30.0,流動性偏低，短線進出可能有滑價風險
2026-07-06,1453,大將,154730.9,1803618.3,91544.0,1054649.0,0.584740684877726,35.0,30.0,流動性偏低，短線進出可能有滑價風險
2026-07-06,1454,台富,35746.05,460465.05,42925.0,559546.0,1.2151758314773293,35.0,30.0,流動性偏低，短線進出可能有滑價風險
2026-07-06,1455,集盛,3355745.6,34639967.2,15036236.0,170762268.0,4.92963134214515,60.0,65.0,
2026-07-06,1456,怡華,134398.0,1952964.2,100104.0,1413167.0,0.7236010777872938,35.0,30.0,流動性偏低，短線進出可能有滑價風險
2026-07-06,1457,宜進,265945.15,3854633.15,158035.0,2327027.0,0.6036961001074772,35.0,30.0,流動性偏低，短線進出可能有滑價風險
2026-07-06,1459,聯發,184516.7,2174213.05,269834.0,3268706.0,1.5033972866642487,35.0,30.0,流動性偏低，短線進出可能有滑價風險
2026-07-06,1460,宏遠,1731289.25,13589941.3,6049672.0,50440065.0,3.7115734267373175,50.0,50.0,
2026-07-06,1463,強盛新,69530.6,1217868.3,121615.0,2146041.0,1.7621289592643146,35.0,30.0,流動性偏低，短線進出可能有滑價風險
2026-07-06,1464,得力,804916.9,8450563.6,1301138.0,14543724.0,1.721035979186051,50.0,50.0,
2026-07-06,1465,偉全,159243.0,2026770.6,748096.0,10068399.0,4.967705274588056,35.0,30.0,流動性偏低，短線進出可能有滑價風險
2026-07-06,1466,聚隆,1167599.85,18808761.35,5769261.0,104084808.0,5.533847022839704,50.0,50.0,
2026-07-06,1467,南緯,722190.85,6285787.9,5797832.0,55868832.0,8.888119180731504,50.0,50.0,
2026-07-06,1468,昶和,49176.0,581467.25,37040.0,453895.0,0.7806028628439521,35.0,30.0,流動性偏低，短線進出可能有滑價風險
2026-07-06,1469,理隆,1010.0,14439.0,1010.0,14439.0,1.0,35.0,30.0,價量資料少於 20 日；流動性偏低，短線進出可能有滑價風險
2026-07-06,1470,大統新創,12264.95,271677.1,1000.0,21700.0,0.079874233050927,35.0,30.0,流動性偏低，短線進出可能有滑價風險
2026-07-06,1471,首利,838141.15,9230607.1,705896.0,7801461.0,0.8451731197615377,50.0,50.0,
2026-07-06,1472,三洋實業,280613.4,27468728.1,37159.0,3263095.0,0.11879308674652467,60.0,65.0,
2026-07-06,1473,台南,121399.8,2461860.85,160489.0,3342044.0,1.3575275791887262,35.0,30.0,流動性偏低，短線進出可能有滑價風險
2026-07-06,1474,弘裕,217131.55,2315689.75,1229112.0,13635310.0,5.88822833455993,35.0,30.0,流動性偏低，短線進出可能有滑價風險
2026-07-06,1475,業旺,30167.1,808147.75,11034.0,307348.0,0.3803116447456545,35.0,30.0,流動性偏低，短線進出可能有滑價風險
2026-07-06,1476,儒鴻,1784008.8,585662267.55,885251.0,288805604.0,0.4931265338437459,92.0,90.0,
2026-07-06,1477,聚陽,3202971.9,706455972.25,3149459.0,725838850.0,1.027436780933803,92.0,90.0,
2026-07-06,1503,士電,5438764.95,1278041649.8,4140994.0,1008878402.0,0.7893939936604404,92.0,90.0,
2026-07-06,1504,東元,17431546.0,1238676247.7,28733010.0,2111662374.0,1.70477344497481,92.0,90.0,
2026-07-06,1506,正道,407681.45,4165172.55,321278.0,3392442.0,0.8144781420880151,35.0,30.0,流動性偏低，短線進出可能有滑價風險
2026-07-06,1507,永大,318042.0,15145382.0,318042.0,15145382.0,1.0,50.0,50.0,價量資料少於 20 日
2026-07-06,1512,瑞利,130024.65,901908.45,253656.0,1830199.0,2.029251416815088,35.0,30.0,流動性偏低，短線進出可能有滑價風險
2026-07-06,1513,中興電,10190016.55,1785925157.55,7138128.0,1284633669.0,0.7193099126070375,92.0,90.0,
2026-07-06,1514,亞力,6417672.1,796121949.05,15063929.0,1923417813.0,2.415983902083324,92.0,90.0,
2026-07-06,1515,力山,3909294.0,133276022.65,10900004.0,471450957.0,3.5374026597274058,92.0,90.0,
2026-07-06,1516,川飛,46712.65,956989.05,76071.0,1411426.0,1.474861180491041,35.0,30.0,流動性偏低，短線進出可能有滑價風險
2026-07-06,1517,利奇,351194.05,3730497.45,674746.0,7564929.0,2.0278606543478537,35.0,30.0,流動性偏低，短線進出可能有滑價風險
2026-07-06,1519,華城,2781178.3,2213553504.6,2977170.0,2332705589.0,1.053828418491981,92.0,90.0,
2026-07-06,1521,大億,52922.55,1383151.7,20813.0,545353.0,0.39428285415113906,35.0,30.0,流動性偏低，短線進出可能有滑價風險
2026-07-06,1522,堤維西,813165.9,25107015.3,643984.0,19786339.0,0.7880800948888576,60.0,65.0,
2026-07-06,1522A,堤維西甲特,4322.076923076923,215707.53846153847,3000.0,149900.0,0.694922398489693,35.0,30.0,價量資料少於 20 日；流動性偏低，短線進出可能有滑價風險
2026-07-06,1524,耿鼎,710952.0,21117635.7,751791.0,22444814.0,1.062846917091197,60.0,65.0,
2026-07-06,1525,江申,31412.95,2077261.2,14062.0,953925.0,0.4592224608056031,35.0,30.0,流動性偏低，短線進出可能有滑價風險
2026-07-06,1526,日馳,109035.05,1575732.55,163412.0,2436862.0,1.546494676396702,35.0,30.0,流動性偏低，短線進出可能有滑價風險
2026-07-06,1527,鑽全,250669.65,8377759.9,328567.0,11162261.0,1.3323682145629405,50.0,50.0,
2026-07-06,1528,恩德,2932171.25,73531728.85,1478300.0,35798727.0,0.48684734549118386,75.0,80.0,
2026-07-06,1529,樂事綠能,727459.6,16538470.25,845393.0,19744217.0,1.1938357478981467,50.0,50.0,
2026-07-06,1530,亞崴,124653.35,3763889.45,68681.0,2064354.0,0.5484629735870696,35.0,30.0,流動性偏低，短線進出可能有滑價風險
2026-07-06,1531,高林股,204393.2,2633817.65,284822.0,3740107.0,1.4200326283028744,35.0,30.0,流動性偏低，短線進出可能有滑價風險
2026-07-06,1532,勤美,830941.15,19250712.95,496800.0,11708978.0,0.6082360705503118,50.0,50.0,
2026-07-06,1533,車王電,224513.55,8443554.65,128689.0,4859140.0,0.5754851127777091,50.0,50.0,
2026-07-06,1535,中宇,104898.8,5253023.8,28662.0,1442104.0,0.27452835831431033,50.0,50.0,
2026-07-06,1536,和大,2598700.85,130254240.45,4806185.0,255789984.0,1.963774715635371,92.0,90.0,
2026-07-06,1537,廣隆,66749.6,8432586.8,51925.0,6557152.0,0.7775967393540496,50.0,50.0,
2026-07-06,1538,正峰,7666.4,87522.95,12001.0,126060.0,1.4403079420883322,35.0,30.0,流動性偏低，短線進出可能有滑價風險
2026-07-06,1539,巨庭,107650.8,1696137.0,184281.0,3008811.0,1.7739197953938863,35.0,30.0,流動性偏低，短線進出可能有滑價風險
2026-07-06,1540,喬福,347959.2,7750422.65,496681.0,11456732.0,1.478207385244984,50.0,50.0,
2026-07-06,1541,錩泰,31503.35,670866.15,53164.0,1148162.0,1.711462115058272,35.0,30.0,流動性偏低，短線進出可能有滑價風險
2026-07-06,1558,伸興,63742.6,5788923.1,104805.0,9699675.0,1.675557756156754,50.0,50.0,
2026-07-06,1560,中砂,1476247.7,1043412833.05,623502.0,468225536.0,0.4487442756778542,92.0,90.0,
2026-07-06,1563,巧新,2619501.0,173214799.8,5251854.0,372865642.0,2.152619998005505,92.0,90.0,
2026-07-06,1568,倉佑,1154611.45,48047220.6,1031569.0,38968511.0,0.8110461024253295,60.0,65.0,
2026-07-06,1582,信錦,2628823.7,239300648.3,852127.0,70625047.0,0.2951310307837557,92.0,90.0,
2026-07-06,1583,程泰,39011.95,1984061.8,20013.0,1010069.0,0.5090915010812667,35.0,30.0,流動性偏低，短線進出可能有滑價風險
2026-07-06,1587,吉茂,361344.9,10099582.85,639459.0,18620616.0,1.8437014950572934,50.0,50.0,
2026-07-06,1589,永冠-KY,472100.0,29761349.0,472100.0,29761349.0,1.0,60.0,65.0,價量資料少於 20 日
2026-07-06,1590,亞德客-KY,777261.75,1055051369.2,837752.0,1189254320.0,1.12720039489808,92.0,90.0,
2026-07-06,1592,英瑞-KY,27000.0,879600.0,27000.0,879600.0,1.0,35.0,30.0,價量資料少於 20 日；流動性偏低，短線進出可能有滑價風險
2026-07-06,1597,直得,1966762.45,298766165.4,1547161.0,238426010.0,0.7980355127589023,92.0,90.0,
2026-07-06,1598,岱宇,248270.85,5042823.2,141810.0,2773883.0,0.5500654871263383,50.0,50.0,
2026-07-06,1603,華電,295617.5,9386955.3,330265.0,10902361.0,1.1614374045224227,50.0,50.0,
2026-07-06,1604,聲寶,475559.65,11100133.7,850101.0,20210755.0,1.8207668075205257,50.0,50.0,
2026-07-06,1605,華新,44563066.75,1683860993.75,29312334.0,1094093623.0,0.6497529351062563,92.0,90.0,
2026-07-06,1608,華榮,3565511.75,122764729.2,7533979.0,270896694.0,2.2066329292241047,92.0,90.0,
2026-07-06,1609,大亞,8557731.4,332656712.9,27412935.0,1195824805.0,3.5947713021485823,92.0,90.0,
2026-07-06,1611,中電,1243844.1,16707597.6,1945611.0,27199975.0,1.6280003655343005,50.0,50.0,
2026-07-06,1612,宏泰,1487430.55,55335389.65,1028005.0,36319418.0,0.6563506325648508,75.0,80.0,
2026-07-06,1614,三洋電,57446.2,1828146.2,22709.0,729106.0,0.39882258869668086,35.0,30.0,流動性偏低，短線進出可能有滑價風險
2026-07-06,1615,大山,146793.0,6592607.5,119450.0,5422967.0,0.8225830219681666,50.0,50.0,
2026-07-06,1616,億泰,664603.3,14978383.9,1285493.0,30575457.0,2.0413054708792715,50.0,50.0,
2026-07-06,1617,榮星,1394804.8,30279755.5,3331504.0,88441082.0,2.9207990797679986,60.0,65.0,
2026-07-06,1618,合機,1545383.2,66110700.5,1310472.0,55917288.0,0.8458129709274522,75.0,80.0,
2026-07-06,1623,大東電,289070.6,63757720.3,1863708.0,430506387.0,6.752223651886124,75.0,80.0,
2026-07-06,1626,艾美特-KY,336822.85,3672862.95,260744.0,3008508.0,0.8191179581040452,35.0,30.0,流動性偏低，短線進出可能有滑價風險
2026-07-06,1701,中化,276032.0,5136741.0,276032.0,5136741.0,1.0,50.0,50.0,價量資料少於 20 日
2026-07-06,1702,南僑,345620.4,11033359.55,1176247.0,39715929.0,3.599622474008834,50.0,50.0,
2026-07-06,1704,榮化,3041000.0,146005332.0,3041000.0,146005332.0,1.0,92.0,90.0,價量資料少於 20 日
2026-07-06,1707,葡萄王,559812.5,53967182.6,547276.0,51042393.0,0.945804293292865,75.0,80.0,
2026-07-06,1708,東鹼,13661534.7,708084651.45,15403586.0,955421827.0,1.349304528834947,92.0,90.0,
2026-07-06,1709,和益,2306705.7,51456036.7,5991950.0,148134131.0,2.878848440342472,75.0,80.0,
2026-07-06,1710,東聯,14254261.4,236844832.1,24115848.0,463867413.0,1.9585287501825124,92.0,90.0,
2026-07-06,1711,永光,9035507.4,413331848.45,18804119.0,905935175.0,2.191786523098254,92.0,90.0,
2026-07-06,1712,興農,770314.35,30434424.7,583178.0,23364428.0,0.7676973765829062,60.0,65.0,
2026-07-06,1713,國化,249163.1,12431730.85,190923.0,9467680.0,0.7615737594576382,50.0,50.0,
2026-07-06,1714,和桐,39704401.6,687797857.1,141509466.0,3217718423.0,4.678290852151013,92.0,90.0,
2026-07-06,1717,長興,19172713.25,1475446641.6,103205853.0,8806806252.0,5.968908670563476,92.0,90.0,
2026-07-06,1718,中纖,67962736.4,880559393.5,318065030.0,4971122230.0,5.645413888824752,92.0,90.0,
2026-07-06,1720,生達,235558.55,14808090.95,155785.0,9973633.0,0.6735259145609178,50.0,50.0,
2026-07-06,1721,三晃,2831066.35,72443434.25,11243263.0,322562203.0,4.452607835885417,75.0,80.0,
2026-07-06,1722,台肥,2578880.4,124081134.05,3261724.0,160573648.0,1.294102034361605,92.0,90.0,
2026-07-06,1723,中碳,812323.1,69728023.75,456111.0,38714608.0,0.5552230784398217,75.0,80.0,
2026-07-06,1724,台硝,33416.0,469994.0,33416.0,469994.0,1.0,35.0,30.0,價量資料少於 20 日；流動性偏低，短線進出可能有滑價風險
2026-07-06,1725,元禎,385552.75,14234138.3,365965.0,13179923.0,0.9259375398930892,50.0,50.0,
2026-07-06,1726,永記,40376.85,3157282.45,31242.0,2447628.0,0.7752325104774835,35.0,30.0,流動性偏低，短線進出可能有滑價風險
2026-07-06,1727,中華化,6344865.65,595462752.05,9999039.0,995006719.0,1.6709806206592936,92.0,90.0,
2026-07-06,1730,花仙子,104227.65,5509935.15,143841.0,7369941.0,1.3375730928521,50.0,50.0,
2026-07-06,1731,美吾華,166043.8,3559641.55,142341.0,2961541.0,0.8319773096254593,35.0,30.0,流動性偏低，短線進出可能有滑價風險
2026-07-06,1732,毛寶,125758.1,3310819.3,125759.0,3344570.0,1.0101940628411825,35.0,30.0,流動性偏低，短線進出可能有滑價風險
2026-07-06,1733,五鼎,205667.0,6069914.75,267016.0,8107386.0,1.3356671936784614,50.0,50.0,
2026-07-06,1734,杏輝,407539.5,13161813.4,934953.0,31782080.0,2.4147189322711413,50.0,50.0,
2026-07-06,1735,日勝化,323109.15,7458257.45,707161.0,17419454.0,2.335593014424569,50.0,50.0,
2026-07-06,1736,喬山,800093.05,95941284.3,624650.0,82399159.0,0.8588498642810017,75.0,80.0,
2026-07-06,1737,臺鹽,124088.45,3941994.9,92720.0,2966381.0,0.7525075692005588,35.0,30.0,流動性偏低，短線進出可能有滑價風險
2026-07-06,1752,南光,67449.0,2212487.55,81040.0,2632844.0,1.1899926849305889,35.0,30.0,流動性偏低，短線進出可能有滑價風險
2026-07-06,1760,寶齡富錦,237392.15,14648972.1,804943.0,52746794.0,3.6007163942922658,50.0,50.0,
2026-07-06,1762,中化生,608409.05,22916421.15,2089752.0,85186571.0,3.7172720139156636,60.0,65.0,
2026-07-06,1773,勝一,679029.7,118665890.6,1424700.0,263138982.0,2.2174778335165506,92.0,90.0,
2026-07-06,1776,展宇,335761.05,6549167.45,271375.0,5452747.0,0.8325862854522066,50.0,50.0,
2026-07-06,1783,和康生,107587.55,4192010.95,175969.0,7071870.0,1.6869874827020668,35.0,30.0,流動性偏低，短線進出可能有滑價風險
2026-07-06,1786,科妍,403821.0,22614895.2,248226.0,13647101.0,0.603456300783565,60.0,65.0,
2026-07-06,1789,神隆,997734.35,20369505.35,895682.0,18902197.0,0.9279654402604331,60.0,65.0,
2026-07-06,1795,美時,1895296.9,369954172.1,3360281.0,686280468.0,1.855041839653847,92.0,90.0,
2026-07-06,1802,台玻,77573640.3,5433374783.55,32012102.0,2201825597.0,0.40524088337624203,92.0,90.0,
2026-07-06,1805,寶徠,165357.15,1708122.15,218015.0,2234261.0,1.308021794577162,35.0,30.0,流動性偏低，短線進出可能有滑價風險
2026-07-06,1806,冠軍,418448.95,3462310.2,679510.0,5782408.0,1.6701010787537176,35.0,30.0,流動性偏低，短線進出可能有滑價風險
2026-07-06,1808,潤隆,1824181.35,57102241.8,1621026.0,50399702.0,0.8826221250038558,75.0,80.0,
2026-07-06,1809,中釉,10489141.95,564432831.0,4179323.0,222157584.0,0.39359436907028533,92.0,90.0,
2026-07-06,1810,和成,6062366.45,132305615.8,23364532.0,556659120.0,4.207373335093158,92.0,90.0,
2026-07-06,1817,凱撒衛,69295.9,2752517.1,97206.0,3766086.0,1.3682334616558784,35.0,30.0,流動性偏低，短線進出可能有滑價風險
2026-07-06,1902,台紙,4370618.0,85367561.0,4370618.0,85367561.0,1.0,75.0,80.0,價量資料少於 20 日
2026-07-06,1903,士紙,289883.45,13876486.55,798326.0,40205349.0,2.897372389987291,50.0,50.0,
2026-07-06,1904,正隆,4421370.8,100093814.35,6451802.0,155738853.0,1.5559288454671625,92.0,90.0,
2026-07-06,1905,華紙,15838619.45,261623045.4,8884818.0,153194429.0,0.5855540316250749,92.0,90.0,
2026-07-06,1906,寶隆,267770.5,3024103.0,160930.0,1863500.0,0.616215783655517,35.0,30.0,流動性偏低，短線進出可能有滑價風險
2026-07-06,1907,永豐餘,2475821.25,67625637.6,2779187.0,80253841.0,1.1867369217972445,75.0,80.0,
2026-07-06,1909,榮成,4897339.95,48924911.7,13366929.0,143232026.0,2.927588850405631,60.0,65.0,
2026-07-06,2002,中鋼,75374555.75,1432671184.7,26255550.0,498434230.0,0.3479055315155038,92.0,90.0,
2026-07-06,2002A,中鋼特,28478.75,1090068.9,33583.0,1291278.0,1.184583836856551,35.0,30.0,流動性偏低，短線進出可能有滑價風險
2026-07-06,2006,東和鋼鐵,4528135.7,312963889.2,1065987.0,73127044.0,0.23365968574498402,92.0,90.0,
2026-07-06,2007,燁興,403282.9,2970589.4,1010475.0,7635686.0,2.570427942683698,35.0,30.0,流動性偏低，短線進出可能有滑價風險
2026-07-06,2008,高興昌,33760.8,1014188.35,4995.0,152520.0,0.1503862670084901,35.0,30.0,流動性偏低，短線進出可能有滑價風險
2026-07-06,2009,第一銅,1991843.15,78657140.4,1926839.0,76993177.0,0.9788453611262989,75.0,80.0,
2026-07-06,2010,春源,2326607.05,55368124.65,1206050.0,26118872.0,0.4717312021150422,75.0,80.0,
2026-07-06,2012,春雨,218738.55,3493168.6,62504.0,1029865.0,0.2948225860040079,35.0,30.0,流動性偏低，短線進出可能有滑價風險
2026-07-06,2013,中鋼構,183912.65,7924502.95,206203.0,8568431.0,1.081257847219301,50.0,50.0,
2026-07-06,2014,中鴻,5134841.1,90965584.9,2890018.0,51157160.0,0.5623792784517125,75.0,80.0,
2026-07-06,2015,豐興,434129.35,26778097.05,345778.0,21548702.0,0.8047137165783033,60.0,65.0,
2026-07-06,2017,官田鋼,623193.3,5814142.2,543768.0,5197674.0,0.893970911134578,50.0,50.0,
2026-07-06,2020,美亞,453704.95,9784040.65,229005.0,4980727.0,0.5090664663172674,50.0,50.0,
2026-07-06,2022,聚亨,802946.2,6319089.8,1430841.0,11774944.0,1.863392414521471,50.0,50.0,
2026-07-06,2023,燁輝,2294116.35,31365627.75,682411.0,9313853.0,0.2969445749415935,60.0,65.0,
2026-07-06,2024,志聯,16369.55,231593.4,5467.0,75751.0,0.3270861777580881,35.0,30.0,流動性偏低，短線進出可能有滑價風險
2026-07-06,2025,千興,1087661.7,15359724.65,417571.0,5632652.0,0.3667156884872933,50.0,50.0,
2026-07-06,2027,大成鋼,18683657.15,775964174.4,7065493.0,292693239.0,0.37719942319027766,92.0,90.0,
2026-07-06,2028,威致,146537.1,2406866.2,72186.0,1168128.0,0.48533150700275735,35.0,30.0,流動性偏低，短線進出可能有滑價風險
2026-07-06,2029,盛餘,242221.95,5036079.0,277263.0,5824890.0,1.1566319749948324,50.0,50.0,
2026-07-06,2030,彰源,1898555.2,35974126.35,1202977.0,23338883.0,0.6487685836462294,60.0,65.0,
2026-07-06,2031,新光鋼,1255221.8,50210064.25,735193.0,28811234.0,0.5738139241676035,75.0,80.0,
2026-07-06,2032,新鋼,596207.4,10331882.7,291547.0,4971545.0,0.4811848086506054,50.0,50.0,
2026-07-06,2033,佳大,258982.1,4180327.95,101100.0,1658639.0,0.39677245896461305,35.0,30.0,流動性偏低，短線進出可能有滑價風險
2026-07-06,2034,允強,1600099.95,32651625.0,1257452.0,25931348.0,0.7941824641193203,60.0,65.0,
2026-07-06,2038,海光,473812.9,6457455.5,346665.0,4766837.0,0.7381912271791885,50.0,50.0,
2026-07-06,2049,上銀,3582308.8,1200408016.5,5350740.0,1937975374.0,1.614430549747999,92.0,90.0,
2026-07-06,2059,川湖,679352.5,4771091060.5,468046.0,3602183845.0,0.7550021157262294,92.0,90.0,
2026-07-06,2062,橋椿,270699.55,5155619.75,292946.0,5667063.0,1.0992011193222697,50.0,50.0,
2026-07-06,2069,運錩,366777.5,7062134.15,140294.0,2614981.0,0.3702819777219893,50.0,50.0,
2026-07-06,2072,世紀風電,631369.5,108310821.7,581196.0,86987565.0,0.8031290284265289,92.0,90.0,
2026-07-06,2101,南港,3147218.9,101884745.4,3323909.0,113637375.0,1.115352200703443,92.0,90.0,
2026-07-06,2102,泰豐,280048.15,5108827.95,270793.0,5124531.0,1.0030737089120412,50.0,50.0,
2026-07-06,2103,台橡,6787631.4,153048780.7,29304824.0,739138722.0,4.829432280475529,92.0,90.0,
2026-07-06,2104,國際中橡,4252166.7,44993080.45,11989190.0,136549165.0,3.034892557573261,60.0,65.0,
2026-07-06,2105,正新,23986228.4,760514413.8,14467556.0,472915268.0,0.6218360354763338,92.0,90.0,
2026-07-06,2106,建大,967773.15,16934335.7,840661.0,15040259.0,0.8881516976187026,50.0,50.0,
2026-07-06,2107,厚生,455797.85,11733997.95,189644.0,4901884.0,0.4177505417068869,50.0,50.0,
2026-07-06,2108,南帝,1703512.1,49359673.5,2150281.0,64716038.0,1.3111115493906174,60.0,65.0,
2026-07-06,2109,華豐,200669.3,2930172.9,345313.0,5169049.0,1.7640764475024666,35.0,30.0,流動性偏低，短線進出可能有滑價風險
2026-07-06,2114,鑫永銓,97024.05,8702073.35,33516.0,3024737.0,0.3475880837065112,50.0,50.0,
2026-07-06,2115,六暉-KY,118982.4,2552677.3,60047.0,1270937.0,0.49788392759241445,35.0,30.0,流動性偏低，短線進出可能有滑價風險
2026-07-06,2201,裕隆,3203125.4,89278746.4,4614712.0,135531255.0,1.518068526553594,75.0,80.0,
2026-07-06,2204,中華,1078676.35,60284707.1,740526.0,42626041.0,0.7070788438814526,75.0,80.0,
2026-07-06,2206,三陽工業,1425071.05,88379829.45,787360.0,50437431.0,0.5706893904851272,75.0,80.0,
2026-07-06,2207,和泰車,1327847.45,633185551.65,268056.0,128309360.0,0.20264101046785155,92.0,90.0,
2026-07-06,2208,台船,6686680.45,128421315.4,30046361.0,628944214.0,4.897506399471127,92.0,90.0,
2026-07-06,2211,長榮鋼,610301.8,57537708.9,603795.0,58661459.0,1.0195306716496666,75.0,80.0,
2026-07-06,2227,裕日車,39175.0,1934470.8,27762.0,1373487.0,0.7100065816449646,35.0,30.0,流動性偏低，短線進出可能有滑價風險
2026-07-06,2228,劍麟,141292.95,12234445.0,80893.0,7145644.0,0.5840595139379023,50.0,50.0,
2026-07-06,2231,為升,1207968.55,132304406.7,4818548.0,589063817.0,4.452337089086542,92.0,90.0,
2026-07-06,2233,宇隆,1784393.9,451418177.65,1191599.0,320696767.0,0.7104205875569486,92.0,90.0,
2026-07-06,2236,百達-KY,701603.7,108869049.9,1665511.0,308446991.0,2.8331926409141923,92.0,90.0,
2026-07-06,2239,英利-KY,98850.35,2237236.7,361470.0,8273256.0,3.6979797443873506,35.0,30.0,流動性偏低，短線進出可能有滑價風險
2026-07-06,2241,艾姆勒,4481068.95,198902532.55,2711603.0,128211564.0,0.6445949297692841,92.0,90.0,
2026-07-06,2243,宏旭-KY,1561494.0,64435628.25,352233.0,23455950.0,0.36402143716197877,75.0,80.0,
2026-07-06,2247,汎德永業,87762.65,20619248.75,43324.0,10286148.0,0.49886143402775524,60.0,65.0,
2026-07-06,2248,華勝-KY,57853.5,3250256.25,146328.0,8592287.0,2.6435721798858167,35.0,30.0,流動性偏低，短線進出可能有滑價風險
2026-07-06,2250,IKKA-KY,282914.8,19744448.65,531098.0,37455462.0,1.8970123027466763,50.0,50.0,
2026-07-06,2254,巨鎧精密-創,16793.75,1034601.15,10000.0,594200.0,0.5743276044106466,35.0,30.0,流動性偏低，短線進出可能有滑價風險
2026-07-06,2258,鴻華先進-創,820199.15,26463086.85,534461.0,17409951.0,0.6578956982110347,60.0,65.0,
2026-07-06,2301,光寶科,27939931.9,6103541355.3,25152249.0,5727772197.0,0.9384342406439662,92.0,90.0,
2026-07-06,2302,麗正,10233462.4,489200338.6,11311807.0,613039243.0,1.2531455819397095,92.0,90.0,
2026-07-06,2303,聯電,290349737.55,44033520749.2,55004854.0,9165631392.0,0.20815122742976488,92.0,90.0,
2026-07-06,2305,全友,6192465.05,196441034.15,2877286.0,121363553.0,0.617811617237406,92.0,90.0,
2026-07-06,2308,台達電,14361434.1,30004406099.6,9220091.0,18891547485.0,0.6296257763706194,92.0,90.0,
2026-07-06,2311,日月光,4221172.0,157856886.0,4221172.0,157856886.0,1.0,92.0,90.0,價量資料少於 20 日
2026-07-06,2312,金寶,46796528.4,1685469614.85,21782984.0,777569264.0,0.46133686252730255,92.0,90.0,
2026-07-06,2313,華通,51753743.55,13220815443.4,35969578.0,8434741056.0,0.6379894713839857,92.0,90.0,
2026-07-06,2314,台揚,268144.85,4009349.15,233714.0,3244297.0,0.809182956789882,35.0,30.0,流動性偏低，短線進出可能有滑價風險
2026-07-06,2316,楠梓電,5299886.2,1042519775.6,1292658.0,277107875.0,0.2658058690930025,92.0,90.0,
2026-07-06,2317,鴻海,67229249.8,17461696049.3,43693584.0,10638459575.0,0.609245490527621,92.0,90.0,
2026-07-06,2321,東訊,6521.75,90819.3,9278.0,123624.0,1.3612084656014745,35.0,30.0,流動性偏低，短線進出可能有滑價風險
2026-07-06,2323,中環,13125424.8,149151884.15,11287616.0,135339591.0,0.9073944440681073,92.0,90.0,
2026-07-06,2324,仁寶,76536835.0,2834288956.9,54803161.0,1969855394.0,0.6950086684720131,92.0,90.0,
2026-07-06,2325,矽品,1880916.0,94092950.0,1880916.0,94092950.0,1.0,75.0,80.0,價量資料少於 20 日
2026-07-06,2327,國巨*,62197900.7,61073873838.95,42912780.0,43370591885.0,0.7101333051079578,92.0,90.0,
2026-07-06,2328,廣宇,5635909.4,292056391.1,4229991.0,218298482.0,0.7474531927817141,92.0,90.0,
2026-07-06,2329,華泰,8209702.75,450265497.1,9800091.0,542174036.0,1.2041207676181058,92.0,90.0,
2026-07-06,2330,台積電,41374609.4,98618943713.65,21041918.0,52022654454.0,0.5275117791268684,92.0,90.0,
2026-07-06,2331,精英,3797220.9,82283062.4,2991145.0,64238523.0,0.780701655071117,75.0,80.0,
2026-07-06,2332,友訊,15147004.35,280753801.7,38129440.0,767519242.0,2.7337804060090134,92.0,90.0,
2026-07-06,2337,旺宏,87693129.25,14281629878.5,63898046.0,9415382927.0,0.659265294444733,92.0,90.0,
2026-07-06,2338,光罩,5862601.75,300632905.6,2606863.0,133371247.0,0.44363489330557165,92.0,90.0,
2026-07-06,2340,台亞,12459508.75,493510736.55,11886954.0,473559315.0,0.959572467076451,92.0,90.0,
2026-07-06,2342,茂矽,11359806.95,589239263.65,3570858.0,212421748.0,0.36050168599452936,92.0,90.0,
2026-07-06,2344,華邦電,232059260.8,45034736206.3,163686093.0,31253105406.0,0.6939777611404758,92.0,90.0,
2026-07-06,2345,智邦,3524379.7,8762615273.1,2283004.0,6124581505.0,0.6989444719548062,92.0,90.0,
2026-07-06,2347,聯強,9189568.35,847973483.0,9136810.0,860206580.0,1.0144262730442009,92.0,90.0,
2026-07-06,2348,海悅,1388100.7,103488124.8,716994.0,54979966.0,0.5312683566955501,92.0,90.0,
2026-07-06,2348A,海悅甲特,37587.0,1409056.45,2023.0,75912.0,0.05387434974659816,35.0,30.0,流動性偏低，短線進出可能有滑價風險
2026-07-06,2349,錸德,4249919.15,56880506.1,3992516.0,53688399.0,0.9438804729622474,75.0,80.0,
2026-07-06,2351,順德,8249265.3,1686324616.45,15225992.0,3455176969.0,2.0489394125513836,92.0,90.0,
2026-07-06,2352,佳世達,17689463.45,572987631.7,51699569.0,1815845966.0,3.169084052674151,92.0,90.0,
2026-07-06,2353,宏碁,45526103.3,1590108109.65,29334393.0,967102324.0,0.6081991017660238,92.0,90.0,
2026-07-06,2354,鴻準,7721736.15,440492851.2,16885111.0,1000124087.0,2.2704661024019814,92.0,90.0,
2026-07-06,2355,敬鵬,12086617.35,700087264.65,4385043.0,233631125.0,0.3337171475570278,92.0,90.0,
2026-07-06,2356,英業達,37000533.7,2499504729.25,26058759.0,1776222165.0,0.7106296476314219,92.0,90.0,
2026-07-06,2357,華碩,5743202.15,4305786657.95,3352579.0,2278851543.0,0.5292532408201035,92.0,90.0,
2026-07-06,2358,廷鑫,478792.0,10793518.0,478792.0,10793518.0,1.0,50.0,50.0,價量資料少於 20 日
2026-07-06,2359,所羅門,3825602.85,533977350.15,4436297.0,638041231.0,1.1948844474784697,92.0,90.0,
2026-07-06,2360,致茂,2371778.15,5324574103.25,1598062.0,3494035630.0,0.6562094098506995,92.0,90.0,
2026-07-06,2362,藍天,2309599.75,107063578.5,2666567.0,118914998.0,1.1106951557760607,92.0,90.0,
2026-07-06,2363,矽統,24320820.35,1695079263.25,20148848.0,1402457748.0,0.8273700105982345,92.0,90.0,
2026-07-06,2364,倫飛,280623.0,19235877.35,470823.0,33480035.0,1.7404995046924645,50.0,50.0,
2026-07-06,2365,昆盈,2697305.75,92350015.7,2111420.0,73481178.0,0.7956812724180187,75.0,80.0,
2026-07-06,2367,燿華,24014152.25,1478755248.75,9630075.0,525348434.0,0.35526395219498286,92.0,90.0,
2026-07-06,2368,金像電,6162095.05,8103804060.75,5477325.0,6791252975.0,0.8380327219278146,92.0,90.0,
2026-07-06,2369,菱生,26114365.6,1053149833.8,30482826.0,1311085006.0,1.2449178302286887,92.0,90.0,
2026-07-06,2371,大同,13368858.2,373089506.55,12514476.0,356357102.0,0.9551517685267367,92.0,90.0,
2026-07-06,2373,震旦行,61511.15,3526714.05,126046.0,6793728.0,1.926362019625606,35.0,30.0,流動性偏低，短線進出可能有滑價風險
2026-07-06,2374,佳能,6635589.45,502395705.15,4312130.0,336075356.0,0.6689455195475013,92.0,90.0,
2026-07-06,2375,凱美,18242263.9,3769720111.35,14588654.0,3117503420.0,0.8269853803240501,92.0,90.0,
2026-07-06,2376,技嘉,8494476.0,2901276336.7,4511072.0,1532361186.0,0.5281679537437494,92.0,90.0,
2026-07-06,2377,微星,17874778.85,2467213497.3,10395395.0,1495945410.0,0.6063299392764715,92.0,90.0,
2026-07-06,2379,瑞昱,6263499.25,4713407744.45,3208976.0,2532214090.0,0.5372363748885638,92.0,90.0,
2026-07-06,2380,虹光,420924.65,3253559.85,102560.0,2321752.0,0.7136035933071894,35.0,30.0,流動性偏低，短線進出可能有滑價風險
2026-07-06,2382,廣達,24292254.35,9033912849.8,25001955.0,9568079760.0,1.0591290749735123,92.0,90.0,
2026-07-06,2383,台光電,2153561.8,11387552102.45,3511893.0,19665733290.0,1.7269500163928093,92.0,90.0,
2026-07-06,2385,群光,6960700.3,811396627.15,5942293.0,643938842.0,0.7936178441631079,92.0,90.0,
2026-07-06,2387,精元,717694.95,28903115.2,935022.0,38746225.0,1.3405553253304683,60.0,65.0,
2026-07-06,2388,威盛,8201268.25,630003467.65,3033840.0,217869105.0,0.3458220727144279,92.0,90.0,
2026-07-06,2390,云辰,1498541.55,18717479.1,5142030.0,70632382.0,3.773605495838379,50.0,50.0,
2026-07-06,2392,正崴,1873350.85,73337036.15,2249968.0,91478756.0,1.247374598189294,75.0,80.0,
2026-07-06,2393,億光,3614906.4,250637549.85,3900322.0,274207568.0,1.094040251207794,92.0,90.0,
2026-07-06,2395,研華,2742950.2,1325553398.15,1522169.0,785285614.0,0.5924209579908125,92.0,90.0,
2026-07-06,2397,友通,502239.5,30499670.8,560660.0,34562716.0,1.1332160345809372,60.0,65.0,
2026-07-06,2399,映泰,12697851.6,648362246.1,22982433.0,1224177172.0,1.8881068096787197,92.0,90.0,
2026-07-06,2401,凌陽,16845216.25,542089456.95,9287988.0,309956661.0,0.5717813859430751,92.0,90.0,
2026-07-06,2402,毅嘉,6639687.15,449808652.8,5523332.0,381010786.0,0.8470508151149555,92.0,90.0,
2026-07-06,2404,漢唐,4031884.2,5172146302.0,2397863.0,3140049435.0,0.6071076206382222,92.0,90.0,
2026-07-06,2405,輔信,4012772.2,75077982.8,2345139.0,41489670.0,0.552621000893487,75.0,80.0,
2026-07-06,2406,國碩,36824258.5,1456888243.75,30197702.0,1225648304.0,0.8412781894959951,92.0,90.0,
2026-07-06,2408,南亞科,110037071.35,46417861065.6,62093163.0,26866583275.0,0.5787983904952196,92.0,90.0,
2026-07-06,2409,友達,485551721.85,14018276185.5,410630157.0,12889868568.0,0.919504538035341,92.0,90.0,
2026-07-06,2412,中華電,14518348.95,2075724180.75,13315485.0,1888644065.0,0.9098723628673997,92.0,90.0,
2026-07-06,2413,環科,6558479.6,381488352.15,1150160.0,56163868.0,0.1472230218392528,92.0,90.0,
2026-07-06,2414,精技,841247.4,50709554.25,363814.0,22663150.0,0.4469207102131055,75.0,80.0,
2026-07-06,2415,錩新,1146065.05,40332833.8,1392330.0,57631667.0,1.4289020029135668,60.0,65.0,
2026-07-06,2417,圓剛,1494071.3,69503956.9,1275647.0,61268237.0,0.8815071793416124,75.0,80.0,
2026-07-06,2419,仲琦,1705319.9,49032973.05,2211483.0,64971208.0,1.3250513676530982,60.0,65.0,
2026-07-06,2420,新巨,718599.2,44035821.4,570481.0,35598925.0,0.8084083336753655,60.0,65.0,
2026-07-06,2421,建準,3098719.5,457239043.5,1337311.0,200158702.0,0.4377550536101583,92.0,90.0,
2026-07-06,2423,固緯,175066.75,13310110.3,79522.0,6092623.0,0.457743990295858,50.0,50.0,
2026-07-06,2424,隴華,105688.4,1150783.05,26541.0,267045.0,0.2320550341786838,35.0,30.0,流動性偏低，短線進出可能有滑價風險
2026-07-06,2425,承啟,4522941.4,186519032.3,1502988.0,62986970.0,0.33769728066512167,92.0,90.0,
2026-07-06,2426,鼎元,20883662.7,1667581502.6,18578077.0,1501914945.0,0.9006545962870769,92.0,90.0,
2026-07-06,2427,三商電,2389882.2,58786730.0,11731589.0,307602296.0,5.2325124394569995,75.0,80.0,
2026-07-06,2428,興勤,3051773.9,937345750.05,6383079.0,2203795928.0,2.3511024911378167,92.0,90.0,
2026-07-06,2429,銘旺科,1020191.75,44390150.8,2568839.0,130456376.0,2.93885859022583,60.0,65.0,
2026-07-06,2430,燦坤,177641.85,3251561.9,629154.0,11550938.0,3.5524275272139216,35.0,30.0,流動性偏低，短線進出可能有滑價風險
2026-07-06,2431,聯昌,648150.4,7486970.4,822625.0,9968882.0,1.3314974505575712,50.0,50.0,
2026-07-06,2432,倚天酷碁-創,129134.6,3751299.8,36598.0,1049363.0,0.2797331740854197,35.0,30.0,流動性偏低，短線進出可能有滑價風險
2026-07-06,2433,互盛電,72128.85,3169116.2,67153.0,2829211.0,0.8927444818842553,35.0,30.0,流動性偏低，短線進出可能有滑價風險
2026-07-06,2434,統懋,759892.45,35375730.15,1382716.0,77607171.0,2.1937970091622265,60.0,65.0,
2026-07-06,2436,偉詮電,5243729.45,385905753.6,8588800.0,671592041.0,1.740300668582724,92.0,90.0,
2026-07-06,2438,翔耀,235940.95,5302489.85,239671.0,5213883.0,0.9832895766882044,50.0,50.0,
2026-07-06,2439,美律,2295010.8,209358213.75,2198170.0,202998318.0,0.9696219430034184,92.0,90.0,
2026-07-06,2440,太空梭,807727.15,13844128.65,1201237.0,21463765.0,1.5503875717017408,50.0,50.0,
2026-07-06,2441,超豐,10890731.0,1486987894.05,34916639.0,5300496440.0,3.5645861416957647,92.0,90.0,
2026-07-06,2442,新美齊,1930660.75,37953749.2,1299973.0,25811868.0,0.6800874365265606,60.0,65.0,
2026-07-06,2443,昶虹,60132.0,370387.0,60132.0,370387.0,1.0,35.0,30.0,價量資料少於 20 日；流動性偏低，短線進出可能有滑價風險
2026-07-06,2444,兆勁,580646.2,7636460.95,401627.0,5146232.0,0.6739027454857869,50.0,50.0,
2026-07-06,2448,晶電,18028438.0,789091918.0,18028438.0,789091918.0,1.0,92.0,90.0,價量資料少於 20 日
2026-07-06,2449,京元電子,35805887.1,11449192761.25,52913821.0,18980742211.0,1.6578236218749558,92.0,90.0,
2026-07-06,2450,神腦,288556.8,8600182.8,143044.0,4159793.0,0.48368657931317455,50.0,50.0,
2026-07-06,2451,創見,6200248.25,1797723744.0,4080708.0,1110132033.0,0.6175209270640862,92.0,90.0,
2026-07-06,2453,凌群,427368.8,24229678.2,417743.0,24153367.0,0.9968505070777209,60.0,65.0,
2026-07-06,2454,聯發科,13472839.9,57497463981.8,6897420.0,28930241965.0,0.5031568344328622,92.0,90.0,
2026-07-06,2455,全新,7961568.5,3043553634.25,12023717.0,4242940366.0,1.394074452394382,92.0,90.0,
2026-07-06,2456,奇力新,7295945.0,697257434.0,7295945.0,697257434.0,1.0,92.0,90.0,價量資料少於 20 日
2026-07-06,2457,飛宏,8350522.55,250609503.45,5298428.0,161972242.0,0.6463132473837556,92.0,90.0,
2026-07-06,2458,義隆,7729750.85,1346102912.2,6673615.0,1200540488.0,0.8918638219405525,92.0,90.0,
2026-07-06,2459,敦吉,200399.8,13328199.5,64890.0,4181083.0,0.31370201203846027,50.0,50.0,
2026-07-06,2460,建通,2187711.65,81113831.85,2750734.0,109372524.0,1.348383148785986,75.0,80.0,
2026-07-06,2461,光群雷,2830648.3,53463069.2,1133942.0,20484490.0,0.38315215169128375,75.0,80.0,
2026-07-06,2462,良得電,959497.9,24185433.7,462110.0,11136033.0,0.46044380010435787,60.0,65.0,
2026-07-06,2464,盟立,16402323.1,2840154394.1,12526002.0,2152242244.0,0.7577905794385561,92.0,90.0,
2026-07-06,2465,麗臺,1222461.35,95069008.25,900043.0,68053699.0,0.7158347420753702,75.0,80.0,
2026-07-06,2466,冠西電,1699554.15,114902164.8,1976858.0,187391405.0,1.6308779327715504,92.0,90.0,
2026-07-06,2467,志聖,1765926.8,1063383184.75,2952101.0,1887631578.0,1.77511888947518,92.0,90.0,
2026-07-06,2468,華經,2652109.75,112697681.15,784390.0,29873513.0,0.2650765543280213,92.0,90.0,
2026-07-06,2471,資通,188928.85,10076082.3,164208.0,8897825.0,0.8830639463911484,50.0,50.0,
2026-07-06,2472,立隆電,12455116.95,4980313575.65,8669414.0,3555954498.0,0.7140021293811603,92.0,90.0,
2026-07-06,2474,可成,8416384.0,1758169173.15,10708015.0,2130124051.0,1.211558070480551,92.0,90.0,
2026-07-06,2475,華映,5952450.0,13848276.0,5952450.0,13848276.0,1.0,50.0,50.0,價量資料少於 20 日
2026-07-06,2476,鉅祥,4848703.4,611935922.5,4147967.0,564805940.0,0.9229821607670041,92.0,90.0,
2026-07-06,2477,美隆電,242339.0,5324138.15,220522.0,4923650.0,0.9247787832101989,50.0,50.0,
2026-07-06,2478,大毅,11373611.05,2247115968.1,12665961.0,2888780378.0,1.2855501981246413,92.0,90.0,
2026-07-06,2480,敦陽科,585448.45,90746727.2,740541.0,121397733.0,1.3377643111298894,75.0,80.0,
2026-07-06,2481,強茂,24732563.9,4242718765.5,8453417.0,1923151922.0,0.45328291322023523,92.0,90.0,
2026-07-06,2482,連宇,273358.05,4701891.6,330561.0,5776052.0,1.2284528209880468,35.0,30.0,流動性偏低，短線進出可能有滑價風險
2026-07-06,2483,百容,9211322.85,404447353.2,2359062.0,164424192.0,0.4065404080384522,92.0,90.0,
2026-07-06,2484,希華,54793619.85,4002848047.6,80006414.0,7701837514.0,1.9240894039477254,92.0,90.0,
2026-07-06,2485,兆赫,10984230.5,669604157.5,4686595.0,251565684.0,0.37569313329718984,92.0,90.0,
2026-07-06,2486,一詮,8306739.8,2110531426.2,9690937.0,2548428930.0,1.2074821053901252,92.0,90.0,
2026-07-06,2488,漢平,163216.1,8779374.25,409176.0,22152640.0,2.5232595591878315,50.0,50.0,
2026-07-06,2489,瑞軒,25028631.7,1154138478.1,9588306.0,399493764.0,0.3461402349722076,92.0,90.0,
2026-07-06,2491,吉祥全,902258.95,34310085.25,941043.0,37977961.0,1.1069037200949536,60.0,65.0,
2026-07-06,2492,華新科,9458448.1,5205530416.5,1492056.0,824946878.0,0.1584750855331017,92.0,90.0,
2026-07-06,2493,揚博,4624474.2,1072391518.9,5394031.0,1556191774.0,1.4511414409508345,92.0,90.0,
2026-07-06,2495,普安,10637244.05,546029754.25,6425046.0,338844202.0,0.620559959164533,92.0,90.0,
2026-07-06,2496,卓越,14087.6,909941.8,4160.0,269555.0,0.2962332316198684,35.0,30.0,流動性偏低，短線進出可能有滑價風險
2026-07-06,2497,怡利電,913288.7,57199326.9,4040459.0,268161823.0,4.688198927040172,75.0,80.0,
2026-07-06,2498,宏達電,8962403.9,410389904.65,7262300.0,331423837.0,0.8075828212262044,92.0,90.0,
2026-07-06,2499,東貝,820193.0,9398967.0,820193.0,9398967.0,1.0,50.0,50.0,價量資料少於 20 日
2026-07-06,2501,國建,7471747.55,191918319.6,5260157.0,129802131.0,0.6763404935523415,92.0,90.0,
2026-07-06,2504,國產,6175559.95,211735549.85,4703431.0,152967348.0,0.7224452771788525,92.0,90.0,
2026-07-06,2505,國揚,546998.15,10269809.1,186725.0,3412381.0,0.33227307019757557,50.0,50.0,
2026-07-06,2506,太設,306939.0,2720515.0,193950.0,1743741.0,0.6409598917851951,35.0,30.0,流動性偏低，短線進出可能有滑價風險
2026-07-06,2509,全坤建,328823.4,4537799.15,93297.0,1262865.0,0.2782990075706634,35.0,30.0,流動性偏低，短線進出可能有滑價風險
2026-07-06,2511,太子,1836726.65,15074960.95,4751475.0,40715147.0,2.7008459348612774,50.0,50.0,
2026-07-06,2514,龍邦,292762.2,3928068.3,99220.0,1308479.0,0.3331100429185511,35.0,30.0,流動性偏低，短線進出可能有滑價風險
2026-07-06,2515,中工,11127153.3,147855350.4,12747369.0,181269843.0,1.225994477099423,92.0,90.0,
2026-07-06,2516,新建,305302.95,4134589.95,391228.0,5432674.0,1.3139571434405484,35.0,30.0,流動性偏低，短線進出可能有滑價風險
2026-07-06,2520,冠德,3973856.8,137620828.3,1863035.0,65553690.0,0.4763355286388724,92.0,90.0,
2026-07-06,2524,京城,273620.15,10165922.75,56079.0,2042786.0,0.20094447402721016,50.0,50.0,
2026-07-06,2527,宏璟,1340172.55,53059082.3,1201608.0,51180318.0,0.9645910894316392,75.0,80.0,
2026-07-06,2528,皇普,751002.75,16434736.75,262397.0,5960229.0,0.3626604484553122,50.0,50.0,
2026-07-06,2530,華建,1077435.75,20991449.9,544053.0,10692639.0,0.5093806788448663,60.0,65.0,
2026-07-06,2534,宏盛,1687962.2,30534851.2,1213472.0,20796528.0,0.6810751381686773,60.0,65.0,
2026-07-06,2535,達欣工,639105.05,58486124.4,288617.0,25907143.0,0.4429622113924854,75.0,80.0,
2026-07-06,2536,宏普,1287709.3,27829259.85,4395934.0,95104496.0,3.4174281498183645,60.0,65.0,
2026-07-06,2537,聯上發,3956657.15,44842590.35,1571590.0,17775128.0,0.39638941152292284,60.0,65.0,
2026-07-06,2538,基泰,453676.2,4547778.95,254032.0,2537436.0,0.5579506013589337,35.0,30.0,流動性偏低，短線進出可能有滑價風險
2026-07-06,2539,櫻花建,1388773.95,53769527.6,961631.0,38052575.0,0.7076977741571231,75.0,80.0,
2026-07-06,2540,愛山林,981272.1,52696305.1,385584.0,20805339.0,0.39481589763302016,75.0,80.0,
2026-07-06,2542,興富發,16986225.25,751266641.75,13191494.0,588304161.0,0.7830830337809286,92.0,90.0,
2026-07-06,2543,皇昌,2198830.2,97140338.45,801300.0,31740093.0,0.32674472321647546,75.0,80.0,
2026-07-06,2545,皇翔,521596.65,20056246.65,668372.0,26005770.0,1.2966419118105532,60.0,65.0,
2026-07-06,2546,根基,223321.75,20899479.4,67102.0,6359892.0,0.30430863268297487,60.0,65.0,
2026-07-06,2547,日勝生,6227118.0,69318738.4,5117360.0,59768641.0,0.8622292092955921,75.0,80.0,
2026-07-06,2548,華固,2906563.45,299984084.95,776340.0,80055976.0,0.26686741069394854,92.0,90.0,
2026-07-06,2597,潤弘,1287728.05,241643596.05,423969.0,71976371.0,0.29786169456403433,92.0,90.0,
2026-07-06,2601,益航,2215615.2,12922411.2,5809234.0,38340910.0,2.9670089743004002,50.0,50.0,
2026-07-06,2603,長榮,21279650.5,4313809941.9,8533574.0,1676210057.0,0.38856836058514904,92.0,90.0,
2026-07-06,2605,新興,6556346.0,202666412.35,3845538.0,119707013.0,0.5906603448097205,92.0,90.0,
2026-07-06,2606,裕民,6195060.8,391319355.5,4387371.0,274465718.0,0.701385490245703,92.0,90.0,
2026-07-06,2607,榮運,559929.25,27193708.7,528284.0,24782099.0,0.9113173665789838,60.0,65.0,
2026-07-06,2608,嘉里大榮,392400.85,11627647.85,195533.0,5728564.0,0.49266748304559294,50.0,50.0,
2026-07-06,2609,陽明,32060465.85,1653722115.85,19345058.0,1027212719.0,0.6211519511982948,92.0,90.0,
2026-07-06,2610,華航,77034746.1,1703313829.6,29379938.0,662738746.0,0.38908786770998927,92.0,90.0,
2026-07-06,2611,志信,433397.3,6025274.2,836197.0,12224787.0,2.028917953642674,50.0,50.0,
2026-07-06,2612,中航,539760.25,29144076.1,503761.0,27570117.0,0.9459938584225698,60.0,65.0,
2026-07-06,2613,中櫃,287014.05,6305550.5,501331.0,11277348.0,1.78847953085143,50.0,50.0,
2026-07-06,2614,東森,965874.15,18441929.35,515418.0,9566498.0,0.5187362893785297,50.0,50.0,
2026-07-06,2615,萬海,9869574.45,807224701.9,11466322.0,917980767.0,1.137205990896102,92.0,90.0,
2026-07-06,2616,山隆,258733.15,3518300.85,217720.0,3010339.0,0.8556229635677688,35.0,30.0,流動性偏低，短線進出可能有滑價風險
2026-07-06,2617,台航,778455.0,23284137.5,951990.0,29373568.0,1.2615269945043057,60.0,65.0,
2026-07-06,2618,長榮航,62638412.75,2623557059.6,40991137.0,1795704689.0,0.6844542154817025,92.0,90.0,
2026-07-06,2630,亞航,5217121.95,268814974.35,31385641.0,1775561477.0,6.605143486866173,92.0,90.0,
2026-07-06,2633,台灣高鐵,12592469.25,328252473.6,5322173.0,142076828.0,0.43282789750773104,92.0,90.0,
2026-07-06,2634,漢翔,19035209.45,1069655617.5,83376351.0,5229064456.0,4.888549520472181,92.0,90.0,
2026-07-06,2636,台驊控股,402226.2,28333955.65,617385.0,44323204.0,1.5643140176934667,60.0,65.0,
2026-07-06,2637,慧洋-KY,4735167.6,365319277.15,3836505.0,298936722.0,0.8182889343593458,92.0,90.0,
2026-07-06,2642,宅配通,223787.8,4930206.15,89534.0,1901798.0,0.38574411335720715,35.0,30.0,流動性偏低，短線進出可能有滑價風險
2026-07-06,2645,長榮航太,3377758.6,666488451.75,13806927.0,3205717211.0,4.809861600126367,92.0,90.0,
2026-07-06,2646,星宇航空,7546524.05,159569056.75,4076117.0,87203070.0,0.5464911040780468,92.0,90.0,
2026-07-06,2701,萬企,90491.8,953253.5,66799.0,717390.0,0.7525700141672703,35.0,30.0,流動性偏低，短線進出可能有滑價風險
2026-07-06,2702,華園,59581.8,769799.1,66194.0,889710.0,1.1557690831283123,35.0,30.0,流動性偏低，短線進出可能有滑價風險
2026-07-06,2704,國賓,146437.0,6468783.15,70113.0,3156579.0,0.4879710645424866,50.0,50.0,
2026-07-06,2705,六福,669398.2,10946888.2,1812207.0,32672282.0,2.984618222373003,50.0,50.0,
2026-07-06,2706,第一店,148658.35,1846597.65,137609.0,1742882.0,0.9438341914926622,35.0,30.0,流動性偏低，短線進出可能有滑價風險
2026-07-06,2707,晶華,183022.1,32817063.6,309091.0,56128393.0,1.7103417199093949,60.0,65.0,
2026-07-06,2712,遠雄來,13949.7,208003.2,18004.0,268811.0,1.292340694758542,35.0,30.0,流動性偏低，短線進出可能有滑價風險
2026-07-06,2722,夏都,59623.4,1369279.75,39558.0,907288.0,0.662602364491259,35.0,30.0,流動性偏低，短線進出可能有滑價風險
2026-07-06,2723,美食-KY,357668.95,23933464.45,178996.0,12163905.0,0.5082383716495336,60.0,65.0,
2026-07-06,2727,王品,465451.7,114694554.05,722811.0,177821799.0,1.5503944408945545,92.0,90.0,
2026-07-06,2731,雄獅,1210826.85,187450888.05,484730.0,72936860.0,0.3890985033932999,92.0,90.0,
2026-07-06,2739,寒舍,215892.25,8012259.3,310887.0,11793554.0,1.4719386328398034,50.0,50.0,
2026-07-06,2748,雲品,122165.2,4867866.3,71194.0,2852017.0,0.5858864693962528,35.0,30.0,流動性偏低，短線進出可能有滑價風險
2026-07-06,2753,八方雲集,468791.25,87735983.3,297940.0,53909854.0,0.614455460260397,75.0,80.0,
2026-07-06,2762,世界健身-KY,148613.75,12645049.75,99415.0,8279434.0,0.6547569336372124,50.0,50.0,
2026-07-06,2801,彰銀,39850649.5,913869121.55,12605303.0,296146768.0,0.32405818406218806,92.0,90.0,
2026-07-06,2809,京城銀,880798.0,32469740.0,880798.0,32469740.0,1.0,60.0,65.0,價量資料少於 20 日
2026-07-06,2812,台中銀,16137730.45,319296095.85,11040653.0,227294605.0,0.7118615227502788,92.0,90.0,
2026-07-06,2816,旺旺保,456513.0,15257729.4,662518.0,23398134.0,1.5335266071765568,50.0,50.0,
2026-07-06,2820,華票,3477577.1,60756520.15,3025275.0,51569462.0,0.84878893446632,75.0,80.0,
2026-07-06,2823,中壽,2865138.0,85159817.0,2865138.0,85159817.0,1.0,75.0,80.0,價量資料少於 20 日
2026-07-06,2832,台產,455569.15,25238633.75,153898.0,8776056.0,0.34772310129505324,60.0,65.0,
2026-07-06,2834,臺企銀,41382068.4,723433995.9,22150613.0,399743137.0,0.552563384172585,92.0,90.0,
2026-07-06,2836,高雄銀,3142785.35,38691167.85,8646013.0,107879731.0,2.7882262799157145,60.0,65.0,
2026-07-06,2836A,高雄銀甲特,33416.95,823026.2,60097.0,1489825.0,1.8101793114241078,35.0,30.0,流動性偏低，短線進出可能有滑價風險
2026-07-06,2838,聯邦銀,2532386.9,56432484.75,2302565.0,53924901.0,0.9555648885370053,75.0,80.0,
2026-07-06,2838A,聯邦銀甲特,66981.6,3613343.85,83754.0,4369918.0,1.209383380438593,35.0,30.0,流動性偏低，短線進出可能有滑價風險
2026-07-06,2841,台開,927088.0,9389484.0,927088.0,9389484.0,1.0,50.0,50.0,價量資料少於 20 日
2026-07-06,2845,遠東銀,21838540.55,283350076.65,11555017.0,153832991.0,0.5429078856047664,92.0,90.0,
2026-07-06,2849,安泰銀,173015.15,2474283.0,81527.0,1190938.0,0.4813265095383188,35.0,30.0,流動性偏低，短線進出可能有滑價風險
2026-07-06,2850,新產,656579.15,94398559.8,334943.0,48959918.0,0.5186511118785099,75.0,80.0,
2026-07-06,2851,中再保,3529530.45,132762433.75,2159280.0,84173546.0,0.6340162922781611,92.0,90.0,
2026-07-06,2852,第一保,788884.05,21348719.25,472883.0,12809574.0,0.600016040774905,60.0,65.0,
2026-07-06,2855,統一證,12946190.85,672951727.9,7080592.0,373234147.0,0.554622466257286,92.0,90.0,
2026-07-06,2856,元富證,593157.0,5128138.0,593157.0,5128138.0,1.0,50.0,50.0,價量資料少於 20 日
2026-07-06,2867,三商壽,18913131.8,159572935.4,12403540.0,107999069.0,0.6768006662864209,92.0,90.0,
2026-07-06,2880,華南金,32767907.95,1209023880.0,12149156.0,465008795.0,0.3846150623592315,92.0,90.0,
2026-07-06,2881,富邦金,47555136.05,6018067526.55,15681809.0,1905634541.0,0.31665223638533185,92.0,90.0,
2026-07-06,2881A,富邦特,92094.15,5789549.8,90378.0,5579035.0,0.9636388307774812,50.0,50.0,
2026-07-06,2881B,富邦金乙特,63676.0,3961029.65,49182.0,2985232.0,0.7536505059991156,35.0,30.0,流動性偏低，短線進出可能有滑價風險
2026-07-06,2881C,富邦金丙特,88503.45,4505140.35,91951.0,4662731.0,1.0349801865773172,35.0,30.0,流動性偏低，短線進出可能有滑價風險
2026-07-06,2882,國泰金,49313224.15,5053821947.55,44484601.0,4167666879.0,0.8246564525329999,92.0,90.0,
2026-07-06,2882A,國泰特,228613.1,14072556.05,42427.0,2543711.0,0.18075685688954848,50.0,50.0,
2026-07-06,2882B,國泰金乙特,153678.95,9311139.8,27007.0,1584751.0,0.1701994636574998,50.0,50.0,
2026-07-06,2883,凱基金,118997886.6,3428093715.85,40813724.0,1180799622.0,0.34444788266449694,92.0,90.0,
2026-07-06,2883B,凱基金乙特,1378371.5,11226825.3,875735.0,6996584.0,0.6232023580165623,50.0,50.0,
2026-07-06,2884,玉山金,62276827.3,2153963923.2,30683762.0,1052474141.0,0.4886219911410632,92.0,90.0,
2026-07-06,2885,元大金,30224763.2,1983837575.1,14840927.0,1015644772.0,0.5119596406216895,92.0,90.0,
2026-07-06,2886,兆豐金,45732930.0,2064118776.1,21312896.0,983318012.0,0.47638635110810185,92.0,90.0,
2026-07-06,2887,台新新光金,89015551.45,2800017659.6,34036658.0,1173277664.0,0.4190250943515871,92.0,90.0,
2026-07-06,2887E,台新新光戊特一,310955.55,15561917.3,181138.0,8851952.0,0.568821426650301,50.0,50.0,
2026-07-06,2887F,台新新光戊特二,65616.9,3079037.15,37341.0,1723004.0,0.5595918191503471,35.0,30.0,流動性偏低，短線進出可能有滑價風險
2026-07-06,2887G,台新新光庚特一,104130.65,4482172.55,57686.0,2442874.0,0.5450200706797868,35.0,30.0,流動性偏低，短線進出可能有滑價風險
2026-07-06,2887H,台新新光庚特二,338823.65,13641723.25,164349.0,6685823.0,0.49010105816360117,50.0,50.0,
2026-07-06,2887I,台新新光辛特,6703092.6,63386905.05,1850939.0,17456346.0,0.27539356884880756,75.0,80.0,
2026-07-06,2887Z1,台新新光己特,180977.1,3216903.2,338144.0,5910482.0,1.8373204391105085,35.0,30.0,流動性偏低，短線進出可能有滑價風險
2026-07-06,2888,新光金,65934095.0,688093289.0,65934095.0,688093289.0,1.0,92.0,90.0,價量資料少於 20 日
2026-07-06,2889,國票金,7217539.05,108330371.7,8356861.0,126722917.0,1.1697819827567342,92.0,90.0,
2026-07-06,2890,永豐金,63972617.4,2414938959.65,35911839.0,1464617305.0,0.6064821221039345,92.0,90.0,
2026-07-06,2891,中信金,50148967.35,3500842254.1,31967629.0,2282309113.0,0.6519314345932271,92.0,90.0,
2026-07-06,2891B,中信金乙特,8192.85,526723.8,24154.0,1561967.0,2.9654384328181105,35.0,30.0,流動性偏低，短線進出可能有滑價風險
2026-07-06,2891C,中信金丙特,40680.85,2548870.05,17266.0,1083991.0,0.4252829601885746,35.0,30.0,流動性偏低，短線進出可能有滑價風險
2026-07-06,2892,第一金,56135783.8,1789036330.65,28641252.0,941977491.0,0.5265278713807655,92.0,90.0,
2026-07-06,2897,王道銀行,5529766.65,57930619.3,3918640.0,41512722.0,0.716593789288215,75.0,80.0,
2026-07-06,2897B,王道銀乙特,110435.95,1304526.4,40336.0,479395.0,0.3674858554031563,35.0,30.0,流動性偏低，短線進出可能有滑價風險
2026-07-06,2901,欣欣,20379.6,483897.8,50363.0,1214215.0,2.5092385210265475,35.0,30.0,流動性偏低，短線進出可能有滑價風險
2026-07-06,2903,遠百,3895234.2,90334656.55,2281979.0,51129725.0,0.5660034249612698,75.0,80.0,
2026-07-06,2904,匯僑,59091.05,831302.8,99933.0,1395855.0,1.6791174046328243,35.0,30.0,流動性偏低，短線進出可能有滑價風險
2026-07-06,2905,三商,896796.5,13389496.85,675224.0,10284801.0,0.7681245318788809,50.0,50.0,
2026-07-06,2906,高林,1093639.4,16062881.5,790992.0,11313708.0,0.7043386331400129,50.0,50.0,
2026-07-06,2908,特力,216875.7,4594443.9,141609.0,3030141.0,0.6595229076580954,35.0,30.0,流動性偏低，短線進出可能有滑價風險
2026-07-06,2910,統領,22323.85,503612.2,142000.0,3192700.0,6.3396001923702405,35.0,30.0,流動性偏低，短線進出可能有滑價風險
2026-07-06,2911,麗嬰房,467034.3,3715891.4,351332.0,2813876.0,0.7572546388196383,35.0,30.0,流動性偏低，短線進出可能有滑價風險
2026-07-06,2912,統一超,3629196.75,823987286.0,4349150.0,1038466277.0,1.2602940538575251,92.0,90.0,
2026-07-06,2913,農林,3595895.3,39960714.25,4074834.0,46458195.0,1.1625967120945542,60.0,65.0,
2026-07-06,2915,潤泰全,4354306.35,226683894.35,1331115.0,69854402.0,0.3081577639218814,92.0,90.0,
2026-07-06,2923,鼎固-KY,131385.45,3229843.9,53105.0,1425308.0,0.4412931535174192,35.0,30.0,流動性偏低，短線進出可能有滑價風險
2026-07-06,2929,淘帝-KY,246800.4,1433865.85,273759.0,1629728.0,1.1365972625681824,35.0,30.0,流動性偏低，短線進出可能有滑價風險
2026-07-06,2936,客思達-KY,39000.0,1203200.0,39000.0,1203200.0,1.0,35.0,30.0,價量資料少於 20 日；流動性偏低，短線進出可能有滑價風險
2026-07-06,2939,永邑-KY,23447.85,476644.8,18001.0,347420.0,0.7288865838880441,35.0,30.0,流動性偏低，短線進出可能有滑價風險
2026-07-06,2945,三商家購,30208.75,1282610.1,11532.0,480971.0,0.3749939283964784,35.0,30.0,流動性偏低，短線進出可能有滑價風險
2026-07-06,3002,歐格,1054165.75,23105080.15,441715.0,9670845.0,0.4185592491874563,60.0,65.0,
2026-07-06,3003,健和興,1988162.3,132352840.95,656619.0,43746752.0,0.3305312654114207,92.0,90.0,
2026-07-06,3004,豐達科,887414.3,126271801.5,4345982.0,691154714.0,5.4735475837810075,92.0,90.0,
2026-07-06,3005,神基,6154750.3,639276958.5,8138932.0,901772606.0,1.4106133406026709,92.0,90.0,
2026-07-06,3006,晶豪科,12203040.85,2808242788.3,12356900.0,2741088543.0,0.9760867380912415,92.0,90.0,
2026-07-06,3008,大立光,3155409.45,14246183036.5,2078150.0,8605759010.0,0.604074718677366,92.0,90.0,
2026-07-06,3010,華立,1682141.75,216307864.1,481508.0,61697344.0,0.2852293154329196,92.0,90.0,
2026-07-06,3011,今皓,1314110.65,18976721.65,1421831.0,19716447.0,1.0389806713532104,50.0,50.0,
2026-07-06,3013,晟銘電,2376871.15,263144691.55,1170192.0,128911143.0,0.4898869220605412,92.0,90.0,
2026-07-06,3014,聯陽,3628978.5,570456106.0,1901617.0,301359495.0,0.5282781476617239,92.0,90.0,
2026-07-06,3015,全漢,3430793.25,223203785.85,8397671.0,625291349.0,2.8014370214142135,92.0,90.0,
2026-07-06,3016,嘉晶,14540939.5,1873274382.8,19909842.0,2665749588.0,1.4230427813866116,92.0,90.0,
2026-07-06,3017,奇鋐,4303487.6,10658955413.15,3733969.0,10032199845.0,0.9411991565912013,92.0,90.0,
2026-07-06,3018,隆銘綠能,38544.9,456837.95,77273.0,930289.0,2.0363654114112015,35.0,30.0,流動性偏低，短線進出可能有滑價風險
2026-07-06,3019,亞光,10310989.35,1599242902.2,8231268.0,1277272378.0,0.7986731573064473,92.0,90.0,
2026-07-06,3021,鴻名,740300.7,22068780.05,500064.0,14228711.0,0.6447438856050405,60.0,65.0,
2026-07-06,3022,威強電,3068071.05,259933125.0,3528443.0,313340471.0,1.2054657173840386,92.0,90.0,
2026-07-06,3023,信邦,2366109.3,774867913.3,3462470.0,1140812214.0,1.47226668496508,92.0,90.0,
2026-07-06,3024,憶聲,1401953.85,17314803.85,1198643.0,14967391.0,0.8644274073021045,50.0,50.0,
2026-07-06,3025,星通,594055.05,41773709.75,295623.0,20102455.0,0.48122264266941245,60.0,65.0,
2026-07-06,3026,禾伸堂,5254870.4,4518003648.7,20374460.0,19432899513.0,4.301213771394713,92.0,90.0,
2026-07-06,3027,盛達,791145.95,16949192.25,1211039.0,27520663.0,1.6237153130409503,50.0,50.0,
2026-07-06,3028,增你強,3539720.9,279588342.8,2990495.0,242395382.0,0.8669724194237758,92.0,90.0,
2026-07-06,3029,零壹,1453448.75,148876759.65,1993456.0,209663607.0,1.408303132691134,92.0,90.0,
2026-07-06,3030,德律,2912759.65,964398229.6,2661773.0,835962464.0,0.866822893636718,92.0,90.0,
2026-07-06,3031,佰鴻,3860203.85,125583243.9,3450737.0,119622828.0,0.9525381275805697,92.0,90.0,
2026-07-06,3032,偉訓,928267.35,77708688.6,384595.0,30906055.0,0.39771685196087586,75.0,80.0,
2026-07-06,3033,威健,8446096.2,423337787.7,3736372.0,189423766.0,0.4474530068037203,92.0,90.0,
2026-07-06,3034,聯詠,6312341.0,3321677791.2,3503759.0,1883446840.0,0.5670167181746969,92.0,90.0,
2026-07-06,3035,智原,10422980.55,2230248880.45,8262400.0,1774508585.0,0.7956549605539788,92.0,90.0,
2026-07-06,3036,文曄,13497896.15,3071895391.0,7175331.0,1568813631.0,0.5106989110359325,92.0,90.0,
2026-07-06,3037,欣興,27810123.7,27231354782.0,24878605.0,23192638949.0,0.8516887659342751,92.0,90.0,
2026-07-06,3038,全台,301709.1,6842335.1,336683.0,7685173.0,1.1231798629681262,50.0,50.0,
2026-07-06,3040,遠見,242191.25,9091998.15,78170.0,2987047.0,0.3285358125595307,50.0,50.0,
2026-07-06,3041,揚智,4080389.45,116923501.35,1636809.0,47012786.0,0.4020815786149908,92.0,90.0,
2026-07-06,3042,晶技,42576781.5,9416526486.3,57561676.0,13401203180.0,1.4231578065964412,92.0,90.0,
2026-07-06,3043,科風,364990.25,8486706.4,184889.0,4317421.0,0.5087275082357038,50.0,50.0,
2026-07-06,3044,健鼎,4339785.65,2263102411.25,2738783.0,1393580482.0,0.6157832164697624,92.0,90.0,
2026-07-06,3045,台灣大,12973149.85,1535318221.25,12347700.0,1461803472.0,0.9521175817283358,92.0,90.0,
2026-07-06,3046,建碁,396252.7,21831787.55,265496.0,14050193.0,0.6435658540475307,60.0,65.0,
2026-07-06,3047,訊舟,2250548.65,36404500.2,4740900.0,80023161.0,2.1981667255522437,60.0,65.0,
2026-07-06,3048,益登,12925474.05,929101072.85,3959725.0,257760596.0,0.2774300918729157,92.0,90.0,
2026-07-06,3049,精金,8167605.9,115839012.75,4939418.0,65078996.0,0.5618055131430667,92.0,90.0,
2026-07-06,3050,鈺德,1004432.55,12827094.6,1435309.0,18579050.0,1.4484223106922436,50.0,50.0,
2026-07-06,3051,力特,2120605.3,59411950.4,1515993.0,42560971.0,0.71637054015988,75.0,80.0,
2026-07-06,3052,夆典,532922.75,5743120.75,381674.0,4228919.0,0.7363451308245609,50.0,50.0,
2026-07-06,3054,立萬利,161672.0,11179882.35,47943.0,3061518.0,0.2738417010264871,50.0,50.0,
2026-07-06,3055,蔚華科,3298381.6,384829476.65,2265468.0,360280324.0,0.9362077124036752,92.0,90.0,
2026-07-06,3056,富華新,1951052.15,29087652.9,1204624.0,18111010.0,0.6226356613324412,60.0,65.0,
2026-07-06,3057,喬鼎,269665.75,5425063.05,193047.0,3792628.0,0.6990938105318426,50.0,50.0,
2026-07-06,3058,立德,967778.0,9119679.4,1647536.0,16281757.0,1.7853431338825354,50.0,50.0,
2026-07-06,3059,華晶科,10681599.4,520405537.05,12362806.0,634380576.0,1.2190119643923953,92.0,90.0,
2026-07-06,3060,銘異,8228746.05,305301820.6,5709208.0,213512154.0,0.6993477915735691,92.0,90.0,
2026-07-06,3062,建漢,4103525.25,104388176.3,2351717.0,58775401.0,0.5630465353766315,92.0,90.0,
2026-07-06,3090,日電貿,11589858.1,3249752182.75,956055.0,312168735.0,0.09605924311922058,92.0,90.0,
2026-07-06,3092,鴻碩,1005959.15,31748864.75,695989.0,22903067.0,0.7213822346199008,60.0,65.0,
2026-07-06,3094,聯傑,5409251.05,219082119.05,4967694.0,212168769.0,0.9684440241860989,92.0,90.0,
2026-07-06,3130,一零四,54226.7,12047136.0,99918.0,22089918.0,1.8336240248304658,50.0,50.0,
2026-07-06,3135,凌航,2602589.95,505700524.95,1372492.0,255113759.0,0.5044759623795602,92.0,90.0,
2026-07-06,3138,耀登,688827.1,92075639.75,351041.0,41927343.0,0.4553576072220557,75.0,80.0,
2026-07-06,3149,正達,14640489.95,1402432739.7,9560577.0,853725417.0,0.6087460687652113,92.0,90.0,
2026-07-06,3150,鈺寶-創,89423.85,1723580.2,58001.0,1096619.0,0.636244835024213,35.0,30.0,流動性偏低，短線進出可能有滑價風險
2026-07-06,3164,景岳,66847.3,1099521.75,66921.0,1097795.0,0.9984295444814985,35.0,30.0,流動性偏低，短線進出可能有滑價風險
2026-07-06,3167,大量,2547302.45,2212011356.95,6786865.0,6344773436.0,2.8683276946409535,92.0,90.0,
2026-07-06,3168,眾福科,86544.05,4031540.2,48255.0,2205154.0,0.5469755702795671,35.0,30.0,流動性偏低，短線進出可能有滑價風險
2026-07-06,3189,景碩,25737923.3,19644108275.95,3956863.0,3089750266.0,0.15728635897322643,92.0,90.0,
2026-07-06,3209,全科,2142601.4,134724081.2,962832.0,58137245.0,0.4315282352061051,92.0,90.0,
2026-07-06,3229,晟鈦,534566.7,24095703.7,270995.0,11423674.0,0.47409588623053994,60.0,65.0,
2026-07-06,3231,緯創,40644727.1,6495712549.8,26189698.0,4174105266.0,0.6425939008228618,92.0,90.0,
2026-07-06,3257,虹冠電,2444948.35,169354778.6,10549833.0,790875694.0,4.669934326848691,92.0,90.0,
2026-07-06,3266,昇陽,89410.8,1183655.5,44973.0,608864.0,0.5143929124648177,35.0,30.0,流動性偏低，短線進出可能有滑價風險
2026-07-06,3296,勝德,428460.35,11994173.95,578762.0,17705681.0,1.4761901131173774,50.0,50.0,
2026-07-06,3305,昇貿,3820984.6,535543042.05,1980843.0,271854939.0,0.5076248175298275,92.0,90.0,
2026-07-06,3308,聯德,174231.25,3772888.5,510079.0,11851270.0,3.141166244377484,35.0,30.0,流動性偏低，短線進出可能有滑價風險
2026-07-06,3311,閎暉,1284182.1,50944678.95,453612.0,17618279.0,0.3458315836535466,75.0,80.0,
2026-07-06,3312,弘憶股,6193706.8,382370425.35,2568588.0,154931893.0,0.4051879610149875,92.0,90.0,
2026-07-06,3321,同泰,1229399.35,29121568.75,639838.0,15580235.0,0.5350067207488608,60.0,65.0,
2026-07-06,3338,泰碩,873040.35,64776248.75,567151.0,41387337.0,0.6389276594223897,75.0,80.0,
2026-07-06,3346,麗清,2066271.75,54881352.6,2825420.0,80647557.0,1.4694892377707178,75.0,80.0,
2026-07-06,3356,奇偶,1010563.6,60225116.25,689405.0,42927867.0,0.7127901060714017,75.0,80.0,
2026-07-06,3376,新日興,9101222.15,1974476552.85,3651372.0,733652338.0,0.37156801732643074,92.0,90.0,
2026-07-06,3380,明泰,3448169.2,119007000.1,3800191.0,136133293.0,1.1439099623182587,92.0,90.0,
2026-07-06,3383,新世紀,312505.0,1076233.0,312505.0,1076233.0,1.0,35.0,30.0,價量資料少於 20 日；流動性偏低，短線進出可能有滑價風險
2026-07-06,3406,玉晶光,4628063.85,3313150026.55,2697285.0,1762755506.0,0.5320481994096615,92.0,90.0,
2026-07-06,3413,京鼎,2450130.6,783815552.45,1661884.0,541918699.0,0.691385488979015,92.0,90.0,
2026-07-06,3416,融程電,478274.55,84765658.7,756403.0,143741009.0,1.6957457914498575,75.0,80.0,
2026-07-06,3419,譁裕,307161.65,4337438.65,569250.0,8258698.0,1.9040495247120093,35.0,30.0,流動性偏低，短線進出可能有滑價風險
2026-07-06,3432,台端,55851.8,1026873.55,68280.0,1248390.0,1.2157193064326177,35.0,30.0,流動性偏低，短線進出可能有滑價風險
2026-07-06,3437,榮創,1351992.25,29847754.7,681844.0,14994194.0,0.502355843871901,60.0,65.0,
2026-07-06,3443,創意,2408338.3,11438347300.75,2512560.0,11907340800.0,1.0410018586530634,92.0,90.0,
2026-07-06,3447,展達,295395.55,11629213.05,117772.0,4472163.0,0.38456282301922395,50.0,50.0,
2026-07-06,3450,聯鈞,9596521.15,5140299569.05,1475890.0,783601023.0,0.15244267624363778,92.0,90.0,
2026-07-06,3454,晶睿,57579.0,5524271.0,57579.0,5524271.0,1.0,50.0,50.0,價量資料少於 20 日
2026-07-06,3481,群創,456078850.45,29971556465.6,519703847.0,35742720630.0,1.1925547033576278,92.0,90.0,
2026-07-06,3494,誠研,108366.1,866597.55,98793.0,783986.0,0.9046713783116511,35.0,30.0,流動性偏低，短線進出可能有滑價風險
2026-07-06,3501,維熹,645250.55,26599199.6,556978.0,23383527.0,0.8791064149163345,60.0,65.0,
2026-07-06,3504,揚明光,3189290.15,276279543.7,657381.0,51817253.0,0.18755370848688716,92.0,90.0,
2026-07-06,3514,昱晶,2572127.0,45784293.0,2572127.0,45784293.0,1.0,60.0,65.0,價量資料少於 20 日
2026-07-06,3515,華擎,680054.0,161735426.55,403465.0,87535287.0,0.5412251902210103,92.0,90.0,
2026-07-06,3518,柏騰,1182462.1,37576524.25,3002966.0,110500186.0,2.9406707566892645,60.0,65.0,
2026-07-06,3519,綠能,1263021.0,22307863.0,1263021.0,22307863.0,1.0,60.0,65.0,價量資料少於 20 日
2026-07-06,3528,安馳,937259.05,105083046.05,727994.0,75152750.0,0.7151748338570358,92.0,90.0,
2026-07-06,3530,晶相光,479081.95,33668914.65,176235.0,12410512.0,0.36860445693042265,60.0,65.0,
2026-07-06,3532,台勝科,3409463.45,1314809802.15,16088077.0,7111375564.0,5.408672457697953,92.0,90.0,
2026-07-06,3533,嘉澤,1023864.45,2270910789.55,1154220.0,2522660731.0,1.1108585782446725,92.0,90.0,
2026-07-06,3535,晶彩科,1400286.3,172884756.0,1212314.0,138764509.0,0.8026416684187009,92.0,90.0,
2026-07-06,3536,誠創,1430498.0,29820681.0,1430498.0,29820681.0,1.0,60.0,65.0,價量資料少於 20 日
2026-07-06,3543,州巧,698959.05,21594355.6,954528.0,29908158.0,1.384998865166414,60.0,65.0,
2026-07-06,3545,敦泰,1649876.95,94459512.9,2297608.0,135412997.0,1.4335559526265564,75.0,80.0,
2026-07-06,3550,聯穎,10588167.7,339076557.65,4717562.0,155861935.0,0.4596659116755664,92.0,90.0,
2026-07-06,3557,嘉威,144501.6,3796592.85,73938.0,1955465.0,0.5150578629994522,35.0,30.0,流動性偏低，短線進出可能有滑價風險
2026-07-06,3561,昇陽光電,1309283.0,19341740.0,1309283.0,19341740.0,1.0,50.0,50.0,價量資料少於 20 日
2026-07-06,3563,牧德,883424.8,659102183.1,1180009.0,923848114.0,1.4016766105291936,92.0,90.0,
2026-07-06,3576,聯合再生,27493267.2,515064726.5,10110731.0,172284717.0,0.33449139134554967,92.0,90.0,
2026-07-06,3579,尚志,264244.0,4239726.0,264244.0,4239726.0,1.0,35.0,30.0,價量資料少於 20 日；流動性偏低，短線進出可能有滑價風險
2026-07-06,3583,辛耘,1731784.0,1487642897.3,1435655.0,1221688924.0,0.8212245870412224,92.0,90.0,
2026-07-06,3588,通嘉,1763484.95,123190816.0,2773291.0,205090547.0,1.664820103147949,92.0,90.0,
2026-07-06,3591,艾笛森,3576115.2,97343063.0,4398615.0,121241918.0,1.2455116395916164,75.0,80.0,
2026-07-06,3592,瑞鼎,1071229.0,293173570.1,970546.0,266227615.0,0.9080887301989436,92.0,90.0,
2026-07-06,3593,力銘,36044.2,555174.0,35347.0,510522.0,0.9195711614737001,35.0,30.0,流動性偏低，短線進出可能有滑價風險
2026-07-06,3596,智易,2372818.85,448567836.05,1735792.0,343796106.0,0.7664305783209977,92.0,90.0,
2026-07-06,3605,宏致,5507936.0,457858029.15,11776420.0,1045327855.0,2.283082939357033,92.0,90.0,
2026-07-06,3607,谷崧,859124.15,14384301.2,2808713.0,48807608.0,3.393116378847796,50.0,50.0,
2026-07-06,3617,碩天,490944.35,106469062.05,428511.0,95247280.0,0.8946005362127636,92.0,90.0,
2026-07-06,3622,洋華,393636.05,22252663.65,358048.0,20905991.0,0.9394826313298453,60.0,65.0,
2026-07-06,3645,達邁,2212329.55,205502491.1,1680485.0,155754635.0,0.7579209096993764,92.0,90.0,
2026-07-06,3652,精聯,1026106.7,40234441.9,176238.0,6649787.0,0.16527598460362886,60.0,65.0,
2026-07-06,3653,健策,1583559.05,5823036492.25,756812.0,2556222595.0,0.4389844711435571,92.0,90.0,
2026-07-06,3661,世芯-KY,1969651.05,8491006230.85,2252744.0,9897063785.0,1.1655937489530313,92.0,90.0,
2026-07-06,3665,貿聯-KY,3112079.8,6469466271.75,2067057.0,4014203955.0,0.620484563391062,92.0,90.0,
2026-07-06,3669,圓展,247267.05,8821028.3,251466.0,9207117.0,1.0437691261006383,50.0,50.0,
2026-07-06,3673,TPK-KY,18947532.9,1579714991.15,10622153.0,881654309.0,0.5581097311472456,92.0,90.0,
2026-07-06,3679,新至陞,124242.25,14594388.6,30892.0,3387386.0,0.23210194636039772,50.0,50.0,
2026-07-06,3682,亞太電,9460152.0,93119248.0,9460152.0,93119248.0,1.0,75.0,80.0,價量資料少於 20 日
2026-07-06,3686,達能,255160.6,4370514.1,194102.0,3365812.0,0.7701180966330712,35.0,30.0,流動性偏低，短線進出可能有滑價風險
2026-07-06,3694,海華,2173720.55,138023876.15,2429201.0,160251075.0,1.161038796112668,92.0,90.0,
2026-07-06,3698,隆達,9557863.0,252359830.0,9557863.0,252359830.0,1.0,92.0,90.0,價量資料少於 20 日
2026-07-06,3701,大眾控,1119417.15,53185824.45,959156.0,43680387.0,0.8212787420652646,75.0,80.0,
2026-07-06,3702,大聯大,14698713.0,1595802368.85,8267854.0,918340311.0,0.5754724575711674,92.0,90.0,
2026-07-06,3703,欣陸,1446421.5,31102677.2,837475.0,17538354.0,0.563885670909384,60.0,65.0,
2026-07-06,3704,合勤控,5191810.85,244255692.15,4073225.0,187297018.0,0.7668071779673364,92.0,90.0,
2026-07-06,3705,永信,272222.15,15202522.25,240811.0,13182781.0,0.8671443319216323,50.0,50.0,
2026-07-06,3706,神達,22538366.15,2000352449.0,18106269.0,1649534513.0,0.8246219379113026,92.0,90.0,
2026-07-06,3708,上緯投控,783417.95,89687115.45,2595738.0,303119460.0,3.379743661942023,75.0,80.0,
2026-07-06,3711,日月光投控,27149168.3,17237646563.65,23329262.0,16106026547.0,0.9343518262500919,92.0,90.0,
2026-07-06,3712,永崴投控,727730.35,13182497.95,1104043.0,21465022.0,1.6282970102794516,50.0,50.0,
2026-07-06,3714,富采,13069846.5,873915101.35,6406815.0,412071237.0,0.47152319071205395,92.0,90.0,
2026-07-06,3715,定穎投控,10466069.25,1858573265.85,10609683.0,1775309064.0,0.9551999356818899,92.0,90.0,
2026-07-06,3716,中化控股,264112.0,9238115.85,305054.0,10829929.0,1.1723092864222957,50.0,50.0,
2026-07-06,3717,聯嘉投控,10083022.1,264936986.2,15176587.0,457660003.0,1.7274296411544219,92.0,90.0,
2026-07-06,4104,佳醫,271232.15,18820165.05,333579.0,23209397.0,1.2332196310892607,50.0,50.0,
2026-07-06,4106,雃博,143850.25,3356161.65,124102.0,2936172.0,0.8748601248095424,35.0,30.0,流動性偏低，短線進出可能有滑價風險
2026-07-06,4108,懷特,259482.5,3163371.2,500399.0,6326959.0,2.000068471256234,35.0,30.0,流動性偏低，短線進出可能有滑價風險
2026-07-06,4119,旭富,269981.0,11588962.25,78389.0,3563995.0,0.3075335757522206,50.0,50.0,
2026-07-06,4133,亞諾法,138474.45,2869016.4,389681.0,8305302.0,2.8948255576371054,35.0,30.0,流動性偏低，短線進出可能有滑價風險
2026-07-06,4137,麗豐-KY,298340.1,31914083.9,303302.0,29331872.0,0.9190886409871224,60.0,65.0,
2026-07-06,4141,龍燈-KY,121100.0,3185750.0,121100.0,3185750.0,1.0,35.0,30.0,價量資料少於 20 日；流動性偏低，短線進出可能有滑價風險
2026-07-06,4142,國光生,1274031.35,22342580.5,1362851.0,24522171.0,1.097553212351635,60.0,65.0,
2026-07-06,4144,康聯-KY,46061.0,1600069.0,46061.0,1600069.0,1.0,35.0,30.0,價量資料少於 20 日；流動性偏低，短線進出可能有滑價風險
2026-07-06,4148,全宇生技-KY,46518.55,1413909.5,38578.0,1192108.0,0.8431289272757556,35.0,30.0,流動性偏低，短線進出可能有滑價風險
2026-07-06,4155,訊映,421426.7,6409658.55,505600.0,7895121.0,1.2317537569922505,50.0,50.0,
2026-07-06,4164,承業醫,792308.4,23926976.55,560228.0,16758461.0,0.7004002768582143,60.0,65.0,
2026-07-06,4169,泰宗,327668.0,63132345.2,165264.0,40324416.0,0.6387283075300678,75.0,80.0,
2026-07-06,4178,永笙-KY,376237.05,6701279.4,498304.0,9348855.0,1.3950850937509036,50.0,50.0,
2026-07-06,4190,佐登-KY,89111.75,2215339.25,34457.0,892795.0,0.40300599558284356,35.0,30.0,流動性偏低，短線進出可能有滑價風險
2026-07-06,4195,基米-創,280431.45,4521482.95,554381.0,9644756.0,2.1330957357696105,35.0,30.0,流動性偏低，短線進出可能有滑價風險
2026-07-06,4306,炎洲,2743271.65,43691889.95,2426315.0,40271456.0,0.9217146716721508,60.0,65.0,
2026-07-06,4414,如興,409455.35,3551845.35,590198.0,5404829.0,1.521696038933677,35.0,30.0,流動性偏低，短線進出可能有滑價風險
2026-07-06,4426,利勤,352735.25,2995043.15,591722.0,5159057.0,1.7225317772132933,35.0,30.0,流動性偏低，短線進出可能有滑價風險
2026-07-06,4438,廣越,71580.3,4347808.6,70886.0,4420296.0,1.016672169055464,35.0,30.0,流動性偏低，短線進出可能有滑價風險
2026-07-06,4439,冠星-KY,16753.45,1509602.3,14083.0,1280486.0,0.8482273775020083,35.0,30.0,流動性偏低，短線進出可能有滑價風險
2026-07-06,4440,宜新實業,424210.4,7803540.5,289738.0,5236227.0,0.671006577078699,50.0,50.0,
2026-07-06,4441,振大環球,93625.05,18224676.45,63653.0,12225172.0,0.6708032394177291,50.0,50.0,
2026-07-06,4526,東台,6065623.55,246450858.8,3556687.0,147539387.0,0.5986564125537549,92.0,90.0,
2026-07-06,4532,瑞智,3422931.15,92637325.0,5951711.0,174020506.0,1.8785139359324117,75.0,80.0,
2026-07-06,4536,拓凱,249976.9,41816225.05,521634.0,91858739.0,2.1967248093333094,60.0,65.0,
2026-07-06,4540,全球傳動,3033300.0,188391186.55,4198552.0,269902324.0,1.4326695900307762,92.0,90.0,
2026-07-06,4545,銘鈺,290731.95,10828068.0,416324.0,16239643.0,1.4997729050094624,50.0,50.0,
2026-07-06,4551,智伸科,1811087.9,367183822.15,1789371.0,498364062.0,1.357260401838758,92.0,90.0,
2026-07-06,4552,力達-KY,96295.3,2004261.3,161728.0,3240396.0,1.6167532646566594,35.0,30.0,流動性偏低，短線進出可能有滑價風險
2026-07-06,4555,氣立,449344.65,21693057.55,278070.0,14129917.0,0.651356636446115,60.0,65.0,
2026-07-06,4557,永新-KY,73208.65,3487722.25,55532.0,2829001.0,0.811131390981607,35.0,30.0,流動性偏低，短線進出可能有滑價風險
2026-07-06,4560,強信-KY,248361.45,8119071.75,189790.0,6494696.0,0.7999308541644554,50.0,50.0,
2026-07-06,4562,穎漢,657394.85,24038946.5,654578.0,23824392.0,0.9910747128623129,60.0,65.0,
2026-07-06,4564,元翎,1493344.7,25932297.35,9497644.0,182249905.0,7.027912048833575,60.0,65.0,
2026-07-06,4566,時碩工業,859027.65,55243555.25,1387562.0,95490575.0,1.728537827948718,75.0,80.0,
2026-07-06,4569,六方科-KY,115658.9,20583955.1,89434.0,15858760.0,0.7704427998873744,60.0,65.0,
2026-07-06,4571,鈞興-KY,358550.45,63787778.6,483170.0,86787768.0,1.3605704714100202,75.0,80.0,
2026-07-06,4572,駐龍,51058.65,7532736.1,58726.0,8964120.0,1.1900217770804422,50.0,50.0,
2026-07-06,4576,大銀微系統,2021596.85,439872881.3,3513577.0,823238233.0,1.8715366825229196,92.0,90.0,
2026-07-06,4581,光隆精密-KY,12844.6,640964.25,12000.0,604800.0,0.9435783665001597,35.0,30.0,流動性偏低，短線進出可能有滑價風險
2026-07-06,4582,聚恆-創,288271.4,7613971.75,360664.0,10157156.0,1.334015456519129,50.0,50.0,
2026-07-06,4583,台灣精銳,105847.7,65291889.1,62767.0,39159665.0,0.599763087571623,75.0,80.0,
2026-07-06,4585,達明,398245.65,128911594.25,587147.0,196950430.0,1.5277945412578744,92.0,90.0,
2026-07-06,4588,玖鼎電力,116764.7,6918193.05,114689.0,6898229.0,0.9971142681541678,50.0,50.0,
2026-07-06,4590,富田-創,413786.15,35397302.4,1114563.0,108741629.0,3.0720315285946764,60.0,65.0,
2026-07-06,4720,德淵,2872083.7,71657509.25,2299799.0,59687874.0,0.8329604897619296,75.0,80.0,
2026-07-06,4722,國精化,2612170.35,702741745.55,1076511.0,294279672.0,0.4187593434764323,92.0,90.0,
2026-07-06,4725,信昌化,1531090.0,43745864.0,1531090.0,43745864.0,1.0,60.0,65.0,價量資料少於 20 日
2026-07-06,4736,泰博,144663.3,18019752.9,95245.0,11983123.0,0.6649992964109958,50.0,50.0,
2026-07-06,4737,華廣,80001.4,4481902.9,79005.0,4470480.0,0.9974513280954836,35.0,30.0,流動性偏低，短線進出可能有滑價風險
2026-07-06,4739,康普,5677841.05,691319601.0,3062509.0,357159993.0,0.5166351315417137,92.0,90.0,
2026-07-06,4746,台耀,776348.0,41153758.05,2015316.0,112477474.0,2.7331033502054622,60.0,65.0,
2026-07-06,4755,三福化,482691.85,66800798.85,1122676.0,160228441.0,2.3986006718241515,75.0,80.0,
2026-07-06,4763,材料*-KY,11003651.8,515917849.35,13634603.0,691899127.0,1.341103293618775,92.0,90.0,
2026-07-06,4764,雙鍵,1790816.65,551144605.65,429243.0,131481296.0,0.23856043341826003,92.0,90.0,
2026-07-06,4766,南寶,682563.75,244383754.75,479401.0,177482032.0,0.7262431669468407,92.0,90.0,
2026-07-06,4770,上品,412368.25,89367107.8,252284.0,56081257.0,0.6275380101312846,75.0,80.0,
2026-07-06,4771,望隼,201608.65,40022271.45,273559.0,58696344.0,1.466592021727942,60.0,65.0,
2026-07-06,4807,日成-KY,449698.7,17778074.6,139646.0,5307746.0,0.2985557277389307,50.0,50.0,
2026-07-06,4904,遠傳,20266082.45,2167374557.3,13706298.0,1426453214.0,0.6581479925541801,92.0,90.0,
2026-07-06,4906,正文,12100097.0,532029435.4,8021764.0,347759786.0,0.6536476421432227,92.0,90.0,
2026-07-06,4912,聯德控股-KY,470159.3,42342127.9,389404.0,34877837.0,0.8237147902054304,60.0,65.0,
2026-07-06,4915,致伸,6105419.2,441436308.15,5959935.0,407577194.0,0.9232978494861491,92.0,90.0,
2026-07-06,4916,事欣科,10583835.65,1154874663.5,8222338.0,936783224.0,0.8111557501495053,92.0,90.0,
2026-07-06,4919,新唐,16048352.6,2963612324.8,13276579.0,2376128040.0,0.8017674984397135,92.0,90.0,
2026-07-06,4927,泰鼎-KY,6611751.65,329680851.9,2988262.0,139405302.0,0.4228492531385624,92.0,90.0,
2026-07-06,4930,燦星網,63564.1,1099973.55,194367.0,3416894.0,3.1063419661318217,35.0,30.0,流動性偏低，短線進出可能有滑價風險
2026-07-06,4934,太極,1974237.0,34739886.05,1260472.0,22682005.0,0.6529095969789458,60.0,65.0,
2026-07-06,4935,茂林-KY,175338.0,6744051.75,103527.0,3840499.0,0.5694646397100971,50.0,50.0,
2026-07-06,4938,和碩,25947076.65,2261441567.7,14528176.0,1229325654.0,0.5436026610452227,92.0,90.0,
2026-07-06,4942,嘉彰,76229.95,2864607.6,55305.0,2098603.0,0.7325970230617275,35.0,30.0,流動性偏低，短線進出可能有滑價風險
2026-07-06,4943,康控-KY,53452.4,482584.2,35675.0,317178.0,0.6572490355050994,35.0,30.0,流動性偏低，短線進出可能有滑價風險
2026-07-06,4949,有成精密,1082683.4,93953528.1,580841.0,46230614.0,0.4920583072813846,75.0,80.0,
2026-07-06,4952,凌通,2157985.95,124112078.0,1465988.0,87246004.0,0.7029614313604515,92.0,90.0,
2026-07-06,4956,光鋐,2250267.1,90107210.8,1766972.0,69528106.0,0.7716153389135867,75.0,80.0,
2026-07-06,4958,臻鼎-KY,35411851.6,21115878872.55,33883218.0,19983790003.0,0.946386845824273,92.0,90.0,
2026-07-06,4960,誠美材,5898156.5,166546071.55,3177810.0,81426108.0,0.48891040924705614,92.0,90.0,
2026-07-06,4961,天鈺,1093252.5,186999693.15,1699674.0,302314720.0,1.6166589094747934,92.0,90.0,
2026-07-06,4967,十銓,5417572.6,1481632020.75,3591223.0,941121907.0,0.6351927427456687,92.0,90.0,
2026-07-06,4968,立積,1005949.75,115586535.45,2307300.0,278189109.0,2.4067605099240823,92.0,90.0,
2026-07-06,4976,佳凌,6211896.55,245927972.6,2587082.0,103205077.0,0.4196557061358054,92.0,90.0,
2026-07-06,4977,眾達-KY,2163856.25,384138441.45,1271476.0,204891321.0,0.533378852235149,92.0,90.0,
2026-07-06,4984,科納-KY,169050.0,6493024.0,169050.0,6493024.0,1.0,50.0,50.0,價量資料少於 20 日
2026-07-06,4989,榮科,11169946.85,1084127397.65,40555568.0,4540750319.0,4.188391815244888,92.0,90.0,
2026-07-06,4994,傳奇,27210.5,2440323.15,12145.0,1106576.0,0.4534546992270266,35.0,30.0,流動性偏低，短線進出可能有滑價風險
2026-07-06,4999,鑫禾,89560.1,1833763.6,96823.0,1994371.0,1.0875834813167846,35.0,30.0,流動性偏低，短線進出可能有滑價風險
2026-07-06,5007,三星,65036.75,3714606.15,4820.0,269290.0,0.07249489962751503,35.0,30.0,流動性偏低，短線進出可能有滑價風險
2026-07-06,5203,訊連,360695.25,24675088.95,372503.0,26470489.0,1.072761644492471,60.0,65.0,
2026-07-06,5215,科嘉-KY,177553.8,7814173.15,150891.0,7055334.0,0.9028893863197797,50.0,50.0,
2026-07-06,5222,全訊,628083.45,76665016.15,1279353.0,167632109.0,2.186552842720558,75.0,80.0,
2026-07-06,5225,東科-KY,273519.25,20043503.2,314587.0,24137466.0,1.2042538551843573,60.0,65.0,
2026-07-06,5234,達興材料,441262.55,173042849.0,730393.0,304773163.0,1.7612583516814382,92.0,90.0,
2026-07-06,5243,乙盛-KY,2679199.4,287779919.05,1605114.0,166553331.0,0.5787524423170832,92.0,90.0,
2026-07-06,5244,弘凱,193424.65,7157315.3,179801.0,6474371.0,0.9045809397274981,50.0,50.0,
2026-07-06,5258,虹堡,564238.2,28258099.2,502212.0,26390986.0,0.9339264404592366,60.0,65.0,
2026-07-06,5264,鎧勝-KY,893150.0,86894200.0,893150.0,86894200.0,1.0,75.0,80.0,價量資料少於 20 日
2026-07-06,5269,祥碩,1219333.75,1755684573.25,1022451.0,1567387720.0,0.8927501806879592,92.0,90.0,
2026-07-06,5283,禾聯碩,130848.3,7097572.1,144019.0,7887560.0,1.1113039626606964,50.0,50.0,
2026-07-06,5284,jpp-KY,691004.7,262112961.6,738635.0,268392957.0,1.0239591180904042,92.0,90.0,
2026-07-06,5285,界霖,5102138.6,511334488.85,7377242.0,778053633.0,1.5216138358862823,92.0,90.0,
2026-07-06,5288,豐祥-KY,306683.75,56404053.35,91343.0,17050487.0,0.30229187420623554,75.0,80.0,
2026-07-06,5292,華懋,152887.15,33116670.75,138814.0,31624397.0,0.9549388958429645,60.0,65.0,
2026-07-06,5305,敦南,5545363.0,230101311.0,5545363.0,230101311.0,1.0,92.0,90.0,價量資料少於 20 日
2026-07-06,5306,桂盟,162416.75,14000363.3,87838.0,7653781.0,0.5466844563954993,50.0,50.0,
2026-07-06,5388,中磊,3269440.8,270309063.25,1930063.0,158172804.0,0.5851553850923272,92.0,90.0,
2026-07-06,5434,崇越,1618740.65,831084570.7,1910630.0,1006287185.0,1.2108120165826584,92.0,90.0,
2026-07-06,5469,瀚宇博,6259233.95,552205497.8,5411746.0,479447245.0,0.868240622214247,92.0,90.0,
2026-07-06,5471,松翰,6348201.9,380576799.65,6748148.0,434581377.0,1.1419019167738698,92.0,90.0,
2026-07-06,5484,慧友,810505.25,39972548.7,434487.0,20835146.0,0.5212363653959348,60.0,65.0,
2026-07-06,5515,建國,771157.4,32189190.85,269678.0,10897787.0,0.3385542386195147,60.0,65.0,
2026-07-06,5519,隆大,790568.25,26936413.0,1139495.0,39418101.0,1.463376025605191,60.0,65.0,
2026-07-06,5521,工信,4676619.35,49102270.7,3073169.0,32796008.0,0.6679122478952892,60.0,65.0,
2026-07-06,5522,遠雄,2244851.0,162192864.5,734735.0,47494796.0,0.2928291336762229,92.0,90.0,
2026-07-06,5525,順天,145358.3,3183349.4,80705.0,1766127.0,0.5548014930437734,35.0,30.0,流動性偏低，短線進出可能有滑價風險
2026-07-06,5531,鄉林,672884.55,5514961.3,681731.0,5526032.0,1.00200739395941,50.0,50.0,
2026-07-06,5533,皇鼎,176622.85,2464001.4,78889.0,1120153.0,0.4546072904017019,35.0,30.0,流動性偏低，短線進出可能有滑價風險
2026-07-06,5534,長虹,1890558.8,153770787.8,350686.0,28226331.0,0.1835610742705709,92.0,90.0,
2026-07-06,5538,東明-KY,122765.15,3978046.3,50000.0,1651000.0,0.4150278492233738,35.0,30.0,流動性偏低，短線進出可能有滑價風險
2026-07-06,5546,永固-KY,35600.85,580124.1,8000.0,134600.0,0.23201932138313167,35.0,30.0,流動性偏低，短線進出可能有滑價風險
2026-07-06,5607,遠雄港,644324.3,33520033.6,439604.0,22990887.0,0.6858849628360754,60.0,65.0,
2026-07-06,5608,四維航,1317145.0,19428134.65,1905986.0,28842529.0,1.4845753089321934,50.0,50.0,
2026-07-06,5706,鳳凰,427824.5,22075829.4,169353.0,8160886.0,0.3696751706189576,60.0,65.0,
2026-07-06,5871,中租-KY,11241595.55,1314243834.95,5270689.0,612929517.0,0.466374275990664,92.0,90.0,
2026-07-06,5871A,中租-KY甲特,113033.2,11569769.05,266640.0,27200636.0,2.351009417945123,50.0,50.0,
2026-07-06,5876,上海商銀,13555189.5,570431733.3,7781494.0,325437520.0,0.5705108972765489,92.0,90.0,
2026-07-06,5880,合庫金,24470768.25,596677443.7,11628374.0,289068285.0,0.4844632356260797,92.0,90.0,
2026-07-06,5906,台南-KY,33842.35294117647,1331980.705882353,7064.0,268204.0,0.20135727102918644,35.0,30.0,價量資料少於 20 日；流動性偏低，短線進出可能有滑價風險
2026-07-06,5907,大洋-KY,365837.25,1846216.0,757050.0,3928200.0,2.127703367319967,35.0,30.0,流動性偏低，短線進出可能有滑價風險
2026-07-06,6005,群益證,17185551.1,674205234.0,10096284.0,392143850.0,0.5816386913424644,92.0,90.0,
2026-07-06,6024,群益期,476027.75,29191030.35,426547.0,26650703.0,0.9129757559242851,60.0,65.0,
2026-07-06,6108,競國,928375.8,17376140.4,607002.0,11560348.0,0.6653001031230158,50.0,50.0,
2026-07-06,6112,邁達特,1380130.75,65835497.4,462108.0,20829953.0,0.3163939488972404,75.0,80.0,
2026-07-06,6115,鎰勝,251178.45,12204594.65,276326.0,13505564.0,1.1065966865192036,50.0,50.0,
2026-07-06,6116,彩晶,117562397.6,2243475200.3,53665480.0,990222255.0,0.4413787390507309,92.0,90.0,
2026-07-06,6117,迎廣,387189.0,29443050.05,160920.0,11965669.0,0.40640045714285633,60.0,65.0,
2026-07-06,6120,達運,3771206.55,54114732.55,3018695.0,43903495.0,0.8113039265127072,75.0,80.0,
2026-07-06,6128,上福,153462.55,3170858.4,82118.0,1706745.0,0.5382596081868557,35.0,30.0,流動性偏低，短線進出可能有滑價風險
2026-07-06,6131,鈞泰,1815622.0,33979692.0,1815622.0,33979692.0,1.0,60.0,65.0,價量資料少於 20 日
2026-07-06,6133,金橋,2970538.05,75999029.2,9367077.0,252858100.0,3.327122762773396,75.0,80.0,
2026-07-06,6136,富爾特,244787.65,6142821.15,95985.0,2342058.0,0.381267489775443,50.0,50.0,
2026-07-06,6139,亞翔,5845399.05,5008329196.35,3767848.0,3549918222.0,0.7088028927066397,92.0,90.0,
2026-07-06,6141,柏承,1563342.3,58512201.9,392555.0,14792629.0,0.25281272144366185,75.0,80.0,
2026-07-06,6142,友勁,977850.2,9166065.9,1328653.0,13184398.0,1.438392233248072,50.0,50.0,
2026-07-06,6145,勁永,1374381.0,17611938.0,1374381.0,17611938.0,1.0,50.0,50.0,價量資料少於 20 日
2026-07-06,6152,百一,1230024.05,17665114.15,859510.0,11752542.0,0.6652966915585995,50.0,50.0,
2026-07-06,6153,嘉聯益,20506689.2,463244477.45,5423663.0,111796266.0,0.24133318677731386,92.0,90.0,
2026-07-06,6155,鈞寶,20230305.9,1761170059.0,3400982.0,288995393.0,0.16409283789669513,92.0,90.0,
2026-07-06,6164,華興,2056584.5,30451259.85,13574355.0,215766217.0,7.08562529310261,60.0,65.0,
2026-07-06,6165,浪凡,544341.65,26830696.95,1944049.0,100694087.0,3.7529433986618823,60.0,65.0,
2026-07-06,6166,凌華,2840403.85,399588243.6,825485.0,109086648.0,0.2729976413149909,92.0,90.0,
2026-07-06,6168,宏齊,8986054.75,283269625.85,3301145.0,100726178.0,0.355584110713436,92.0,90.0,
2026-07-06,6172,互億,1021.0,10369.0,1021.0,10369.0,1.0,35.0,30.0,價量資料少於 20 日；流動性偏低，短線進出可能有滑價風險
2026-07-06,6176,瑞儀,9303617.85,836744844.45,8729712.0,804846133.0,0.9618776121997293,92.0,90.0,
2026-07-06,6177,達麗,2412160.3,113599822.85,926337.0,42799582.0,0.3767574713255814,92.0,90.0,
2026-07-06,6183,關貿,36759.05,3287967.35,20305.0,1825977.0,0.5553513175853161,35.0,30.0,流動性偏低，短線進出可能有滑價風險
2026-07-06,6184,大豐電,97978.75,4427539.95,26374.0,1141528.0,0.25782443815103234,35.0,30.0,流動性偏低，短線進出可能有滑價風險
2026-07-06,6189,豐藝,3064271.9,167520822.6,741223.0,39311203.0,0.23466457715448205,92.0,90.0,
2026-07-06,6191,精成科,14341341.3,1504945285.45,11297822.0,1227189059.0,0.8154376580096419,92.0,90.0,
2026-07-06,6192,巨路,321312.65,38718609.5,137813.0,16793090.0,0.43372141243863627,60.0,65.0,
2026-07-06,6196,帆宣,2266482.85,1243359569.9,1699417.0,979854779.0,0.7880703239198995,92.0,90.0,
2026-07-06,6197,佳必琪,4562129.95,1566087541.95,2476580.0,916799914.0,0.5854078328587269,92.0,90.0,
2026-07-06,6201,亞弘電,47445.8,2269534.0,72762.0,3571181.0,1.5735305133124244,35.0,30.0,流動性偏低，短線進出可能有滑價風險
2026-07-06,6202,盛群,9299868.7,619729281.15,10138102.0,711898252.0,1.1487245699912174,92.0,90.0,
2026-07-06,6205,詮欣,1454367.75,117496217.75,1113097.0,84995724.0,0.7233911493291451,92.0,90.0,
2026-07-06,6206,飛捷,1069830.95,141328631.85,679016.0,91260710.0,0.6457340512349975,92.0,90.0,
2026-07-06,6209,今國光,21583946.6,1962550182.55,4825941.0,391144716.0,0.19930431307074858,92.0,90.0,
2026-07-06,6213,聯茂,19751544.1,6423331078.1,33701683.0,13254207117.0,2.0634476030963906,92.0,90.0,
2026-07-06,6214,精誠,2126247.6,292749252.4,1649328.0,223760774.0,0.7643427683096622,92.0,90.0,
2026-07-06,6215,和椿,1806517.55,201579487.35,1888806.0,217084466.0,1.076917442612,92.0,90.0,
2026-07-06,6216,居易,256461.3,5864020.35,197278.0,4619677.0,0.7878003015456794,50.0,50.0,
2026-07-06,6224,聚鼎,2218338.25,180238734.05,2610712.0,216463257.0,1.2009807888461475,92.0,90.0,
2026-07-06,6225,天瀚,31248.45,705703.6,10350.0,255932.0,0.3626621714838921,35.0,30.0,流動性偏低，短線進出可能有滑價風險
2026-07-06,6226,光鼎,6843899.9,127787505.1,8249971.0,189624312.0,1.4839033898628013,92.0,90.0,
2026-07-06,6230,尼得科超眾,72356.35,9426768.7,54646.0,6931522.0,0.7353020128731917,50.0,50.0,
2026-07-06,6235,華孚,1257370.05,53915483.3,7536238.0,350008555.0,6.49180038046696,75.0,80.0,
2026-07-06,6239,力成,36442667.3,12414297020.15,42868696.0,15061879686.0,1.2132688352431582,92.0,90.0,
2026-07-06,6243,迅杰,1425561.8,59194283.75,413181.0,17090998.0,0.2887271695385621,75.0,80.0,
2026-07-06,6251,定穎,1342536.0,15868643.0,1342536.0,15868643.0,1.0,50.0,50.0,價量資料少於 20 日
2026-07-06,6257,矽格,11557596.8,2722928510.05,21963121.0,6060602691.0,2.2257663646441865,92.0,90.0,
2026-07-06,6269,台郡,11916159.8,900893127.9,5159991.0,345666304.0,0.38369290795430433,92.0,90.0,
2026-07-06,6271,同欣電,16165264.0,4246618271.45,28985510.0,8208928431.0,1.9330507020582937,92.0,90.0,
2026-07-06,6272,驊陞,314545.8,10459243.25,242635.0,7871812.0,0.7526177383817897,50.0,50.0,
2026-07-06,6277,宏正,210894.65,15249750.5,123613.0,8777399.0,0.5755765643510037,50.0,50.0,
2026-07-06,6278,台表科,10174117.2,2081711485.8,10271111.0,2157919519.0,1.036608355057768,92.0,90.0,
2026-07-06,6281,全國電,92569.75,4754001.4,93266.0,4858722.0,1.022027885814253,35.0,30.0,流動性偏低，短線進出可能有滑價風險
2026-07-06,6282,康舒,36588386.15,2194037297.65,32395696.0,1962574510.0,0.8945037133607909,92.0,90.0,
2026-07-06,6283,淳安,290355.1,6922529.85,233550.0,5673846.0,0.8196203010955598,50.0,50.0,
2026-07-06,6285,啟碁,13295370.9,3556859391.25,7192146.0,1860921415.0,0.5231922913730952,92.0,90.0,
2026-07-06,6289,華上,160750.0,338376.0,160750.0,338376.0,1.0,35.0,30.0,價量資料少於 20 日；流動性偏低，短線進出可能有滑價風險
2026-07-06,6405,悅城,1787014.7,120283794.8,1003340.0,62645685.0,0.5208156685126466,92.0,90.0,
2026-07-06,6409,旭隼,1815022.25,1851097776.7,2093128.0,2788586630.0,1.5064502076012893,92.0,90.0,
2026-07-06,6412,群電,3774500.4,349624000.05,7830531.0,745227417.0,2.1315110429873934,92.0,90.0,
2026-07-06,6414,樺漢,1727098.75,655275423.8,1236975.0,477265755.0,0.7283437432038787,92.0,90.0,
2026-07-06,6415,矽力*-KY,5118987.5,3000012142.0,1963801.0,1236150358.0,0.4120484516359001,92.0,90.0,
2026-07-06,6416,瑞祺電通,227484.2,18647381.6,241246.0,20114340.0,1.078668331643945,50.0,50.0,
2026-07-06,6422,君耀-KY,2820301.0,191782991.0,2820301.0,191782991.0,1.0,92.0,90.0,價量資料少於 20 日
2026-07-06,6426,統新,1041395.65,213654950.15,1039993.0,200557632.0,0.9386987376571204,92.0,90.0,
2026-07-06,6431,光麗-KY,119183.75,2166218.45,301205.0,5829395.0,2.691046694759709,35.0,30.0,流動性偏低，短線進出可能有滑價風險
2026-07-06,6438,迅得,836959.05,131399505.7,783735.0,130278721.0,0.9914704039864588,92.0,90.0,
2026-07-06,6442,光聖,1731018.2,3141678559.25,1361656.0,2209895745.0,0.7034124285227829,92.0,90.0,
2026-07-06,6443,元晶,18339956.55,734922295.15,6887416.0,240633997.0,0.3274278091548248,92.0,90.0,
2026-07-06,6446,藥華藥,3102809.1,3509488766.15,2623208.0,3761529220.0,1.0718168572816076,92.0,90.0,
2026-07-06,6449,鈺邦,2397546.7,947203063.4,2456973.0,826005447.0,0.8720468492099684,92.0,90.0,
2026-07-06,6451,訊芯-KY,5888233.15,3413521451.65,3063640.0,1628020186.0,0.47693275377339756,92.0,90.0,
2026-07-06,6452,康友-KY,405705.0,165026190.0,405705.0,165026190.0,1.0,92.0,90.0,價量資料少於 20 日
2026-07-06,6456,GIS-KY,6755560.95,489155586.5,7513128.0,529651541.0,1.0827874721614776,92.0,90.0,
2026-07-06,6464,台數科,95868.95,7466237.6,91772.0,7138063.0,0.9560455188299928,50.0,50.0,
2026-07-06,6472,保瑞,1798512.25,749164963.65,1035550.0,448362553.0,0.5984830774994292,92.0,90.0,
2026-07-06,6477,安集,1920187.7,66439571.85,6957344.0,267195250.0,4.021628113487008,75.0,80.0,
2026-07-06,6491,晶碩,761789.75,264165089.2,2037848.0,776609138.0,2.939862872690295,92.0,90.0,
2026-07-06,6504,南六,46157.4,1660338.05,48001.0,1743786.0,1.05025961429963,35.0,30.0,流動性偏低，短線進出可能有滑價風險
2026-07-06,6505,台塑化,12218631.1,675846401.85,18653542.0,1117681394.0,1.653750602119892,92.0,90.0,
2026-07-06,6515,穎崴,406250.55,3696625602.5,302012.0,2797035705.0,0.7566456562732201,92.0,90.0,
2026-07-06,6525,捷敏-KY,4528971.95,688595279.3,2933300.0,588130800.0,0.8541022828356762,92.0,90.0,
2026-07-06,6526,達發,817824.95,550217223.65,609979.0,424644395.0,0.7717759036749485,92.0,90.0,
2026-07-06,6531,愛普*,4516507.45,4504277208.35,3675138.0,3628940021.0,0.8056653383305747,92.0,90.0,
2026-07-06,6533,晶心科,411870.55,83020468.75,472020.0,96137818.0,1.1580013874590416,75.0,80.0,
2026-07-06,6534,正瀚-創,61920.65,5608918.4,30389.0,2748226.0,0.4899743237484075,50.0,50.0,
2026-07-06,6541,泰福-KY,575321.95,23652700.15,432288.0,18115077.0,0.7658777596265263,60.0,65.0,
2026-07-06,6550,北極星藥業-KY,1381688.35,18350326.55,1348419.0,18650588.0,1.0163627306130962,50.0,50.0,
2026-07-06,6552,易華電,299919.3,9190471.35,270488.0,8676142.0,0.9440366733747557,50.0,50.0,
2026-07-06,6558,興能高,540917.85,16603655.2,1176012.0,37194927.0,2.2401649848763423,50.0,50.0,
2026-07-06,6573,虹揚-KY,1391778.0,29265884.3,2722805.0,71426266.0,2.4405982497511616,60.0,65.0,
2026-07-06,6579,研揚,561885.4,91327745.7,452931.0,75622516.0,0.8280344097007531,75.0,80.0,
2026-07-06,6581,鋼聯,23835.35,2558051.15,7006.0,750641.0,0.2934425294818675,35.0,30.0,流動性偏低，短線進出可能有滑價風險
2026-07-06,6582,申豐,93903.0,3055808.9,64511.0,2151108.0,0.7039406161818561,35.0,30.0,流動性偏低，短線進出可能有滑價風險
2026-07-06,6585,鼎基,1166329.8,153795205.6,440361.0,57424851.0,0.37338518308141594,92.0,90.0,
2026-07-06,6589,台康生技,1330206.4,62924595.65,2302317.0,120020783.0,1.9073747198564637,75.0,80.0,
2026-07-06,6591,動力-KY,225960.9,12444531.45,517991.0,28835435.0,2.317116969478188,50.0,50.0,
2026-07-06,6592,和潤企業,872086.7,55404496.6,1241670.0,77095179.0,1.3914967869232477,75.0,80.0,
2026-07-06,6592A,和潤企業甲特,9005.3,877133.55,2000.0,190000.0,0.21661467629416295,35.0,30.0,流動性偏低，短線進出可能有滑價風險
2026-07-06,6592B,和潤企業乙特,18755.55,1818172.25,9408.0,894979.0,0.4922410404184752,35.0,30.0,流動性偏低，短線進出可能有滑價風險
2026-07-06,6598,ABC-KY,137253.45,3272155.2,113562.0,2646671.0,0.8088464141309678,35.0,30.0,流動性偏低，短線進出可能有滑價風險
2026-07-06,6605,帝寶,717840.65,100856823.15,410169.0,56656177.0,0.5617485781377202,92.0,90.0,
2026-07-06,6606,建德工業,138043.35,3516204.05,76454.0,1906246.0,0.54213179124232,35.0,30.0,流動性偏低，短線進出可能有滑價風險
2026-07-06,6614,資拓宏宇,81778.95,3286416.0,70365.0,2852596.0,0.8679960175461658,35.0,30.0,流動性偏低，短線進出可能有滑價風險
2026-07-06,6625,必應,230070.75,17922996.35,131715.0,10453070.0,0.5832211197208663,50.0,50.0,
2026-07-06,6641,基士德-KY,88186.9,1642291.3,476511.0,9390675.0,5.7180324830314815,35.0,30.0,流動性偏低，短線進出可能有滑價風險
2026-07-06,6645,金萬林-創,122626.75,1810221.8,36200.0,581998.0,0.32150645849033527,35.0,30.0,流動性偏低，短線進出可能有滑價風險
2026-07-06,6655,科定,8631.6,1050756.45,2000.0,245000.0,0.2331653543501922,35.0,30.0,流動性偏低，短線進出可能有滑價風險
2026-07-06,6657,華安,204276.0,7166786.35,95859.0,3535836.0,0.493364225933706,50.0,50.0,
2026-07-06,6658,聯策,1703575.1,359547746.35,1510757.0,311262429.0,0.865705409531348,92.0,90.0,
2026-07-06,6666,羅麗芬-KY,58547.1,2529959.4,57070.0,2473210.0,0.9775690471554603,35.0,30.0,流動性偏低，短線進出可能有滑價風險
2026-07-06,6668,中揚光,2081081.25,91684894.05,755275.0,29695546.0,0.3238870078620111,75.0,80.0,
2026-07-06,6669,緯穎,1848505.7,9075576646.75,1255424.0,6402455545.0,0.7054599166756798,92.0,90.0,
2026-07-06,6670,復盛應用,1033566.45,277975784.5,220328.0,57300751.0,0.20613576503819525,92.0,90.0,
2026-07-06,6671,三能-KY,69893.35,1792813.8,38000.0,933900.0,0.5209129916335985,35.0,30.0,流動性偏低，短線進出可能有滑價風險
2026-07-06,6672,騰輝電子-KY,6526680.85,1739336232.5,4407424.0,1368254422.0,0.7866532050754598,92.0,90.0,
2026-07-06,6674,鋐寶科技,26687.35,459773.95,15000.0,255450.0,0.5555991156088769,35.0,30.0,流動性偏低，短線進出可能有滑價風險
2026-07-06,6689,伊雲谷,220071.3,14676493.75,140667.0,9118667.0,0.621310999434044,50.0,50.0,
2026-07-06,6691,洋基工程,1327006.55,981194760.6,1240777.0,939067510.0,0.9570653530862321,92.0,90.0,
2026-07-06,6695,芯鼎,2729682.85,168509506.95,2114076.0,128566478.0,0.7629627569805195,92.0,90.0,
2026-07-06,6698,旭暉應材,1221706.3,52266075.7,954590.0,41505748.0,0.79412405550088,75.0,80.0,
2026-07-06,6706,惠特,2949682.5,485391197.3,1421278.0,213504628.0,0.4398609393570063,92.0,90.0,
2026-07-06,6715,嘉基,577590.75,278281599.55,270158.0,134116957.0,0.481946909953357,92.0,90.0,
2026-07-06,6719,力智,5345422.05,1524201015.4,8973507.0,2809892932.0,1.843518606541928,92.0,90.0,
2026-07-06,6722,輝創,76571.85,2799796.5,21153.0,742115.0,0.2650603356351078,35.0,30.0,流動性偏低，短線進出可能有滑價風險
2026-07-06,6742,澤米,4851951.5,319768167.3,1912601.0,123812182.0,0.3871935816670642,92.0,90.0,
2026-07-06,6743,安普新,613417.95,18760514.1,408474.0,12852403.0,0.6850773348476628,50.0,50.0,
2026-07-06,6753,龍德造船,2482472.55,358988220.75,15144520.0,2436976359.0,6.788457721283046,92.0,90.0,
2026-07-06,6754,匯僑設計,34463.4,1554501.05,66633.0,2847963.0,1.8320753144554003,35.0,30.0,流動性偏低，短線進出可能有滑價風險
2026-07-06,6756,威鋒電子,292322.8,29191113.25,250527.0,25708415.0,0.8806932020655293,60.0,65.0,
2026-07-06,6757,台灣虎航,5498010.1,325612504.0,1494274.0,90442127.0,0.2777599935167109,92.0,90.0,
2026-07-06,6768,志強-KY,589704.6,51137772.25,290767.0,21502191.0,0.42047570814937096,75.0,80.0,
2026-07-06,6770,力積電,213132371.75,16567059010.6,153798168.0,11454973670.0,0.6914307278480045,92.0,90.0,
2026-07-06,6771,平和環保-創,39411.9,1595711.25,29056.0,1144974.0,0.7175320722969146,35.0,30.0,流動性偏低，短線進出可能有滑價風險
2026-07-06,6776,展碁國際,328942.05,19066189.4,155208.0,8585115.0,0.4502795403889149,50.0,50.0,
2026-07-06,6781,AES-KY,1315310.25,1534869233.25,2715434.0,3480440920.0,2.2675813969052987,92.0,90.0,
2026-07-06,6782,視陽,268578.45,53362078.25,412535.0,87047919.0,1.6312692806337616,75.0,80.0,
2026-07-06,6789,采鈺,2656552.8,1374189876.55,1682627.0,887082611.0,0.6455313244099011,92.0,90.0,
2026-07-06,6790,永豐實,232636.5,9341786.4,197888.0,8097406.0,0.8667941711876435,50.0,50.0,
2026-07-06,6792,詠業,120600.25,8092226.95,162559.0,11052475.0,1.365813770213155,50.0,50.0,
2026-07-06,6794,向榮生技,51972.4,4164650.55,70829.0,5810326.0,1.3951533100418234,35.0,30.0,流動性偏低，短線進出可能有滑價風險
2026-07-06,6796,晉弘,61489.1,3626304.4,38032.0,2259090.0,0.6229730741853883,35.0,30.0,流動性偏低，短線進出可能有滑價風險
2026-07-06,6799,來頡,853883.5,85476735.0,1326269.0,146157225.0,1.7099065026290488,75.0,80.0,
2026-07-06,6805,富世達,1239131.6,2168545680.5,1609422.0,2550455925.0,1.1761135344919011,92.0,90.0,
2026-07-06,6806,森崴能源,3472070.8421052634,18890345.89473684,6690040.0,23068336.0,1.2211706513233944,50.0,50.0,價量資料少於 20 日
2026-07-06,6807,峰源-KY,15656.25,519923.25,9166.0,305423.0,0.5874386267588534,35.0,30.0,流動性偏低，短線進出可能有滑價風險
2026-07-06,6830,汎銓,1346723.95,685950620.9,1055586.0,469231032.0,0.6840594901486443,92.0,90.0,
2026-07-06,6831,邁科,1435310.35,1189201425.2,2369246.0,2032947239.0,1.709506224866909,92.0,90.0,
2026-07-06,6834,天二科技,5294741.6,533084796.5,726872.0,95722355.0,0.17956309320481625,92.0,90.0,
2026-07-06,6835,圓裕,78386.9,2848774.55,193249.0,6857977.0,2.407342834482989,35.0,30.0,流動性偏低，短線進出可能有滑價風險
2026-07-06,6838,台新藥,170722.2,4181127.15,269818.0,6756147.0,1.6158673863816841,35.0,30.0,流動性偏低，短線進出可能有滑價風險
2026-07-06,6854,錼創科技-KY創,353793.05,45322814.65,223513.0,27376702.0,0.604037993037575,60.0,65.0,
2026-07-06,6861,睿生光電,753006.45,257028637.9,402082.0,132803026.0,0.5166857167553002,92.0,90.0,
2026-07-06,6862,三集瑞-KY,1658652.7,340167123.4,815701.0,162717354.0,0.4783453273603454,92.0,90.0,
2026-07-06,6863,永道-KY,125339.35,11910118.1,89735.0,8387810.0,0.704259179428288,50.0,50.0,
2026-07-06,6869,雲豹能源,600976.8,45503546.85,746969.0,54619824.0,1.2003421223416126,60.0,65.0,
2026-07-06,6873,泓德能源,545585.4,45097078.7,710059.0,63556958.0,1.409336476599758,60.0,65.0,
2026-07-06,6885,全福生技,512994.9,12009659.05,191582.0,4178111.0,0.3478958880185695,50.0,50.0,
2026-07-06,6887,寶綠特-KY,27695.2,967463.3,60085.0,2044458.0,2.1132150439194954,35.0,30.0,流動性偏低，短線進出可能有滑價風險
2026-07-06,6890,來億-KY,1103789.35,268481524.2,1043057.0,227011017.0,0.845536830425965,92.0,90.0,
2026-07-06,6901,鑽石投資,5532910.7,97969040.7,7345426.0,143924151.0,1.4690778839074619,75.0,80.0,
2026-07-06,6902,GOGOLOOK,406590.75,51163492.7,54978.0,7302683.0,0.14273230021296024,75.0,80.0,
2026-07-06,6906,現觀科,174040.25,15916117.55,150443.0,13279964.0,0.834372073357802,50.0,50.0,
2026-07-06,6908,宏碁遊戲-創,13960.9,535310.95,9404.0,353912.0,0.6611334963351675,35.0,30.0,流動性偏低，短線進出可能有滑價風險
2026-07-06,6909,創控,1736829.7,99524255.35,1514612.0,90054324.0,0.9048480059790772,75.0,80.0,
2026-07-06,6914,阜爾運通,60311.25,8584656.45,83908.0,12159217.0,1.4163894700759982,50.0,50.0,
2026-07-06,6916,華凌,241082.35,5076109.3,77100.0,1624570.0,0.3200423600019803,50.0,50.0,
2026-07-06,6918,愛派司,47390.7,3503615.1,97457.0,7403850.0,2.1132030170779887,35.0,30.0,流動性偏低，短線進出可能有滑價風險
2026-07-06,6919,康霈*,8252414.6,862086294.8,4440186.0,450253332.0,0.5222833661964859,92.0,90.0,
2026-07-06,6921,嘉雨思-創,36675.45,2580841.05,9000.0,620600.0,0.24046424711045264,35.0,30.0,流動性偏低，短線進出可能有滑價風險
2026-07-06,6923,中台,136300.3,10517923.95,141840.0,11143226.0,1.0594510906308654,50.0,50.0,
2026-07-06,6924,榮惠-KY創,66160.15,8435002.95,70330.0,9008597.0,1.068001641896284,50.0,50.0,
2026-07-06,6928,攸泰科技,400742.45,21212693.2,1221935.0,71200424.0,3.3565009086163564,60.0,65.0,
2026-07-06,6931,青松健康,61186.8,2475257.45,50434.0,2029351.0,0.8198545165473595,35.0,30.0,流動性偏低，短線進出可能有滑價風險
2026-07-06,6933,AMAX-KY,156625.85,23621049.9,105943.0,16082472.0,0.680853394243073,60.0,65.0,
2026-07-06,6934,心誠鎂,67229.6,4565438.7,43209.0,2974574.0,0.651541767497612,35.0,30.0,流動性偏低，短線進出可能有滑價風險
2026-07-06,6936,永鴻生技,30181.75,996695.35,73737.0,2418683.0,2.4267024020930767,35.0,30.0,流動性偏低，短線進出可能有滑價風險
2026-07-06,6937,天虹,575278.65,158615263.45,598589.0,169829342.0,1.0706998702778374,92.0,90.0,
2026-07-06,6944,兆聯實業,741743.8,732141062.0,327357.0,321286877.0,0.4388319323633292,92.0,90.0,
2026-07-06,6949,沛爾生醫-創,261608.9,216531438.15,122562.0,109200266.0,0.5043159872440907,92.0,90.0,
2026-07-06,6951,青新-創,53176.55,4233525.35,19109.0,1515738.0,0.3580321067405443,35.0,30.0,流動性偏低，短線進出可能有滑價風險
2026-07-06,6952,大武山,24307.65,868765.15,14401.0,508374.0,0.5851685003709,35.0,30.0,流動性偏低，短線進出可能有滑價風險
2026-07-06,6955,邦睿生技-創,17087.2,2191991.1,26012.0,3126947.0,1.4265327080935684,35.0,30.0,流動性偏低，短線進出可能有滑價風險
2026-07-06,6957,裕慶-KY,139071.5,26885590.25,433491.0,90454534.0,3.3644243313572035,60.0,65.0,
2026-07-06,6958,日盛台駿,61489.65,1038341.3,30657.0,514483.0,0.4954854439479581,35.0,30.0,流動性偏低，短線進出可能有滑價風險
2026-07-06,6958A,日盛台駿甲特,9721.6,176864.1,6191.0,112969.0,0.6387333551579998,35.0,30.0,流動性偏低，短線進出可能有滑價風險
2026-07-06,6962,奕力-KY,4297863.25,163970301.1,3934321.0,155642403.0,0.9492109361016475,92.0,90.0,
2026-07-06,6965,中傑-KY,49570.4,3938866.6,30298.0,2378701.0,0.6039049405735142,35.0,30.0,流動性偏低，短線進出可能有滑價風險
2026-07-06,6969,成信實業*-創,92742.3,2373034.35,264854.0,6848284.0,2.885876472879543,35.0,30.0,流動性偏低，短線進出可能有滑價風險
2026-07-06,6988,威力暘-創,39292.9,548921.5,46000.0,620100.0,1.1296697250881957,35.0,30.0,流動性偏低，短線進出可能有滑價風險
2026-07-06,6994,富威電力,1719010.75,78972758.45,1624315.0,73172502.0,0.9265537058114499,75.0,80.0,
2026-07-06,7610,聯友金屬-創,431630.7,929849569.75,138191.0,351533445.0,0.37805410298196246,92.0,90.0,
2026-07-06,7631,聚賢研發-創,238248.4,38035709.35,185798.0,29032890.0,0.7633061272196308,60.0,65.0,
2026-07-06,7705,三商餐飲,63071.1,2013056.7,124268.0,3873958.0,1.9244157405005036,35.0,30.0,流動性偏低，短線進出可能有滑價風險
2026-07-06,7711,永擎,367344.2,129282276.65,156380.0,51265698.0,0.39654080457439095,92.0,90.0,
2026-07-06,7721,微程式,547023.5,42309008.25,265318.0,19345703.0,0.4572478486304391,60.0,65.0,
2026-07-06,7722,LINEPAY,482476.5,161542376.9,146144.0,46842376.0,0.2899695850643386,92.0,90.0,
2026-07-06,7730,暉盛-創,104857.95,19227131.5,62380.0,11917108.0,0.6198068599052334,50.0,50.0,
2026-07-06,7732,金興精密,27603.7,989071.3,35000.0,1257000.0,1.2708891664331985,35.0,30.0,流動性偏低，短線進出可能有滑價風險
2026-07-06,7736,虎山,29553.55,2123408.6,42328.0,2987193.0,1.4067914201722644,35.0,30.0,流動性偏低，短線進出可能有滑價風險
2026-07-06,7740,熙特爾-創,267535.5,42119283.35,76454.0,11267137.0,0.2675054299089825,60.0,65.0,
2026-07-06,7749,意騰-KY,527703.65,259580342.85,200364.0,85774930.0,0.33043692391440266,92.0,90.0,
2026-07-06,7750,新代,244282.8,529418008.25,98805.0,215407125.0,0.40687532657234654,92.0,90.0,
2026-07-06,7760,享溫馨,127342.8,4239611.55,91441.0,3338453.0,0.7874431326143547,35.0,30.0,流動性偏低，短線進出可能有滑價風險
2026-07-06,7765,中華資安,107814.45,25480317.85,54770.0,12252400.0,0.4808574238409667,60.0,65.0,
2026-07-06,7768,頌勝科技,182412.6,66945156.7,173276.0,63150994.0,0.9433243137064761,75.0,80.0,
2026-07-06,7769,鴻勁,747002.5,5166588643.4,379777.0,2584797760.0,0.5002909924524223,92.0,90.0,
2026-07-06,7780,大研生醫*,1929163.0,35838853.0,1051221.0,19320177.0,0.5390846911311586,60.0,65.0,
2026-07-06,7786,東方風能,260378.05,32796947.25,185678.0,23193825.0,0.707194630744177,60.0,65.0,
2026-07-06,7788,松川精密,3154974.25,825826600.95,1617917.0,388315233.0,0.4702140044330089,92.0,90.0,
2026-07-06,7791,皇家可口,79437.5,5040887.55,51651.0,3254342.0,0.6455890887706869,50.0,50.0,
2026-07-06,7795,長廣,837110.9,437197316.75,456605.0,297344770.0,0.6801157248868225,92.0,90.0,
2026-07-06,7799,禾榮科,840246.75,334097488.15,1137236.0,484156314.0,1.449146824422182,92.0,90.0,
2026-07-06,7803,雲象科技-創,191610.15,4413681.75,166730.0,3910951.0,0.8860971908543247,35.0,30.0,流動性偏低，短線進出可能有滑價風險
2026-07-06,7818,溢泰實業,322815.15,20727786.7,714480.0,50063145.0,2.415267279839386,60.0,65.0,
2026-07-06,7821,神數,168637.65,7296922.05,100799.0,4253271.0,0.5828856291537334,50.0,50.0,
2026-07-06,7822,倍利科,340650.95,386710482.15,268395.0,305989030.0,0.7912612771673224,92.0,90.0,
2026-07-06,7823,奧義賽博-KY創,25071.9,2057324.55,31808.0,2563725.0,1.246145145159523,35.0,30.0,流動性偏低，短線進出可能有滑價風險
2026-07-06,7827,漢康-KY創,711584.95,114757453.4,356957.0,55883197.0,0.48696790791629746,92.0,90.0,
2026-07-06,8011,台通,904060.8,16221546.3,1031155.0,18677823.0,1.1514206262814783,50.0,50.0,
2026-07-06,8016,矽創,2785810.15,875502044.3,1625875.0,549310853.0,0.6274238382152456,92.0,90.0,
2026-07-06,8021,尖點,7206318.85,3920852089.55,701034.0,378263143.0,0.09647472905396276,92.0,90.0,
2026-07-06,8028,昇陽半導體,7407528.9,2346494816.85,12888402.0,4430522001.0,1.8881448061102715,92.0,90.0,
2026-07-06,8033,雷虎,9926000.4,1691731660.55,9733990.0,2143343683.0,1.2669525155680874,92.0,90.0,
2026-07-06,8039,台虹,8041240.85,1168038577.85,11804442.0,1819715575.0,1.557924206878113,92.0,90.0,
2026-07-06,8045,達運光電,194578.45,11958799.5,159339.0,9950314.0,0.8320495715309886,50.0,50.0,
2026-07-06,8046,南電,18846271.35,18367458557.2,14049159.0,15419445810.0,0.8394980591343495,92.0,90.0,
2026-07-06,8070,長華*,10593582.0,609959112.65,12176544.0,715368166.0,1.1728133102103266,92.0,90.0,
2026-07-06,8072,陞泰,419998.0,12590885.65,280523.0,8238932.0,0.6543568283459075,50.0,50.0,
2026-07-06,8081,致新,1950635.55,603202024.55,3802198.0,1248198866.0,2.0692882570000983,92.0,90.0,
2026-07-06,8101,華冠,12029.65,165024.55,15951.0,211065.0,1.2789915197466075,35.0,30.0,流動性偏低，短線進出可能有滑價風險
2026-07-06,8103,瀚荃,1365743.05,135997771.8,946619.0,97575895.0,0.7174815712679198,92.0,90.0,
2026-07-06,8104,錸寶,2472170.15,100787166.3,4278142.0,174002517.0,1.7264352534931822,92.0,90.0,
2026-07-06,8105,凌巨,21588553.65,480071371.35,5003552.0,109650847.0,0.2284053029274644,92.0,90.0,
2026-07-06,8110,華東,16526148.0,967468453.6,8781619.0,490185582.0,0.5066682848169304,92.0,90.0,
2026-07-06,8112,至上,27916297.5,2656930548.2,17167390.0,1559261416.0,0.5868657037559218,92.0,90.0,
2026-07-06,8112A,至上甲特,26677.0,1232294.6,167280.0,7507332.0,6.092156859244534,35.0,30.0,流動性偏低，短線進出可能有滑價風險
2026-07-06,8114,振樺電,991034.45,201917841.5,725195.0,149438428.0,0.7400952134286757,92.0,90.0,
2026-07-06,8131,福懋科,7842373.6,586553369.75,22171659.0,1802602278.0,3.073211017044029,92.0,90.0,
2026-07-06,8150,南茂,58133638.25,5901862086.65,51678647.0,5950555879.0,1.008250581195407,92.0,90.0,
2026-07-06,8162,微矽電子-創,829113.3,65928270.65,2052450.0,176840413.0,2.6823153596551985,75.0,80.0,
2026-07-06,8163,達方,4700936.3,204663364.15,3039545.0,129401381.0,0.6322645068277111,92.0,90.0,
2026-07-06,8201,無敵,95611.6,1261498.9,67421.0,901697.0,0.7147822324696439,35.0,30.0,流動性偏低，短線進出可能有滑價風險
2026-07-06,8210,勤誠,1405804.7,1945127698.5,530994.0,688806545.0,0.35411893292722035,92.0,90.0,
2026-07-06,8213,志超,829202.3,30131104.1,412237.0,14887532.0,0.4940918178965768,60.0,65.0,
2026-07-06,8215,明基材,3892964.1,118301568.55,3990278.0,121741268.0,1.029075687602115,92.0,90.0,
2026-07-06,8222,寶一,1916150.45,79421035.6,11934092.0,539240635.0,6.78964497158987,75.0,80.0,
2026-07-06,8249,菱光,727471.65,37148965.1,503839.0,24867824.0,0.6694082576206141,60.0,65.0,
2026-07-06,8261,富鼎,14086462.55,3510234842.55,3270166.0,1151098432.0,0.3279263307533543,92.0,90.0,
2026-07-06,8271,宇瞻,2597349.35,526834220.4,1779508.0,350037007.0,0.6644158512221049,92.0,90.0,
2026-07-06,8341,日友,369447.3,29272181.3,294611.0,22833600.0,0.7800443624609553,60.0,65.0,
2026-07-06,8367,建新國際,51833.4,2082489.75,49395.0,1994143.0,0.95757638182853,35.0,30.0,流動性偏低，短線進出可能有滑價風險
2026-07-06,8374,羅昇,740366.15,67985494.3,562638.0,52484573.0,0.771996637523896,75.0,80.0,
2026-07-06,8404,百和興業-KY,383831.2,6477075.1,263864.0,4507101.0,0.6958543679692706,50.0,50.0,
2026-07-06,8411,福貞-KY,155184.4,1865525.25,64027.0,789472.0,0.4231901980420796,35.0,30.0,流動性偏低，短線進出可能有滑價風險
2026-07-06,8422,可寧衛*,19621589.0,572180743.1,22870629.0,660001904.0,1.1534849992053149,92.0,90.0,
2026-07-06,8427,基勝-KY,20600.0,906890.0,20600.0,906890.0,1.0,35.0,30.0,價量資料少於 20 日；流動性偏低，短線進出可能有滑價風險
2026-07-06,8429,金麗-KY,292693.5,1894189.5,313065.0,2018375.0,1.0655612862387844,35.0,30.0,流動性偏低，短線進出可能有滑價風險
2026-07-06,8438,昶昕,900058.55,84807811.65,1139972.0,122451253.0,1.4438676180603935,75.0,80.0,
2026-07-06,8442,威宏-KY,118615.9,4858049.45,63426.0,2735546.0,0.5630955444473708,35.0,30.0,流動性偏低，短線進出可能有滑價風險
2026-07-06,8443,阿瘦,123024.85,1432175.05,47636.0,544807.0,0.3804053142805413,35.0,30.0,流動性偏低，短線進出可能有滑價風險
2026-07-06,8454,富邦媒,2379151.55,827592334.6,1436055.0,408982150.0,0.4941831054992471,92.0,90.0,
2026-07-06,8462,柏文,171704.3,24290387.8,194291.0,29066983.0,1.1966454895380467,60.0,65.0,
2026-07-06,8463,潤泰材,80970.35,1755769.35,104026.0,2265466.0,1.2902981818198387,35.0,30.0,流動性偏低，短線進出可能有滑價風險
2026-07-06,8464,億豐,944048.75,330271652.2,512386.0,189729773.0,0.5744658124188837,92.0,90.0,
2026-07-06,8466,美吉吉-KY,84309.9,1414321.5,69112.0,1194231.0,0.8443843920918971,35.0,30.0,流動性偏低，短線進出可能有滑價風險
2026-07-06,8467,波力-KY,15361.85,1857814.95,26556.0,3040936.0,1.6368347127360559,35.0,30.0,流動性偏低，短線進出可能有滑價風險
2026-07-06,8473,山林水,1841451.85,94408087.15,541312.0,26509732.0,0.2807993764123204,75.0,80.0,
2026-07-06,8476,台境*,2206931.4,48534278.05,1929100.0,46042631.0,0.9486621177833715,60.0,65.0,
2026-07-06,8478,東哥遊艇,312700.2,48654755.55,647886.0,106632198.0,2.1916089556840865,60.0,65.0,
2026-07-06,8480,泰昇-KY,1200.0,152200.0,1200.0,152200.0,1.0,35.0,30.0,價量資料少於 20 日；流動性偏低，短線進出可能有滑價風險
2026-07-06,8481,政伸,23009.05,957351.05,27778.0,1164085.0,1.2159437230470473,35.0,30.0,流動性偏低，短線進出可能有滑價風險
2026-07-06,8482,商億-KY,7752.75,374003.15,3000.0,145500.0,0.3890341565304998,35.0,30.0,流動性偏低，短線進出可能有滑價風險
2026-07-06,8487,愛爾達-創,68595.95,5519987.8,30500.0,2378994.0,0.43097812643716354,50.0,50.0,
2026-07-06,8488,吉源-KY,28686.55,296177.65,3000.0,30450.0,0.1028099183040989,35.0,30.0,流動性偏低，短線進出可能有滑價風險
2026-07-06,8499,鼎炫-KY,92203.1,27904434.75,184173.0,60132104.0,2.1549300152012574,60.0,65.0,
2026-07-06,8926,台汽電,11587752.25,885599458.55,12902218.0,1017466194.0,1.148901102159555,92.0,90.0,
2026-07-06,8940,新天地,69952.35,1163163.55,37573.0,629274.0,0.5410021660324552,35.0,30.0,流動性偏低，短線進出可能有滑價風險
2026-07-06,8996,高力,2787777.7,3791234836.0,742141.0,1047614000.0,0.2763252727191389,92.0,90.0,
2026-07-06,9103,美德醫療-DR,2089157.4,11913075.7,909150.0,4774624.0,0.4007885218088558,50.0,50.0,
2026-07-06,910322,康師傅-DR,65289.15,1438901.45,76205.0,1737484.0,1.2075072966254916,35.0,30.0,流動性偏低，短線進出可能有滑價風險
2026-07-06,910482,聖馬丁-DR,20000.0,10520.0,20000.0,10520.0,1.0,35.0,30.0,價量資料少於 20 日；流動性偏低，短線進出可能有滑價風險
2026-07-06,9105,泰金寶-DR,74097912.05,720477634.0,34093332.0,317216999.0,0.44028708738514427,92.0,90.0,
2026-07-06,910861,神州-DR,56231.0,253342.55,49000.0,215990.0,0.8525610877446367,35.0,30.0,流動性偏低，短線進出可能有滑價風險
2026-07-06,9110,越南控-DR,68915.2,254560.6,24401.0,77630.0,0.3049568550671235,35.0,30.0,流動性偏低，短線進出可能有滑價風險
2026-07-06,911608,明輝-DR,124975.85,374001.8,37111.0,104132.0,0.27842646746619937,35.0,30.0,流動性偏低，短線進出可能有滑價風險
2026-07-06,911616,杜康-DR,7000.0,6960.0,7000.0,6960.0,1.0,35.0,30.0,價量資料少於 20 日；流動性偏低，短線進出可能有滑價風險
2026-07-06,911619,耀傑-DR,5000.0,4320.0,5000.0,4320.0,1.0,35.0,30.0,價量資料少於 20 日；流動性偏低，短線進出可能有滑價風險
2026-07-06,911622,泰聚亨-DR,42087.25,159576.0,51000.0,191450.0,1.1997418158119015,35.0,30.0,流動性偏低，短線進出可能有滑價風險
2026-07-06,911868,同方友友-DR,285089.85,355794.9,115430.0,143987.0,0.40469101721244455,35.0,30.0,流動性偏低，短線進出可能有滑價風險
2026-07-06,912000,晨訊科-DR,1227978.9,3438101.35,452251.0,1259478.0,0.36632951498070293,35.0,30.0,流動性偏低，短線進出可能有滑價風險
2026-07-06,912398,友佳-DR,15000.0,118160.0,15000.0,118160.0,1.0,35.0,30.0,價量資料少於 20 日；流動性偏低，短線進出可能有滑價風險
2026-07-06,9136,巨騰-DR,2245880.3,36837118.6,730749.0,9829452.0,0.2668355282272267,60.0,65.0,
2026-07-06,9157,陽光能源-DR,8201.0,11717.0,8201.0,11717.0,1.0,35.0,30.0,價量資料少於 20 日；流動性偏低，短線進出可能有滑價風險
2026-07-06,9188,精熙-DR,1000.0,5050.0,1000.0,5050.0,1.0,35.0,30.0,價量資料少於 20 日；流動性偏低，短線進出可能有滑價風險
2026-07-06,9802,鈺齊-KY,804169.85,61925279.3,460462.0,34577108.0,0.5583682203917004,75.0,80.0,
2026-07-06,9902,台火,149974.75,2064667.7,453113.0,6313999.0,3.0581187471475433,35.0,30.0,流動性偏低，短線進出可能有滑價風險
2026-07-06,9904,寶成,27595069.0,709502613.5,20298673.0,497425969.0,0.7010911017595568,92.0,90.0,
2026-07-06,9905,大華,222149.5,4704044.2,324878.0,6959873.0,1.4795509361923087,35.0,30.0,流動性偏低，短線進出可能有滑價風險
2026-07-06,9906,欣巴巴,386474.7,17348603.55,116061.0,4926827.0,0.28398983156197605,50.0,50.0,
2026-07-06,9907,統一實,6154435.0,97439759.85,3075059.0,47710717.0,0.4896432121081424,75.0,80.0,
2026-07-06,9908,大台北,247985.6,7343580.75,587810.0,17607205.0,2.397632108831921,50.0,50.0,
2026-07-06,9910,豐泰,6269383.45,504572422.75,1586100.0,109031147.0,0.21608621891335816,92.0,90.0,
2026-07-06,9911,櫻花,353230.35,29671873.65,487590.0,41392319.0,1.3950018623107747,60.0,65.0,
2026-07-06,9912,偉聯,197753.55,2493290.15,107070.0,1366074.0,0.547900131077805,35.0,30.0,流動性偏低，短線進出可能有滑價風險
2026-07-06,9914,美利達,2291692.15,171118014.4,984266.0,75425125.0,0.44077840234686594,92.0,90.0,
2026-07-06,9917,中保科,1160334.15,131479653.65,444977.0,47433143.0,0.36076413105154237,92.0,90.0,
2026-07-06,9918,欣天然,54422.05,2347507.35,16159.0,696323.0,0.2966222874658944,35.0,30.0,流動性偏低，短線進出可能有滑價風險
2026-07-06,9919,康那香,499896.65,6968954.55,596653.0,8401486.0,1.2055590174569297,50.0,50.0,
2026-07-06,9921,巨大,1932671.25,146074014.55,1135232.0,88067923.0,0.6028993128675534,92.0,90.0,
2026-07-06,9924,福興,164436.3,6658216.6,118549.0,4796856.0,0.7204415668904494,50.0,50.0,
2026-07-06,9925,新保,295018.6,11972603.5,287827.0,11772980.0,0.9833266423631251,50.0,50.0,
2026-07-06,9926,新海,22776.2,1122268.0,12198.0,606147.0,0.5401089579316171,35.0,30.0,流動性偏低，短線進出可能有滑價風險
2026-07-06,9927,泰銘,76745.6,5304201.85,69605.0,4827226.0,0.9100758486406395,50.0,50.0,
2026-07-06,9928,中視,57337.85,1059564.3,80060.0,1488724.0,1.4050341258194523,35.0,30.0,流動性偏低，短線進出可能有滑價風險
2026-07-06,9929,秋雨,34254.15,407232.8,7654.0,85567.0,0.21011814372516163,35.0,30.0,流動性偏低，短線進出可能有滑價風險
2026-07-06,9930,中聯資源,154573.85,10436123.15,288328.0,18545993.0,1.777096028231518,50.0,50.0,
2026-07-06,9931,欣高,76002.85,2613619.95,38300.0,1277688.0,0.48885760915622023,35.0,30.0,流動性偏低，短線進出可能有滑價風險
2026-07-06,9933,中鼎,4839285.05,203421939.05,2397797.0,99895315.0,0.4910744409699402,92.0,90.0,
2026-07-06,9934,成霖,1288231.0,13373091.0,1225685.0,13043192.0,0.9753311332436159,50.0,50.0,
2026-07-06,9935,慶豐富,578848.05,11313073.3,1776348.0,33864483.0,2.9933937579985446,50.0,50.0,
2026-07-06,9937,全國,52305.55,2884752.55,18509.0,1018250.0,0.3529765490631077,35.0,30.0,流動性偏低，短線進出可能有滑價風險
2026-07-06,9938,百和,1599863.1,71976136.15,1665914.0,76757940.0,1.0664359620532367,75.0,80.0,
2026-07-06,9939,宏全,2021335.85,257149537.15,1978465.0,245235134.0,0.9536674135911428,92.0,90.0,
2026-07-06,9940,信義,781876.8,15253969.4,412525.0,8092239.0,0.5305005397480343,50.0,50.0,
2026-07-06,9941,裕融,2785665.7,232277022.65,1208725.0,100883079.0,0.43432224956668564,92.0,90.0,
2026-07-06,9941A,裕融甲特,27201.45,1371780.5,11768.0,597660.0,0.43568194765853574,35.0,30.0,流動性偏低，短線進出可能有滑價風險
2026-07-06,9942,茂順,94405.8,11160790.6,83988.0,9970695.0,0.8933681633629074,50.0,50.0,
2026-07-06,9943,好樂迪,110551.2,6263396.85,237192.0,12675686.0,2.023771813213464,50.0,50.0,
2026-07-06,9944,新麗,61218.7,1074126.6,48516.0,873006.0,0.8127589429402455,35.0,30.0,流動性偏低，短線進出可能有滑價風險
2026-07-06,9945,潤泰新,12478715.4,331557061.0,19123819.0,509172094.0,1.5356997449075591,92.0,90.0,
2026-07-06,9946,三發地產,1427560.8,27397792.25,783662.0,15616137.0,0.5699779331672244,60.0,65.0,
2026-07-06,9955,佳龍,295525.35,7974639.4,266625.0,7254917.0,0.9097485962813566,50.0,50.0,
2026-07-06,9958,世紀鋼,3085916.45,356269897.5,3518709.0,429633599.0,1.205921695924366,92.0,90.0,
