event_date,stock_id,stock_name,title,summary,event_type,event_sentiment,event_risk_level
,6908,宏碁遊戲-創,代子公司Winking Studios Limited公告庫藏股執行情形,"1.事實發生日:115/06/29
2.公司名稱:Winking Studios Limited
3.與公司關係(請輸入本公司或子公司):子公司
4.相互持股比例:57.19%
5.發生緣由:無
6.因應措施:無
7.其他應敘明事項(若事件發生或決議之主體係屬公開發行以上公司，本則重大訊息同時
  符合證券交易法施行細則第7條第9款所定對股東權益或證券價格有重大影響之事項):
每日股票回購指示的生效日期: 2026/06/29
授權購買的最大股份數量: 44,193,811
透過市場收購方式進行的購買: 是
購買日期: 2026/06/29
購買股份總數: 20,000
註銷股份數量:0
庫存股數量: 389,000
每股最高價格: SGD 0.22
每股最低價格: SGD 0.22
股份已支付或應付的總對價(包括印花稅、清算費用等): SGD 4,426.76
截至目前累計購買股數: 389,000
已發行股份數量(不包括購買後的庫存股): 441,549,118
購買後持有的庫存股數量: 389,000",material_event,NEUTRAL,LOW
,3708,上緯投控,"公告本公司名稱由「上緯國際投資控股股份有限公司」更名為
「上緯國際控股股份有限公司」，公告期間：115年6月11日至
115年9月10日。","1.事實發生日：民國115年06月11日
2.公司名稱：上緯國際控股股份有限公司(原名：上緯國際投資控股股份有限公司)
3.與公司關係(請輸入本公司或子公司)：本公司
4.相互持股比例：不適用
5.發生緣由：
(1)公司名稱變更核准日期/事實發生日：民國115年06月11日
(2)公司名稱變更核准文號：經授商字第11530084540號函
(3)更名案股東會決議通過日期：民國115年05月28日
(4)變更前公司名稱：上緯國際投資控股股份有限公司
(5)變更後公司名稱：上緯國際控股股份有限公司
(6)變更前公司簡稱：上緯投控
(7)變更後公司簡稱：上緯控股
6.因應措施：無
7.其他應敘明事項：(1)本公司於115/6/11收到經濟部變更登記核准函。
(2)依據臺灣證券交易所股份有限公司營業細則第45條規定，於更
名後須連續公告三個月。
(3)本公司股票代號未變動，普通股仍為「3708」",material_event,NEUTRAL,LOW
,1540,喬福,"公告本公司推選第16屆董事長與副董事長
報告董事會預計召開日期為115年07月10日","1.董事會召集通知日:115/06/30
2.董事會預計召開日期:115/07/10
3.預計提報董事會或經董事會決議之財務報告或
年度自結財務資訊年季:
推選公司第16屆董事長與副董事長案。
報告除息基準日、發放日及其他相關事宜。
委任第六屆薪資報酬委員會成員計3席。
4.其他應敘明事項:無",material_event,NEUTRAL,LOW
,1527,鑽全,公告本公司訂定除息基準日之相關事宜,"1.董事會、股東會決議或公司決定日期:115/06/30
2.除權、息類別（請填入「除權」、「除息」或「除權息」）:除息
3.普通股發放股利種類及金額:新台幣207,855,960元(每股配發1.50元)
4.除權（息）交易日:115/08/03
5.最後過戶日:115/08/04
6.停止過戶起始日期:115/08/05
7.停止過戶截止日期:115/08/09
8.除權（息）基準日:115/08/09
9.債券最後申請轉換日期:無。
10.債券停止轉換起始日期:無。
11.債券停止轉換截止日期:無。
12.普通股現金股利發放日期:115/08/28
13.其他應敘明事項:無。",material_event,POSITIVE,LOW
,1418,東華,公告本公司代理發言人異動,"1.人員變動別（請輸入發言人、代理發言人、重要營運主管(如:執行長、營運長、
行銷長及策略長等)、財務主管、會計主管、公司治理主管、資訊安全長、研發主管、
內部稽核主管或訴訟及非訟代理人）:代理發言人
2.發生變動日期:115/06/30
3.舊任者姓名、級職及簡歷:
代理發言人:江志恒/副總經理
4.新任者姓名、級職及簡歷:
代理發言人:林壯燁/總經理
5.異動情形（請輸入「辭職」、「職務調整」、「資遣」、「退休」、「死亡」、「新
任」或「解任」）:職務調整
6.異動原因:職務調整
7.生效日期:115/06/30
8.其他應敘明事項:無",material_event,NEGATIVE,HIGH
,1418,東華,公告本公司財務主管兼任會計主管及發言人異動,"1.人員變動別（請輸入發言人、代理發言人、重要營運主管(如:執行長、營運長、
行銷長及策略長等)、財務主管、會計主管、公司治理主管、資訊安全長、研發主管、
內部稽核主管或訴訟及非訟代理人）:財務主管、會計主管、發言人
2.發生變動日期:115/06/30
3.舊任者姓名、級職及簡歷:
(1)財務主管:葉燕玲/財務部協理
(2)會計主管:葉燕玲/財務部協理
(3)發言人:葉燕玲/財務部協理
 4.新任者姓名、級職及簡歷:
(1)財務主管:待議
(2)會計主管:待議
(3)發言人:江志恒/副總經理
5.異動情形（請輸入「辭職」、「職務調整」、「資遣」、「退休」、「死亡」、「新
任」或「解任」）:退休
6.異動原因:退休
7.生效日期:115/06/30
8.其他應敘明事項:
新任財務主管及會計主管人選待遴選並經董事會正式任命後另行公告。",material_event,NEGATIVE,HIGH
,5222,全訊,澄清工商時報115年6月30日報導,"1.事實發生日:115/06/30
2.公司名稱:全訊科技股份有限公司
3.與公司關係(請輸入本公司或子公司):本公司
4.相互持股比例:不適用。
5.傳播媒體名稱:工商時報
6.報導內容:
  報導標題：全訊 積極爭取無人機標案
  澄清內文：「大廠全訊(5222)表示……看好今年營運可望達成雙位數成長。」
7.發生緣由:澄清報導資訊。
8.因應措施:
  有關媒體報導本公司今年營收成長等內容，非屬本公司發布之財務預測。
  實際營收及財務業務資訊，仍以本公司於公開資訊觀測站公告之每月營收、
  財務報告及重大訊息為準，特此澄清。
9.其他應敘明事項:無。",material_event,POSITIVE,LOW
,1220,台榮,公告本公司董事會決議訂定配息基準日,"1.董事會、股東會決議或公司決定日期:115/06/30
2.除權、息類別（請填入「除權」、「除息」或「除權息」）:除息
3.普通股發放股利種類及金額:每股發放現金股利0.2元，總金額為35,415,588元
4.除權（息）交易日:115/07/16
5.最後過戶日:115/07/17
6.停止過戶起始日期:115/07/18
7.停止過戶截止日期:115/07/22
8.除權（息）基準日:115/07/22
9.債券最後申請轉換日期:不適用
10.債券停止轉換起始日期:不適用
11.債券停止轉換截止日期:不適用
12.普通股現金股利發放日期:115/08/18
13.其他應敘明事項:本公司董事會決議授權董事長訂定配息基準日等相關事宜",material_event,POSITIVE,LOW
,2233,宇隆,澄清中央社115年6月29日報導,"1.事實發生日:115/06/30
2.公司名稱:宇隆科技股份有限公司
3.與公司關係(請輸入本公司或子公司):本公司
4.相互持股比例:不適用
5.傳播媒體名稱:中央社
6.報導內容:宇隆表示，總經理蔡銘東回任董事
7.發生緣由:澄清媒體報導。
8.因應措施:公布澄清訊息於公開資訊觀測站
9.其他應敘明事項:本公司並未對外發布或證實相關人事異動之確切資料。
有關本公司任何重大職務調整，應以本公司依法揭露於公開資訊觀測站之
公告資訊為準。",material_event,NEUTRAL,LOW
,4540,全球傳動,澄清115/06/30經濟日報報導,"1.事實發生日:115/06/30
2.公司名稱:全球傳動科技股份有限公司
3.與公司關係(請輸入本公司或子公司):本公司
4.相互持股比例:不適用
5.傳播媒體名稱:經濟日報C04版
6.報導內容:
 ……董事長李清崑宣示，全球傳動將積極布局人型機器人領域，下半年會有新產
 品問市，而中國大陸整體市場也有回溫跡象，今年目標為「全年營收成長、並轉
 虧為盈」。……每股純益上看1元以上。
7.發生緣由:
 本公司並未針對全年獲利或營運目標公布財測，所有財務訊息應以本公司於公開
 資訊觀測站之公告為準。
8.因應措施:發佈重大訊息說明。
9.其他應敘明事項:
 此報導中有關財務預測的部份及相關財務與業務訊息應以公開資訊觀測站公告訊
 息為主。",material_event,POSITIVE,LOW
,8499,鼎炫-KY,代子公司公告衍生性商品交易改善計畫執行情形,"1.事實發生日:115/06/30
2.公司名稱:隆揚電子(昆山)股份有限公司
3.與公司關係(請輸入本公司或子公司):子公司
4.相互持股比例:69.25%
5.發生緣由:依據金融監督管理委員會金管證審字第1150345088號函辦理，
公告本公司之子公司衍生性商品交易改善計畫於115年7月12日前完成，
並請董事會控管改善情形。
6.因應措施:本公司於115年6月23日依《公開發行公司資金貸與及背書保證處理準則》
修訂衍生性商品交易作業程序，並報告審計暨風險管理委員會及董事會，完備改善措
施。
7.其他應敘明事項(若事件發生或決議之主體係屬公開發行以上公司，本則重大訊息同時
  符合證券交易法施行細則第7條第9款所定對股東權益或證券價格有重大影響之事項):
本公司將依據修訂後之「取得或處分資產處理程序」對子公司進行監督，確保其交易
額度及可能損失均不超過所訂限額。",material_event,NEGATIVE,HIGH
,7721,微程式,公告本公司除息基準日,"1.董事會、股東會決議或公司決定日期:115/06/30
2.除權、息類別（請填入「除權」、「除息」或「除權息」）:除息
3.普通股發放股利種類及金額:
普通股現金股利新台幣55,370,000元，每股配發新台幣1元。
4.除權（息）交易日:115/07/16
5.最後過戶日:115/07/19
6.停止過戶起始日期:115/07/20
7.停止過戶截止日期:115/07/24
8.除權（息）基準日:115/07/24
9.債券最後申請轉換日期:不適用
10.債券停止轉換起始日期:不適用
11.債券停止轉換截止日期:不適用
12.普通股現金股利發放日期:115/08/14
13.其他應敘明事項:最後過戶日適逢假日提前至115/07/17",material_event,POSITIVE,LOW
,6442,光聖,公告本公司配息基準日,"1.董事會、股東會決議或公司決定日期:115/06/30
2.除權、息類別（請填入「除權」、「除息」或「除權息」）:除息
3.普通股發放股利種類及金額:
普通股現金股利NT$918,904,798(每股配發11.23元)
4.除權（息）交易日:115/07/15
5.最後過戶日:115/07/16
6.停止過戶起始日期:115/07/17
7.停止過戶截止日期:115/07/21
8.除權（息）基準日:115/07/21
9.債券最後申請轉換日期:不適用
10.債券停止轉換起始日期:不適用
11.債券停止轉換截止日期:不適用
12.普通股現金股利發放日期:115/08/11
13.其他應敘明事項:無",material_event,POSITIVE,LOW
,2103,台橡,公告本公司法人董事變更公司名稱,"1.發生變動日期:115/06/30
2.法人名稱:漢德建設股份有限公司
3.舊任者姓名:不適用
4.舊任者簡歷:不適用
5.新任者姓名:不適用
6.新任者簡歷:不適用
7.異動原因:不適用
8.原任期（例xx/xx/xx至xx/xx/xx）:不適用
9.新任生效日期:不適用
10.其他應敘明事項:
本公司於115年06月30日接獲通知，法人董事「漢德建設股份有限公司」
已更名為「吉劭股份有限公司」，該公司已於115年06月25日核准變更登記完成。",material_event,NEUTRAL,LOW
,6669,緯穎,"代子公司Wiwynn Technology Service Malaysia SDN. BHD.
公告向非關係人取得供營業使用設備","1.標的物之名稱及性質（如坐落台中市北區ＸＸ段ＸＸ小段土地）:
機器設備
2.事實發生日:115/6/30~115/6/30
3.董事會通過日期: 民國115年6月30日
4.其他核決日期: 不適用
5.交易單位數量（如ＸＸ平方公尺，折合ＸＸ坪）、每單位價格及交易總金額:
交易單位數量：1批
交易總金額：USD24,194,865
6.交易相對人及其與公司之關係（交易相對人如屬自然人，且非公司之關
係人者，得免揭露其姓名）:
交易相對人：松下產業科技股份有限公司
與公司之關係：非關係人
7.交易相對人為關係人者，並應公告選定關係人為交易對象之原因及前次移轉之
所有人、前次移轉之所有人與公司及交易相對人間相互之關係、前次移轉日期
及移轉金額:
不適用
8.交易標的最近五年內所有權人曾為公司之關係人者，尚應公告關係
人之取得及處分日期、價格及交易當時與公司之關係:
不適用
9.預計處分利益（或損失）（取得資產者不適用）（遞延者應列表說明
認列情形）:
不適用
10.交付或付款條件（含付款期間及金額）、契約限制條款及其他重要約定
事項:
交付或付款條件：依契約履行
交易總金額：USD24,194,865
契約限制條款及其他重要約定事項：無
11.本次交易之決定方式（如招標、比價或議價）、價格決定之參考依據及
決策單位:
交易之決定方式：依雙方議價
價格決定之參考依據：參考市場行情議定
決策單位：董事會
12.專業估價者事務所或公司名稱及其估價金額:
不適用
13.專業估價師姓名:
不適用
14.專業估價師開業證書字號:
不適用
15.估價報告是否為限定價格、特定價格或特殊價格:否或不適用
16.是否尚未取得估價報告:否或不適用
17.尚未取得估價報告之原因:
不適用
18.估價結果有重大差異時，其差異原因及會計師意見:
不適用
19.會計師事務所名稱:
不適用
20.會計師姓名:
不適用
21.會計師開業證書字號:
不適用
22.經紀人及經紀費用:
不適用
23.取得或處分之具體目的或用途:
營運所需
24.本次交易表示異議之董事之意見:
無
25.本次交易為關係人交易:否
26.監察人承認或審計委員會同意日期:
不適用
27.本次交易係向關係人取得不動產或其使用權資產:否
28.依「公開發行公司取得或處分資產處理準則」第十六條規定
評估之價格:不適用
29.依前項評估之價格較交易價格為低者，依同準則第十七條規
定評估之價格:不適用
30.前已就同一件事件發布重大訊息日期: 不適用
31.其他敘明事項:
無",material_event,NEGATIVE,HIGH
,6669,緯穎,"代子公司Wiwynn Technology Service Malaysia SDN. BHD.
公告向非關係人取得供營業使用設備","1.標的物之名稱及性質（如坐落台中市北區ＸＸ段ＸＸ小段土地）:
機器設備
2.事實發生日:115/6/30~115/6/30
3.董事會通過日期: 民國115年6月30日
4.其他核決日期: 不適用
5.交易單位數量（如ＸＸ平方公尺，折合ＸＸ坪）、每單位價格及交易總金額:
交易單位數量：1批
交易總金額：USD17,112,490
6.交易相對人及其與公司之關係（交易相對人如屬自然人，且非公司之關
係人者，得免揭露其姓名）:
交易相對人：旭東機械工業股份有限公司
與公司之關係：非關係人
7.交易相對人為關係人者，並應公告選定關係人為交易對象之原因及前次移轉之
所有人、前次移轉之所有人與公司及交易相對人間相互之關係、前次移轉日期
及移轉金額:
不適用
8.交易標的最近五年內所有權人曾為公司之關係人者，尚應公告關係
人之取得及處分日期、價格及交易當時與公司之關係:
不適用
9.預計處分利益（或損失）（取得資產者不適用）（遞延者應列表說明
認列情形）:
不適用
10.交付或付款條件（含付款期間及金額）、契約限制條款及其他重要約定
事項:
交付或付款條件：依契約履行
交易總金額：USD17,112,490
契約限制條款及其他重要約定事項：無
11.本次交易之決定方式（如招標、比價或議價）、價格決定之參考依據及
決策單位:
交易之決定方式：依雙方議價
價格決定之參考依據：參考市場行情議定
決策單位：董事會
12.專業估價者事務所或公司名稱及其估價金額:
不適用
13.專業估價師姓名:
不適用
14.專業估價師開業證書字號:
不適用
15.估價報告是否為限定價格、特定價格或特殊價格:否或不適用
16.是否尚未取得估價報告:否或不適用
17.尚未取得估價報告之原因:
不適用
18.估價結果有重大差異時，其差異原因及會計師意見:
不適用
19.會計師事務所名稱:
不適用
20.會計師姓名:
不適用
21.會計師開業證書字號:
不適用
22.經紀人及經紀費用:
不適用
23.取得或處分之具體目的或用途:
營運所需
24.本次交易表示異議之董事之意見:
無
25.本次交易為關係人交易:否
26.監察人承認或審計委員會同意日期:
不適用
27.本次交易係向關係人取得不動產或其使用權資產:否
28.依「公開發行公司取得或處分資產處理準則」第十六條規定
評估之價格:不適用
29.依前項評估之價格較交易價格為低者，依同準則第十七條規
定評估之價格:不適用
30.前已就同一件事件發布重大訊息日期: 不適用
31.其他敘明事項:
無",material_event,NEGATIVE,HIGH
,8473,山林水,"代母公司鶴京企業(股)公司公告
115年股東常會重要決議事項","1.股東常會日期:115/06/30
2.重要決議事項一、盈餘分配或盈虧撥補:
通過承認114年度盈餘分派案
3.重要決議事項二、章程修訂:無
4.重要決議事項三、營業報告書及財務報表:
通過承認114年度營業報告書及財務報表案
5.重要決議事項四、董監事選舉:無
6.重要決議事項五、其他事項:無
7.其他應敘明事項:無",material_event,NEUTRAL,LOW
,3494,誠研,公告本公司法人董事代表人異動,"1.發生變動日期:115/06/30
2.法人名稱:國錢租賃有限公司
3.舊任者姓名:黃川
4.舊任者簡歷:謙華科技(股)公司董事長
5.新任者姓名:不適用
6.新任者簡歷:不適用
7.異動原因:舊任者死亡
8.原任期（例xx/xx/xx至xx/xx/xx）:113/06/20至116/06/19
9.新任生效日期:不適用
10.其他應敘明事項:新任者待公司指派後另行公告",material_event,NEUTRAL,LOW
,2890,永豐金,"永豐金控代子公司永豐證券投資信託股份有限公司公告
發言人異動","1.人員變動別（請輸入發言人、代理發言人、重要營運主管(如:執行長、營運長、
行銷長及策略長等)、財務主管、會計主管、公司治理主管、資訊安全長、研發主管、
內部稽核主管或訴訟及非訟代理人）:發言人
2.發生變動日期:115/06/30
3.舊任者姓名、級職及簡歷:王麗君/永豐投信協理
4.新任者姓名、級職及簡歷:羅瑞民/永豐投信副總經理/
國立臺北商業專科學校企業管理科二專
5.異動情形（請輸入「辭職」、「職務調整」、「資遣」、「退休」、「死亡」、「新
任」或「解任」）:職務調整
6.異動原因:職務調整
7.生效日期:115/06/30
8.其他應敘明事項:無",material_event,NEGATIVE,HIGH
,3494,誠研,"代重要子公司謙華科技(股)公司公告
法人董事代表人異動","1.發生變動日期:115/06/30
2.法人名稱:邦國投資有限公司
3.舊任者姓名:黃川
4.舊任者簡歷:誠研科技(股)公司董事及特助
5.新任者姓名:不適用
6.新任者簡歷:不適用
7.異動原因:舊任者死亡
8.原任期（例xx/xx/xx至xx/xx/xx）:113/05/22至116/05/21
9.新任生效日期:不適用
10.其他應敘明事項:新任者帶公司指派後另行公告",material_event,NEUTRAL,LOW
,3494,誠研,"代重要子公司HiTi Digital America, Inc.
公告法人董事代表人異動","1.發生變動日期:115/06/30
2.法人名稱:誠研科技(股)公司
3.舊任者姓名:黃川
4.舊任者簡歷:謙華科技(股)公司董事長
5.新任者姓名:不適用
6.新任者簡歷:不適用
7.異動原因:舊任者死亡
8.原任期（例xx/xx/xx至xx/xx/xx）:113/06/20至116/06/19
9.新任生效日期:不適用
10.其他應敘明事項:新任者代公司指派後另行公告",material_event,NEUTRAL,LOW
,2356,英業達,公告本公司董事會決議訂定除息基準日,"1.董事會、股東會決議或公司決定日期:115/06/30
2.除權、息類別（請填入「除權」、「除息」或「除權息」）:除息
3.普通股發放股利種類及金額:現金股利新台幣7,174,950,132元(每股新台幣2.0元)
4.除權（息）交易日:115/07/15
5.最後過戶日:115/07/16
6.停止過戶起始日期:115/07/17
7.停止過戶截止日期:115/07/21
8.除權（息）基準日:115/07/21
9.債券最後申請轉換日期:不適用
10.債券停止轉換起始日期:不適用
11.債券停止轉換截止日期:不適用
12.普通股現金股利發放日期:115/08/05
13.其他應敘明事項:無",material_event,POSITIVE,LOW
,2356,英業達,"公告本公司背書保證金額達「公開發行公司資金貸與及
背書保證處理準則」第二十五條第一項第二款、第三款
及第四款之公告標準","1.事實發生日:115/06/30
2.被背書保證之:
(1)公司名稱:Inventec Electronics (Thailand) Co.,Ltd.
(2)與提供背書保證公司之關係:
公司直接及間接持有表決權之股份百分之百之公司。
(3)背書保證之限額(仟元):36,724,480
(4)原背書保證之餘額(仟元):14,691,866
(5)本次新增背書保證之金額(仟元):1,242,150
(6)迄事實發生日止背書保證餘額(仟元):15,934,016
(7)被背書保證公司實際動支金額(仟元):13,200,886
(8)本次新增背書保證之原因:
因應子公司營運週轉需要
3.被背書保證公司提供擔保品之:
(1)內容:
無
(2)價值(仟元):0
4.被背書保證公司最近期財務報表之:
(1)資本(仟元):6,200,926
(2)累積盈虧金額(仟元):694,215
5.解除背書保證責任之:
(1)條件:
視授信銀行之授信條件變更或到期不再續約
(2)日期:
合約期限屆滿或其他解除保證責任條件已成就之日
6.背書保證之總限額(仟元):
40,692,927
7.迄事實發生日為止，背書保證餘額(仟元):
26,413,709
8.迄事實發生日為止，A提供背書保證餘額占公開發行公司最近期財務報表淨值之
比率:
36.00
9.迄事實發生日為止，背書保證、長期投資及資金貸與餘額合計數達該公開發行公
司最近期財務報表淨值之比率:
36.40
10.其他應敘明事項:
無",material_event,NEUTRAL,LOW
,2356,英業達,"代墨西哥地區子公司 IEC Technologies, S. de R.L.
de C.V.公告擬自地委建興建廠房追加工程款","1.契約種類:自地委建工程
2.事實發生日:115/6/30~115/6/30
3.董事會通過日期: 民國115年6月30日
4.其他核決日期: 不適用
5.契約相對人及其與公司之關係:
尚未確定，待確定後另行公告
6.契約主要內容（含契約總金額、預計參與投入之金額及契約起迄日期）
、限制條款及其他重要約定事項:
墨西哥華雷斯城廠區追加工程款美金 7,170萬元，總預算增加為不超過美金 11,170萬元
7.專業估價者事務所或公司名稱及其估價結果:
不適用
8.不動產估價師姓名:
不適用
9.不動產估價師開業證書字號:
不適用
10.取得之具體目的:
建造生產及倉儲廠房以供未來訂單需求
11.本次交易表示異議之董事意見:
無
12.本次交易為關係人交易:否
13.監察人承認或審計委員會同意日期:
不適用
14.估價報告是否為限定價格、特定價格或特殊價格:否或不適用
15.是否尚未取得估價報告:否或不適用
16.尚未取得估價報告之原因:
不適用
17.估價結果有重大差異時，其差異原因及會計師意見:
不適用
18.會計師事務所名稱:
不適用
19.會計師姓名:
不適用
20.會計師開業證書字號:
不適用
21.前已就同一件事件發布重大訊息日期: 不適用
22.其他敘明事項:
原115年3月10日公告之董事會通過工程總預算，係不超過美金40百萬元。
後經115年6月30日董事會通過追加工程後之工程總預算，調整為不超過
美金 111.7百萬元",material_event,NEUTRAL,LOW
,3704,合勤控,"代重要子公司合勤科技(股)公司公告董事會決議
現金增資事宜","1.董事會決議或公司決定日期:115/06/30
2.發行股數:27,500,000股。
3.每股面額:新台幣10元。
4.發行總金額:新台幣275,000,000元。
5.發行價格:新台幣10元。
6.員工認股股數:發行股數之10%,即2,750,000股。
7.原股東認購比率:發行股數之90%,即24,750,000股。
8.公開銷售方式及股數:不適用。
9.畸零股及逾期未認購股份之處理方式:不適用。
10.本次發行新股之權利義務:其權利義務與原已發行股份相同。
11.本次增資資金用途:充實營運資金。
12.現金增資認股基準日:115/07/05
13.最後過戶日:115/06/30
14.停止過戶起始日期:115/07/01
15.停止過戶截止日期:115/07/05
16.股款繳納期間:原股東及員工之股款繳納日為民國115年07月06日
  ；特定人認股繳款日訂為民國115年07月07日。
17.與代收及專戶存儲價款行庫訂約日期:不適用。
18.委託代收存款機構:不適用。
19.委託存儲款項機構:不適用。
20.其他應敘明事項:因應現增作業實際發行情形，本現金增資
  案內容及其他相關事宜，如經主管機關修正、或有未盡事宜
  、或因客觀環境而變更時，擬授權董事長全權處理之。",material_event,NEUTRAL,LOW
,2059,川湖,公告本公司115年股東常會重要決議事項,"1.股東常會日期:115/06/30
2.重要決議事項一、盈餘分配或盈虧撥補:
  承認114年度盈餘分配案
　發放現金股利：每股擬分配新台幣51元，計新台幣4,860,150,672元。
3.重要決議事項二、章程修訂:無。
4.重要決議事項三、營業報告書及財務報表:
  承認114年度營業報告書及財務報告案。
5.重要決議事項四、董監事選舉:無。
6.重要決議事項五、其他事項:無。
7.其他應敘明事項:無。",material_event,POSITIVE,LOW
,2059,川湖,公告本公司董事會決議除息基準日,"1.董事會、股東會決議或公司決定日期:115/06/30
2.除權、息類別（請填入「除權」、「除息」或「除權息」）:除息
3.普通股發放股利種類及金額:
現金股利:每股分配新臺幣51元，計新臺幣4,860,150,672元。
4.除權（息）交易日:115/08/27
5.最後過戶日:115/08/28
6.停止過戶起始日期:115/08/29
7.停止過戶截止日期:115/09/02
8.除權（息）基準日:115/09/02
9.債券最後申請轉換日期:不適用。
10.債券停止轉換起始日期:不適用。
11.債券停止轉換截止日期:不適用。
12.普通股現金股利發放日期:115/10/01
13.其他應敘明事項:無。",material_event,POSITIVE,LOW
,2059,川湖,公告本公司董事會通過設置資安長,"1.人員變動別（請輸入發言人、代理發言人、重要營運主管(如:執行長、營運長、
行銷長及策略長等)、財務主管、會計主管、公司治理主管、資訊安全長、研發主管、
內部稽核主管或訴訟及非訟代理人）:資訊安全長
2.發生變動日期:115/06/30
3.舊任者姓名、級職及簡歷:不適用
4.新任者姓名、級職及簡歷:陳信男/本公司資訊中心經理
5.異動情形（請輸入「辭職」、「職務調整」、「資遣」、「退休」、「死亡」、「新
任」或「解任」）:新任
6.異動原因:新任
7.生效日期:115/06/30
8.其他應敘明事項:無",material_event,NEGATIVE,HIGH
,8464,億豐,公告本公司第五屆薪資報酬委員會委員,"1.發生變動日期:115/06/30
2.功能性委員會名稱:薪資報酬委員會
3.舊任者姓名:
 林奇威
 黃勝義
 洪崇欽
4.舊任者簡歷:
 林奇威/億豐綜合工業股份有限公司獨立董事
 黃勝義/億豐綜合工業股份有限公司獨立董事
 洪崇欽/億豐綜合工業股份有限公司獨立董事
5.新任者姓名:
 黃建璋
 張凱鑫
 吳倩懿
6.新任者簡歷:
 黃建璋/億豐綜合工業股份有限公司獨立董事
 張凱鑫/億豐綜合工業股份有限公司獨立董事
 吳倩懿/億豐綜合工業股份有限公司獨立董事
7.異動情形（請輸入「辭職」、「解任」、「任期屆滿」、「逝世」或「新任」）:
 任期屆滿
8.異動原因:董事全面改選
9.原任期（例xx/xx/xx ~ xx/xx/xx）:112/06/21~115/06/20
10.新任生效日期:115/06/30
11.其他應敘明事項:無",material_event,NEUTRAL,LOW
,8464,億豐,公告本公司第二屆永續發展委員會委員,"1.發生變動日期:115/06/30
2.功能性委員會名稱:永續發展委員會
3.舊任者姓名:
 粘肇紘
 彭評
 王淑娟
 廖偉志
4.舊任者簡歷:
 粘肇紘/億豐綜合工業股份有限公司董事兼總經理
 彭評/億豐綜合工業股份有限公司董事兼執行副總經理
 王淑娟/億豐綜合工業股份有限公司公司治理主管
 廖偉志/億豐綜合工業股份有限公司特助
5.新任者姓名:
 粘肇紘
 彭評
 王淑娟
 廖偉志
6.新任者簡歷:
 粘肇紘/億豐綜合工業股份有限公司董事兼總經理
 彭評/億豐綜合工業股份有限公司董事兼執行副總經理
 王淑娟/億豐綜合工業股份有限公司公司治理主管
 廖偉志/億豐綜合工業股份有限公司特助
7.異動情形（請輸入「辭職」、「解任」、「任期屆滿」、「逝世」或「新任」）:
 任期屆滿
8.異動原因:任期屆滿
9.原任期（例xx/xx/xx ~ xx/xx/xx）:111/08/02~115/06/20
10.新任生效日期:115/06/30
11.其他應敘明事項:無",material_event,NEUTRAL,LOW
,3034,聯詠,公告本公司變更稽核主管,"1.人員變動別（請輸入發言人、代理發言人、重要營運主管(如:執行長、營運長、
行銷長及策略長等)、財務主管、會計主管、公司治理主管、資訊安全長、研發主管、
內部稽核主管或訴訟及非訟代理人）:內部稽核主管
2.發生變動日期:115/06/30
3.舊任者姓名、級職及簡歷:
葉育芬 聯詠科技內部稽核主管
4.新任者姓名、級職及簡歷:
徐韻筑 聯詠科技主任管理師
5.異動情形（請輸入「辭職」、「職務調整」、「資遣」、「退休」、「死亡」、「新
任」或「解任」）:退休
6.異動原因:退休
7.生效日期:115/06/30
8.其他應敘明事項:無",material_event,NEGATIVE,HIGH
,3703,欣陸,公告本公司法人董事變更公司名稱,"1.發生變動日期:115/06/30
2.法人名稱:漢德建設股份有限公司
3.舊任者姓名:不適用
4.舊任者簡歷:不適用
5.新任者姓名:不適用
6.新任者簡歷:不適用
7.異動原因:不適用
8.原任期（例xx/xx/xx至xx/xx/xx）:不適用
9.新任生效日期:不適用
10.其他應敘明事項:
本公司於115年6月30日接獲通知，法人董事「漢德建設股份有限公司」
已更名為「吉劭股份有限公司」，該公司已於115年6月25日核准變更登記完成。",material_event,NEUTRAL,LOW
,2610,華航,與中美企業公司房屋租賃合約續約,"1.標的物之名稱及性質（如坐落台中市北區ＸＸ段ＸＸ小段土地）:
坐落於633 Third Ave., Unit 8A, New York, NY 10017, USA之房舍
2.事實發生日:115/6/30~115/6/30
3.董事會通過日期: 不適用
4.其他核決日期:
核決層級:依『公開發行公司取得或處分資產處理準則』第15條第2項規定，
事後提報最近期董事會追認。
民國115年6月30日
5.交易單位數量（如ＸＸ平方公尺，折合ＸＸ坪）、每單位價格及交易總金額:
5,753平方英尺，交易總金額美金1,274,748元
6.交易相對人及其與公司之關係（交易相對人如屬自然人，且非公司之關
係人者，得免揭露其姓名）:
交易相對人：中美企業公司
與公司之關係：關係人(本公司之子公司)
7.交易相對人為關係人者，並應公告選定關係人為交易對象之原因及前次移轉之
所有人、前次移轉之所有人與公司及交易相對人間相互之關係、前次移轉日期
及移轉金額:
選定關係人為交易對象之原因：地點符合營運需求
前次移轉情形：不適用
8.交易標的最近五年內所有權人曾為公司之關係人者，尚應公告關係
人之取得及處分日期、價格及交易當時與公司之關係:
不適用
9.預計處分利益（或損失）（取得資產者不適用）（遞延者應列表說明
認列情形）:
不適用
10.交付或付款條件（含付款期間及金額）、契約限制條款及其他重要約定
事項:
每月初支付租金，115年度每月租金美金20,009元；
116年度每月租金美金20,609元；
117年度每月租金美金21,227元；
118年度每月租金美金21,864元；
119年度每月租金美金22,520元；租期60個月。
契約限制條款及其他重要約定事項：無
11.本次交易之決定方式（如招標、比價或議價）、價格決定之參考依據及
決策單位:
本次交易之決定方式：議價
價格決定之參考依據：市場價格
決策單位：經董事會決議授權由董事長先行決行，續提報最近期董事會追認
12.專業估價者事務所或公司名稱及其估價金額:
不適用
13.專業估價師姓名:
不適用
14.專業估價師開業證書字號:
不適用
15.估價報告是否為限定價格、特定價格或特殊價格:否或不適用
16.是否尚未取得估價報告:否或不適用
17.尚未取得估價報告之原因:
不適用
18.估價結果有重大差異時，其差異原因及會計師意見:
不適用
19.會計師事務所名稱:
不適用
20.會計師姓名:
不適用
21.會計師開業證書字號:
不適用
22.經紀人及經紀費用:
不適用
23.取得或處分之具體目的或用途:
業務營運使用
24.本次交易表示異議之董事之意見:
無
25.本次交易為關係人交易:是
26.監察人承認或審計委員會同意日期:
不適用
27.本次交易係向關係人取得不動產或其使用權資產:是
28.依「公開發行公司取得或處分資產處理準則」第十六條規定
評估之價格:不適用
29.依前項評估之價格較交易價格為低者，依同準則第十七條規
定評估之價格:不適用
30.前已就同一件事件發布重大訊息日期: 不適用
31.其他敘明事項:
無",material_event,NEGATIVE,HIGH
,8422,可寧衛*,代重要子公司可寧衛企業股份有限公司公告115年第1季除息基準日,"1.董事會、股東會決議或公司決定日期:115/06/30
2.除權、息類別（請填入「除權」、「除息」或「除權息」）:除息
3.發放股利種類及金額:
現金股利總金額8,371,958元，每股配發現金股利約0.12元。
4.除權（息）交易日:NA
5.最後過戶日:115/07/02
6.停止過戶起始日期:115/07/03
7.停止過戶截止日期:115/07/07
8.除權（息）基準日:115/07/07
9.其他應敘明事項:無",material_event,POSITIVE,LOW
,2356,英業達,公告本公司董事會決議通過，擬自地委建廠房,"1.契約種類:自地委建工程
2.事實發生日:115/6/30~115/6/30
3.董事會通過日期: 民國115年6月30日
4.其他核決日期: 不適用
5.契約相對人及其與公司之關係:
尚未確定，待確定後另行公告
6.契約主要內容（含契約總金額、預計參與投入之金額及契約起迄日期）
、限制條款及其他重要約定事項:
桃園大溪廠區廠房總預算不超過台幣 1,833百萬元
7.專業估價者事務所或公司名稱及其估價結果:
不適用
8.不動產估價師姓名:
不適用
9.不動產估價師開業證書字號:
不適用
10.取得之具體目的:
業務擴展需要
11.本次交易表示異議之董事意見:
無
12.本次交易為關係人交易:否
13.監察人承認或審計委員會同意日期:
不適用
14.估價報告是否為限定價格、特定價格或特殊價格:否或不適用
15.是否尚未取得估價報告:否或不適用
16.尚未取得估價報告之原因:
不適用
17.估價結果有重大差異時，其差異原因及會計師意見:
不適用
18.會計師事務所名稱:
不適用
19.會計師姓名:
不適用
20.會計師開業證書字號:
不適用
21.前已就同一件事件發布重大訊息日期: 不適用
22.其他敘明事項:
無",material_event,NEUTRAL,LOW
,8422,可寧衛*,代重要子公司吉衛股份有限公司公告115年第1季除息基準日,"1.董事會、股東會決議或公司決定日期:115/06/30
2.除權、息類別（請填入「除權」、「除息」或「除權息」）:除息
3.發放股利種類及金額:
現金股利總金額205,115,409元，每股配發現金股利約5元。
4.除權（息）交易日:NA
5.最後過戶日:115/07/02
6.停止過戶起始日期:115/07/03
7.停止過戶截止日期:115/07/07
8.除權（息）基準日:115/07/07
9.其他應敘明事項:無",material_event,POSITIVE,LOW
,4439,冠星-KY,公告本公司調整配息率,"1.董事會或股東會決議日期:NA
2.原發放股利種類及金額:
  普通股現金股利新台幣152,448,748元，每股配發新台幣4元。
3.變更後發放股利種類及金額:
  普通股現金股利新台幣152,448,748元，每股配發新台幣4.05285358元。
4.變更原因:因本公司買回庫藏股及可轉換公司債轉換普通股，致流通在外股數變動，
  影響每股配息率。
5.其他應敘明事項:經115/06/17股東會決議，授權董事長全權處理之。",material_event,POSITIVE,LOW
,8222,寶一,公告本公司114年度盈餘分配除息基準日,"1.董事會、股東會決議或公司決定日期:115/06/30
2.除權、息類別（請填入「除權」、「除息」或「除權息」）:除息
3.普通股發放股利種類及金額:現金股利總金額為新台幣24,000,725元
(每仟股配發新台幣350元)
4.除權（息）交易日:115/07/16
5.最後過戶日:115/07/19
6.停止過戶起始日期:115/07/20
7.停止過戶截止日期:115/07/24
8.除權（息）基準日:115/07/24
9.債券最後申請轉換日期:不適用
10.債券停止轉換起始日期:不適用
11.債券停止轉換截止日期:不適用
12.普通股現金股利發放日期:115/08/14
13.其他應敘明事項:現金股利以匯款或支票發放，現金股利發放至元為止
(元以下無條件捨去)，其發生之匯費或郵寄費用由股東自行負擔。",material_event,POSITIVE,LOW
,8422,可寧衛*,代重要子公司大寧股份有限公司公告115年第1季除息基準日,"1.董事會、股東會決議或公司決定日期:115/06/30
2.除權、息類別（請填入「除權」、「除息」或「除權息」）:除息
3.發放股利種類及金額:
現金股利總金額15,717,305元，每股配發現金股利約1.05元。
4.除權（息）交易日:NA
5.最後過戶日:115/07/02
6.停止過戶起始日期:115/07/03
7.停止過戶截止日期:115/07/07
8.除權（息）基準日:115/07/07
9.其他應敘明事項:無",material_event,POSITIVE,LOW
,8422,可寧衛*,代重要子公司大倉實業股份有限公司公告115年第1季除息基準日,"1.董事會、股東會決議或公司決定日期:115/06/30
2.除權、息類別（請填入「除權」、「除息」或「除權息」）:除息
3.發放股利種類及金額:
現金股利總金額63,702,759元，每股配發現金股利約0.95元。
4.除權（息）交易日:NA
5.最後過戶日:115/07/02
6.停止過戶起始日期:115/07/03
7.停止過戶截止日期:115/07/07
8.除權（息）基準日:115/07/07
9.其他應敘明事項:無",material_event,POSITIVE,LOW
,3011,今皓,公告本公司115年股東常會重要決議事項,"1.股東常會日期:115/06/30
2.重要決議事項一、盈餘分配或盈虧撥補:承認一一四年度虧損撥補案。
3.重要決議事項二、章程修訂:通過修訂「公司章程」部分條文案。
4.重要決議事項三、營業報告書及財務報表:承認一一四年度營業報告書及財務報表案。
5.重要決議事項四、董監事選舉:通過董事及獨立董事改選案。
6.重要決議事項五、其他事項:
   (1)承認一一四年辦理私募發行普通股案洽請證券承銷商出具辦理私募必要性與合理
      性之評估意見追認案。
   (2)通過修訂「取得或處分資產處理程序」部分條文案。
   (3)通過修訂「資金貸與他人作業程序」部分條文案。
   (4)通過修訂「背書保證管理辦法」部分條文案。
   (5)通過修訂「股東會議事規則」部分條文案。
   (6)通過辦理私募發行普通股案。
   (7)通過擬發行限制員工權利新股案。
   (8)通過解除新任董事及其代表人競業禁止限制案。
7.其他應敘明事項:無。",material_event,NEGATIVE,HIGH
,3305,昇貿,公告本公司調整配息率,"1.董事會或股東會決議日期:NA
2.原發放股利種類及金額:
盈餘分配現金股利新台幣320,543,870元，每股配發新台幣2.3元。
3.變更後發放股利種類及金額:
盈餘分配現金股利新台幣320,543,870元，每股配發新台幣2.28330410元。
4.變更原因:因本公司可轉換公司債轉換普通股影響流通在外普通股股數總數，
故調整配息率。
5.其他應敘明事項:依115年03月12日董事會決議，授權董事長調整配息率相關事宜。",material_event,POSITIVE,LOW
,3011,今皓,公告本公司115年股東常會董事改選名單,"1.發生變動日期:115/06/30
2.選任或變動人員別（請輸入法人董事、法人監察人、獨立董事、自然人董事
  或自然人監察人）:法人董事、獨立董事、自然人董事
3.舊任者職稱及姓名:
(1)董事:石浩吉
(2)董事:曾柏湖
(3)董事:何昭陽
(4)董事:郭琛
(5)董事:金緻人工智能投資有限公司法人代表：張嘉伶
(6)獨立董事:王恩國
(7)獨立董事:龔新傑
(8)獨立董事:吳子祺
4.舊任者簡歷:
(1)石浩吉/今皓實業股份有限公司董事長
(2)曾柏湖/誠安電腦股份有限公司董事及總裁
(3)何昭陽/誠美材料科技股份有限公司董事長
(4)郭琛/OneConnect Financial Technology (Singapore) Co. Pte. Ltd
   專案管理最高主管
(5)金緻人工智能投資有限公司法人代表：張嘉伶/今皓實業股份有限公司投資總監
(6)王恩國/天達諮詢顧問有限公司董事長
(7)龔新傑/環群商務法律事務所主持律師
(8)吳子祺/康儲聯合會計師事務所所長
5.新任者職稱及姓名:
(1)董事:石浩吉
(2)董事:曾柏湖
(3)董事:金緻人工智能投資有限公司法人代表：何昭陽
(4)董事:金緻人工智能投資有限公司法人代表：張嘉伶
(5)獨立董事:王恩國
(6)獨立董事:龔新傑
(7)獨立董事:吳子祺
6.新任者簡歷:
(1)石浩吉/今皓實業股份有限公司董事長
(2)曾柏湖/誠安電腦股份有限公司董事及總裁
(3)金緻人工智能投資有限公司法人代表：何昭陽/誠美材料科技股份有限公司董事長
(4)金緻人工智能投資有限公司法人代表：張嘉伶/今皓實業股份有限公司投資總監
(5)王恩國/天達諮詢顧問有限公司董事長
(6)龔新傑/環群商務法律事務所主持律師
(7)吳子祺/康儲聯合會計師事務所所長
7.異動情形（請輸入「辭職」、「解任」、「任期屆滿」、「逝世」或「新任」）:
任期屆滿
8.異動原因:任期屆滿改選
9.新任者選任時持股數:
(1)董事:石浩吉                                            1,000股
(2)董事:曾柏湖                                                0股
(3)董事:金緻人工智能投資有限公司法人代表：何昭陽        12,429,600股
(4)董事:金緻人工智能投資有限公司法人代表：張嘉伶        12,429,600股
(5)獨立董事:王恩國                                            0股
(6)獨立董事:龔新傑                                            0股
(7)獨立董事:吳子祺                                            0股
10.原任期（例xx/xx/xx ~ xx/xx/xx）:112/06/29~115/06/28
11.新任生效日期:115/06/30~118/06/29
12.同任期董事變動比率:任期屆滿改選不適用。
13.同任期獨立董事變動比率:任期屆滿改選不適用。
14.同任期監察人變動比率:不適用。
15.屬三分之一以上董事發生變動（請輸入是或否）:否
16.其他應敘明事項(若事件發生或決議之主體係屬公開發行以上公司，本則重大訊息同時
   符合證券交易法施行細則第7條第6款所定對股東權益或證券價格有重大影響之事項):無。",material_event,NEUTRAL,LOW
,3022,威強電,公告本公司副總經理辭職,"1.人員變動別（請輸入發言人、代理發言人、重要營運主管(如:執行長、營運長、
行銷長及策略長等)、財務主管、會計主管、公司治理主管、資訊安全長、研發主管、
內部稽核主管或訴訟及非訟代理人）:副總經理
2.發生變動日期:115/06/30
3.舊任者姓名、級職及簡歷:杜俊穎 本公司機構系統研發處及品質處副總經理
4.新任者姓名、級職及簡歷:不適用
5.異動情形（請輸入「辭職」、「職務調整」、「資遣」、「退休」、「死亡」、「新
任」或「解任」）:辭職
6.異動原因:辭職
7.生效日期:115/06/30
8.其他應敘明事項:無。",material_event,NEGATIVE,HIGH
,1319,東陽,公告本公司董事會選任董事長,"1.董事會決議日期或發生變動日期:115/06/30
2.人員別（請輸入董事長或總經理）:董事長
3.舊任者姓名:吳永茂董事長
4.舊任者簡歷:吳永茂/東陽實業廠股份有限公司董事長
5.新任者姓名:吳永茂董事長
6.新任者簡歷:吳永茂/東陽實業廠股份有限公司董事長
7.異動情形（請輸入「辭職」、「解任」、「任期屆滿」、「職務調整」、「資遣」、
「退休」、「逝世」或「新任」）:任期屆滿
8.異動原因:本公司115年股東常會全面改選董事後,由本屆
董事會重新選任吳永茂董事長續任
9.新任生效日期:115/06/30
10.其他應敘明事項(若事件發生或決議之主體係屬公開發行以上公司，本則重大訊息同時
   符合證券交易法施行細則第7條第6款所定對股東權益或證券價格有重大影響之事項):無",material_event,NEUTRAL,LOW
,1319,東陽,公告本公司董事會決議通過委任第六屆薪資報酬委員會委員,"1.發生變動日期:115/06/30
2.功能性委員會名稱:薪資報酬委員會
3.舊任者姓名:林幹雄、蔡明田、鄭雁玲
4.舊任者簡歷:林幹雄/開銘實業股份有限公司總經理、
蔡明田/成功大學工程管理學院工程管理碩士專班兼任教授、
鄭雁玲/就業情報資訊(股)公司職涯顧問
5.新任者姓名:吳淑珍、陳玲珠、洪曉萍
6.新任者簡歷:吳淑珍/臺灣開億工業股份有限公司副總經理
陳玲珠/東陽實業廠股份有限公司供應本部助理副總
洪曉萍/平恆會計師事務所執業會計師
7.異動情形（請輸入「辭職」、「解任」、「任期屆滿」、「逝世」或「新任」）:
任期屆滿
8.異動原因:第五屆薪酬委員會委員任期屆滿董事會重新委任
9.原任期（例xx/xx/xx ~ xx/xx/xx）:112/06/29~115/06/18
10.新任生效日期:115/6/30
11.其他應敘明事項:無",material_event,NEUTRAL,LOW
,1235,興泰,本公司115年股東常會重要決議事項公告(更正主旨年度),"1.股東常會日期:115/06/29
2.重要決議事項一、盈餘分配或盈虧撥補:承認114年度盈餘分配案。
3.重要決議事項二、章程修訂:無。
4.重要決議事項三、營業報告書及財務報表:承認114年度營業報告書及財務報表案。
5.重要決議事項四、董監事選舉:無。
6.重要決議事項五、其他事項:通過114年度盈餘轉增資發行新股案。
7.其他應敘明事項:無",material_event,NEUTRAL,LOW
,2534,宏盛,公告本公司總經理辭任,"1.董事會決議日期或發生變動日期:115/06/30
2.人員別（請輸入董事長或總經理）:總經理
3.舊任者姓名:陸永富
4.舊任者簡歷:本公司總經理
5.新任者姓名:不適用
6.新任者簡歷:不適用
7.異動情形（請輸入「辭職」、「解任」、「任期屆滿」、「職務調整」、「資遣」、
「退休」、「逝世」或「新任」）:辭職
8.異動原因:辭職
9.新任生效日期:不適用
10.其他應敘明事項(若事件發生或決議之主體係屬公開發行以上公司，本則重大訊息同時
   符合證券交易法施行細則第7條第6款所定對股東權益或證券價格有重大影響之事項):
(1)至新任總經理就任前，其職務由副總經理郭力維暫代。
(2)新任者待董事會通過聘任後另行公告。",material_event,NEUTRAL,LOW
,2534,宏盛,代重要子公司助群營造(股)公司公告總經理辭任,"1.董事會決議日期或發生變動日期:115/06/30
2.人員別（請輸入董事長或總經理）:總經理
3.舊任者姓名:陸永富
4.舊任者簡歷:本公司總經理
5.新任者姓名:不適用
6.新任者簡歷:不適用
7.異動情形（請輸入「辭職」、「解任」、「任期屆滿」、「職務調整」、「資遣」、
「退休」、「逝世」或「新任」）:辭職
8.異動原因:辭職
9.新任生效日期:不適用
10.其他應敘明事項(若事件發生或決議之主體係屬公開發行以上公司，本則重大訊息同時
   符合證券交易法施行細則第7條第6款所定對股東權益或證券價格有重大影響之事項):
(1)至新任總經理就任前，其職務由董事長郭力維暫代。
(2)新任者待董事會通過聘任後另行公告。",material_event,NEUTRAL,LOW
,3711,日月光投控,代子公司矽品精密工業(股)公司公告取得營業用機器設備達十億元,"1.標的物之名稱及性質（如坐落台中市北區ＸＸ段ＸＸ小段土地）:
營業用機器設備
2.事實發生日:115/6/29~115/6/30
3.董事會通過日期: 不適用
4.其他核決日期:
核決層級:總經理核決
民國115年6月30日
5.交易單位數量（如ＸＸ平方公尺，折合ＸＸ坪）、每單位價格及交易總金額:
取得3批，
每批平均單價：NTD 1,670,720,069元，
交易總金額：NTD 5,012,160,207元。
6.交易相對人及其與公司之關係（交易相對人如屬自然人，且非公司之關
係人者，得免揭露其姓名）:
交易相對人：Lam Research International Sdn. Bhd.； 
與公司之關係：無
7.交易相對人為關係人者，並應公告選定關係人為交易對象之原因及前次移轉之
所有人、前次移轉之所有人與公司及交易相對人間相互之關係、前次移轉日期
及移轉金額:
不適用
8.交易標的最近五年內所有權人曾為公司之關係人者，尚應公告關係
人之取得及處分日期、價格及交易當時與公司之關係:
不適用
9.預計處分利益（或損失）（取得資產者不適用）（遞延者應列表說明
認列情形）:
不適用
10.交付或付款條件（含付款期間及金額）、契約限制條款及其他重要約定
事項:
電匯。
契約限制條款：無。
其他重要約定事項：無。
11.本次交易之決定方式（如招標、比價或議價）、價格決定之參考依據及
決策單位:
交易決定方式：比價/議價。
價格決定之參考依據：參考歷年交易資料和市場行情。
決策單位：依公司內部核決權限決定。
12.專業估價者事務所或公司名稱及其估價金額:
不適用
13.專業估價師姓名:
不適用
14.專業估價師開業證書字號:
不適用
15.估價報告是否為限定價格、特定價格或特殊價格:否或不適用
16.是否尚未取得估價報告:否或不適用
17.尚未取得估價報告之原因:
不適用
18.估價結果有重大差異時，其差異原因及會計師意見:
不適用
19.會計師事務所名稱:
不適用
20.會計師姓名:
不適用
21.會計師開業證書字號:
不適用
22.經紀人及經紀費用:
無
23.取得或處分之具體目的或用途:
營業用途
24.本次交易表示異議之董事之意見:
無
25.本次交易為關係人交易:否
26.監察人承認或審計委員會同意日期:
不適用
27.本次交易係向關係人取得不動產或其使用權資產:否
28.依「公開發行公司取得或處分資產處理準則」第十六條規定
評估之價格:不適用
29.依前項評估之價格較交易價格為低者，依同準則第十七條規
定評估之價格:不適用
30.前已就同一件事件發布重大訊息日期: 不適用
31.其他敘明事項:
無",material_event,NEGATIVE,HIGH
,7765,中華資安,本公司新任董事長,"1.董事會決議日期或發生變動日期:115/06/30
2.人員別（請輸入董事長或總經理）:董事長
3.舊任者姓名:陳明仕
4.舊任者簡歷:中華資安國際股份有限公司董事長
5.新任者姓名:黃志雄
6.新任者簡歷:中華電信股份有限公司執行副總經理暨技術長
7.異動情形（請輸入「辭職」、「解任」、「任期屆滿」、「職務調整」、「資遣」、
「退休」、「逝世」或「新任」）:新任
8.異動原因:第三屆董事會第二十一次會議推選新任董事長
9.新任生效日期:115年6月30日
10.其他應敘明事項(若事件發生或決議之主體係屬公開發行以上公司，本則重大訊息同時
   符合證券交易法施行細則第7條第6款所定對股東權益或證券價格有重大影響之事項):無",material_event,NEUTRAL,LOW
,3011,今皓,公告解除新任董事及其代表人競業禁止之限制,"1.股東會決議日:115/06/30
2.許可從事競業行為之董事姓名及職稱:
(1)董事:石浩吉
(2)董事:金緻人工智能投資有限公司法人代表：何昭陽
(3)獨立董事:王恩國
(4)獨立董事:龔新傑
(5)獨立董事:吳子祺
3.許可從事競業行為之項目:投資或經營與本公司營業範圍相同或類似之公司
4.許可從事競業行為之期間:擔任本公司董事期間
5.決議情形（請依公司法第209條說明表決結果）:已發行股份總數過半數股東出席，
出席股東表決權三分之二以上同意。
6.所許可之競業行為如屬大陸地區事業之營業者，董事姓名及職稱
（非屬大陸地區事業之營業者，以下請輸〝不適用〞）:
(1)董事:石浩吉
(2)獨立董事:王恩國
7.所擔任該大陸地區事業之公司名稱及職務:
(1)董事:石浩吉
   今皓光電(昆山)有限公司董事長
   今皓人工智能科技(昆山)有限公司董事
(2)獨立董事:王恩國
   南昌菱光科技有限公司董事長
   無錫菱光科技有限公司董事
8.所擔任該大陸地區事業地址:
 今皓光電(昆山)有限公司：
 江蘇省昆山經濟開發區張浦配套區江豐路110號
 今皓人工智能科技(昆山)有限公司：
 江蘇省昆山經濟開發區張浦配套區江豐路110號
 南昌菱光科技有限公司：
 江西省南昌市高新開發區火炬五路36號
 無錫菱光科技有限公司：
 江蘇省無錫市高新技術產業開發區93號地塊A4
9.所擔任該大陸地區事業營業項目:
 今皓光電(昆山)有限公司：生產及買賣電腦線或插頭等產品
 今皓人工智能科技(昆山)有限公司：生產及買賣電腦線或插頭等產品
 南昌菱光科技有限公司：影像感測器之製造
 無錫菱光科技有限公司：彩色影像感測器
10.對本公司財務業務之影響程度:不適用。
11.董事如有對該大陸地區事業從事投資者，其投資金額及持股比例:不適用。
12.其他應敘明事項:無。",material_event,NEUTRAL,LOW
,5434,崇越,"公告本公司民國114年度盈餘分派現金股利基準日及調整
配息率","1.董事會、股東會決議或公司決定日期:115/06/30
2.除權、息類別（請填入「除權」、「除息」或「除權息」）:除息
3.普通股發放股利種類及金額:盈餘發放現金股利
(1)原發放股利種類及金額: 普通股現金股利新台幣2,603,217,717元，每股配發
 現金13.5元。
(2)變更後發放股利種類及金額: 普通股現金股利新台幣2,603,217,717元，每股配發
 現金13.41809587元。
4.除權（息）交易日:115/07/16
5.最後過戶日:115/07/17
6.停止過戶起始日期:115/07/18
7.停止過戶截止日期:115/07/22
8.除權（息）基準日:115/07/22
9.債券最後申請轉換日期:不適用
10.債券停止轉換起始日期:不適用
11.債券停止轉換截止日期:不適用
12.普通股現金股利發放日期:115/08/12
13.其他應敘明事項:因可轉換公司債之債權人提出申請轉換成普通股, 致流通在外
股數增加。",material_event,POSITIVE,LOW
,3257,虹冠電,公告本公司美國研發中心技術長異動,"1.人員變動別（請輸入發言人、代理發言人、重要營運主管(如:執行長、營運長、
行銷長及策略長等)、財務主管、會計主管、公司治理主管、資訊安全長、研發主管、
內部稽核主管或訴訟及非訟代理人）:技術長
2.發生變動日期:115/06/30
3.舊任者姓名、級職及簡歷:黃新年/技術長
4.新任者姓名、級職及簡歷:林保偉/總經理 暫代研發主管
5.異動情形（請輸入「辭職」、「職務調整」、「資遣」、「退休」、「死亡」、「新
任」或「解任」）:退休
6.異動原因:退休
7.生效日期:115/06/30
8.其他應敘明事項:無",material_event,NEGATIVE,HIGH
,3257,虹冠電,公告本公司美國研發中心技術副總異動,"1.人員變動別（請輸入發言人、代理發言人、重要營運主管(如:執行長、營運長、
行銷長及策略長等)、財務主管、會計主管、公司治理主管、資訊安全長、研發主管、
內部稽核主管或訴訟及非訟代理人）:研發處副總經理
2.發生變動日期:115/06/30
3.舊任者姓名、級職及簡歷:Alland Chee/研發處副總經理
4.新任者姓名、級職及簡歷:林保偉/總經理 暫代研發主管
5.異動情形（請輸入「辭職」、「職務調整」、「資遣」、「退休」、「死亡」、「新
任」或「解任」）:辭職
6.異動原因:辭職
7.生效日期:115/06/30
8.其他應敘明事項:無",material_event,NEGATIVE,HIGH
,1506,正道,公告本公司總經理異動,"1.董事會決議日期或發生變動日期:115/06/30
2.人員別（請輸入董事長或總經理）:總經理
3.舊任者姓名:羅仕溢
4.舊任者簡歷:本公司總經理
5.新任者姓名:不適用
6.新任者簡歷:不適用
7.異動情形（請輸入「辭職」、「解任」、「任期屆滿」、「職務調整」、「資遣」、
「退休」、「逝世」或「新任」）:退休
8.異動原因:退休
9.新任生效日期:不適用
10.其他應敘明事項(若事件發生或決議之主體係屬公開發行以上公司，本則重大訊息同時
   符合證券交易法施行細則第7條第6款所定對股東權益或證券價格有重大影響之事項):
（1）總經理羅仕溢先生於115/06/30退休，自115/07/01起其職務由總經理室鄭平山
     協理暫代。
（2）新任總經理待本公司董事會通過委任案後另行公告。",material_event,NEUTRAL,LOW
,1506,正道,公告本公司法人董事改派代表人,"1.發生變動日期:115/06/30
2.法人名稱:大成國際鋼鐵股份有限公司
3.舊任者姓名:羅仕溢
4.舊任者簡歷:正道工業股份有限公司總經理
5.新任者姓名:鄭平山
6.新任者簡歷:正道工業股份有限公司總經理室協理
7.異動原因:法人董事改派代表人
8.原任期（例xx/xx/xx至xx/xx/xx）:114/06/10至117/06/09
9.新任生效日期:115/06/30
10.其他應敘明事項:無",material_event,NEUTRAL,LOW
,1506,正道,公告本公司發言人異動,"1.人員變動別（請輸入發言人、代理發言人、重要營運主管(如:執行長、營運長、
行銷長及策略長等)、財務主管、會計主管、公司治理主管、資訊安全長、研發主管、
內部稽核主管或訴訟及非訟代理人）:發言人
2.發生變動日期:115/06/30
3.舊任者姓名、級職及簡歷:羅仕溢，本公司總經理
4.新任者姓名、級職及簡歷:不適用
5.異動情形（請輸入「辭職」、「職務調整」、「資遣」、「退休」、「死亡」、「新
任」或「解任」）:退休
6.異動原因:退休
7.生效日期:115/06/30
8.其他應敘明事項:
(1)發言人羅仕溢先生於115/06/30退休，發言人職務由代理發言人黃俊達協理暫代。
(2)新任發言人待本公司董事會通過委任案後另行公告。",material_event,NEGATIVE,HIGH
,1506,正道,"代重要子公司正道工業（馬來西亞）私人有限公司公告
法人董事改派代表人","1.發生變動日期:115/06/30
2.法人名稱:正道工業股份有限公司
3.舊任者姓名:羅仕溢
4.舊任者簡歷:正道工業股份有限公司總經理
5.新任者姓名:黃俊達
6.新任者簡歷:正道工業股份有限公司財務部協理
7.異動原因:法人董事改派代表人
8.原任期（例xx/xx/xx至xx/xx/xx）:114/06/10至117/06/09
9.新任生效日期:115/06/30
10.其他應敘明事項:無",material_event,NEUTRAL,LOW
,4164,承業醫,代子公司欣安健康事業(股)公司公告股東會決議分配股利,"1.董事會決議日期:115/06/30
2.發放股利種類及金額:
分配股票股利新台幣1,572,110元。
3.其他應敘明事項:無",material_event,POSITIVE,LOW
,4306,炎洲,代子公司萬洲化學(股)公司公告董事會代行股東會重要決議事項,"1.股東常會日期:115/06/30
2.重要決議事項一、盈餘分配或盈虧撥補:承認民國114年度盈餘分配案
3.重要決議事項二、章程修訂:不適用
4.重要決議事項三、營業報告書及財務報表:不適用
5.重要決議事項四、董監事選舉:不適用
6.重要決議事項五、其他事項:不適用
7.其他應敘明事項:萬洲化學(股)公司係單一法人所組織之股份有限公司，
依公司法第128條之1規定，由董事會代行股東會職權。",material_event,NEUTRAL,LOW
,4306,炎洲,代子公司萬洲化學(股)公司公告董事會決議股利不分派,"1.董事會決議日期:115/06/30
2.發放股利種類及金額:不分配股利
3.其他應敘明事項:無",material_event,POSITIVE,LOW
,9907,統一實,"代子公司北京統實飲品有限公司公告取得使用權資產
(租約調整及更新交易金額)","1. 原公告日期：
113/12/30
2. 簡述原公告申報內容：
向非關係人北京市懷柔區懷柔鎮大中富樂村經濟合作社取得中國北京市懷柔區
懷柔鎮大中富樂工業小區之不動產使用權資產，租賃面積45,841.67平方公尺
，折合約13,867.13坪，使用權資產金額為人民幣122,480,594元。
3. 變動緣由及主要內容：
本次調整租約條件，使用權資產金額更新為人民幣108,105,489元。
4. 變動後對公司財務業務之影響：
無
5. 其他應敘明事項：
無",material_event,POSITIVE,LOW
,3011,今皓,公告本公司董事會選任董事長,"1.董事會決議日期或發生變動日期:115/06/30
2.人員別（請輸入董事長或總經理）:董事長
3.舊任者姓名:石浩吉
4.舊任者簡歷:今皓實業股份有限公司董事長
5.新任者姓名:石浩吉
6.新任者簡歷:今皓實業股份有限公司董事長
7.異動情形（請輸入「辭職」、「解任」、「任期屆滿」、「職務調整」、「資遣」、
「退休」、「逝世」或「新任」）:任期屆滿
8.異動原因:任期屆滿改選
9.新任生效日期:115/06/30~118/06/29
10.其他應敘明事項(若事件發生或決議之主體係屬公開發行以上公司，本則重大訊息同時
   符合證券交易法施行細則第7條第6款所定對股東權益或證券價格有重大影響之事項):
無。",material_event,NEUTRAL,LOW
,7823,奧義賽博-KY創,公告本公司115年股東常會重要決議事項,"1.股東常會日期:115/06/30
2.重要決議事項一、盈餘分配或盈虧撥補:通過承認2025年度虧損撥補案
3.重要決議事項二、章程修訂:無
4.重要決議事項三、營業報告書及財務報表:通過承認2025年度營業報告書及財務報告
5.重要決議事項四、董監事選舉:無
6.重要決議事項五、其他事項:
(1)通過解除董事競業禁止限制案
7.其他應敘明事項:無",material_event,NEGATIVE,HIGH
,7823,奧義賽博-KY創,公告本公司股東會決議解除董事競業禁止案,"1.股東會決議日:115/06/30
2.許可從事競業行為之董事姓名及職稱:
獨立董事：柯淑芬
3.許可從事競業行為之項目:
佳世達科技股份有限公司總經理
財團法人明基文教基金會之董事代表人
4.許可從事競業行為之期間:任職本公司獨立董事期間
5.決議情形（請依公司法第209條說明表決結果）:
經投票表決結果達法定通過數額,本案照案通過。
6.所許可之競業行為如屬大陸地區事業之營業者，董事姓名及職稱
（非屬大陸地區事業之營業者，以下請輸〝不適用〞）:不適用
7.所擔任該大陸地區事業之公司名稱及職務:不適用
8.所擔任該大陸地區事業地址:不適用
9.所擔任該大陸地區事業營業項目:不適用
10.對本公司財務業務之影響程度:不適用
11.董事如有對該大陸地區事業從事投資者，其投資金額及持股比例:不適用
12.其他應敘明事項:無",material_event,NEUTRAL,LOW
,2498,宏達電,公告本公司研發長異動,"1.人員變動別（請輸入發言人、代理發言人、重要營運主管(如:執行長、營運長、
行銷長及策略長等)、財務主管、會計主管、公司治理主管、資訊安全長、研發主管、
內部稽核主管或訴訟及非訟代理人）:研發長
2.發生變動日期:115/06/30
3.舊任者姓名、級職及簡歷:劉萬賢/研發長
4.新任者姓名、級職及簡歷:待定
5.異動情形（請輸入「辭職」、「職務調整」、「資遣」、「退休」、「死亡」、「新
任」或「解任」）:退休
6.異動原因:退休
7.生效日期:115/06/30
8.其他應敘明事項:無",material_event,NEGATIVE,HIGH
,3011,今皓,公告本公司審計委員會委員任期屆滿異動,"1.發生變動日期:115/06/30
2.功能性委員會名稱:審計委員會
3.舊任者姓名:
(1)獨立董事:王恩國
(2)獨立董事:龔新傑
(3)獨立董事:吳子祺
4.舊任者簡歷:
(1)王恩國/天達諮詢顧問有限公司董事長
(2)龔新傑/環群商務法律事務所主持律師
(3)吳子祺/康儲聯合會計師事務所所長
5.新任者姓名:
(1)獨立董事:王恩國
(2)獨立董事:龔新傑
(3)獨立董事:吳子祺
6.新任者簡歷:
(1)王恩國/天達諮詢顧問有限公司董事長
(2)龔新傑/環群商務法律事務所主持律師
(3)吳子祺/康儲聯合會計師事務所所長
7.異動情形（請輸入「辭職」、「解任」、「任期屆滿」、「逝世」或「新任」）:
任期屆滿
8.異動原因:任期屆滿改選。
9.原任期（例xx/xx/xx ~ xx/xx/xx）:112/06/29~115/06/28
10.新任生效日期:115/06/30~118/06/29
11.其他應敘明事項:無。",material_event,NEUTRAL,LOW
,9906,欣巴巴,"公告本公司115年股東常會全面改選董事(含獨立董事)當選名單
暨董事異動達三分之一以上","1.發生變動日期:115/06/30
2.選任或變動人員別（請輸入法人董事、法人監察人、獨立董事、自然人董事
  或自然人監察人）:法人董事、獨立董事
3.舊任者職稱及姓名:
(1)董事：辰龍投資股份有限公司代表人:黃〝火冏〞輝
(2)董事：捷偉投資有限公司代表人:黃湘允
(3)董事：世京投資有限公司代表人:林沛珍
(4)董事：世京投資有限公司代表人:曾韻梅
(5)獨立董事：王秀蘭
(6)獨立董事：張妍溱
(7)獨立董事：顏聰玲
4.舊任者簡歷:
(1)董事：辰龍投資股份有限公司代表人:黃〝火冏〞輝
         /江城建設股份有限公司董事
(2)董事：捷偉投資有限公司代表人:黃湘允
         /欣巴巴事業股份有限公司總經理
(3)董事：世京投資有限公司代表人:林沛珍
         /永泰地產事業有限公司董事長
(4)董事：世京投資有限公司代表人:曾韻梅
         /渣打銀行南區主管暨副總裁、匯豐銀行分行經理暨副總裁
(5)獨立董事：王秀蘭
             /美商ITW電子包裝材料及零件事業群(美商安天德百電(股)公司)財務長
(6)獨立董事：張妍溱
             /永丰成資源股份有限公司董事長
(7)獨立董事：顏聰玲
             /崑山科技大學房地產開發與管理系副教授
5.新任者職稱及姓名:
(1)董事：辰龍投資股份有限公司代表人:張宏圖
(2)董事：捷偉投資有限公司代表人:黃湘允
(3)董事：世京投資有限公司代表人:曾韻梅
(4)獨立董事：蔡奇宏
(5)獨立董事：蔡淑貞
(6)獨立董事：張妍溱
(7)獨立董事：張慧蘭
6.新任者簡歷:
(1)董事：辰龍投資股份有限公司代表人:張宏圖
             /欣巴巴事業股份有限公司董事
(2)董事：捷偉投資有限公司代表人:黃湘允
             /欣巴巴事業股份有限公司總經理
(3)董事：世京投資有限公司代表人:曾韻梅
             /渣打銀行南區主管暨副總裁、匯豐銀行分行經理暨副總裁
(4)獨立董事：蔡奇宏
             /珈品企業有限公司負責人
(5)獨立董事：蔡淑貞
             /八馬國際百貨(股)公司執行長
(6)獨立董事：張妍溱
             /丰成資源股份有限公司董事長
(7)獨立董事：張慧蘭
             /寶山生命科技股份有限公司內部稽核主管
7.異動情形（請輸入「辭職」、「解任」、「任期屆滿」、「逝世」或「新任」）:
任期屆滿
8.異動原因:任期屆滿全面改選。
9.新任者選任時持股數:
(1)董事：辰龍投資股份有限公司代表人：張宏圖        32,338,622股
(2)董事：捷偉投資有限公司代表人：黃湘允             1,342,831股
(3)董事：世京投資有限公司代表人：曾韻梅             1,281,807股
(4)獨立董事：蔡奇宏                                         0股
(5)獨立董事：蔡淑貞                                         0股
(6)獨立董事：張妍溱                                         0股
(7)獨立董事：張慧蘭                                         0股
10.原任期（例xx/xx/xx ~ xx/xx/xx）:112/06/28~115/06/27
11.新任生效日期:115/06/30
12.同任期董事變動比率:任期屆滿全面改選，不適用
13.同任期獨立董事變動比率:任期屆滿全面改選，不適用
14.同任期監察人變動比率:設置審計委員會，不適用
15.屬三分之一以上董事發生變動（請輸入是或否）:是。
16.其他應敘明事項(若事件發生或決議之主體係屬公開發行以上公司，本則重大訊息同時
   符合證券交易法施行細則第7條第6款所定對股東權益或證券價格有重大影響之事項):
無。",material_event,NEUTRAL,LOW
,9906,欣巴巴,公告本公司第三屆審計委員會成員,"1.發生變動日期:115/06/30
2.功能性委員會名稱:審計委員會
3.舊任者姓名:
(1)獨立董事：王秀蘭
(2)獨立董事：張妍溱
(3)獨立董事：顏聰玲
4.舊任者簡歷:
(1)獨立董事：王秀蘭
             /美商ITW電子包裝材料及零件事業群(美商安天德百電(股)公司)財務長
(2)獨立董事：張妍溱
             /永丰成資源股份有限公司董事長
(3)獨立董事：顏聰玲
             /崑山科技大學房地產開發與管理系副教授
5.新任者姓名:
(1)獨立董事：蔡奇宏
(2)獨立董事：蔡淑貞
(3)獨立董事：張妍溱
(4)獨立董事：張慧蘭
6.新任者簡歷:
(1)獨立董事：蔡奇宏
             /珈品企業有限公司負責人
(2)獨立董事：蔡淑貞
             /八馬國際百貨(股)公司執行長
(3)獨立董事：張妍溱
             /丰成資源股份有限公司董事長
(4)獨立董事：張慧蘭
             /寶山生命科技股份有限公司內部稽核主管
7.異動情形（請輸入「辭職」、「解任」、「任期屆滿」、「逝世」或「新任」）:
任期屆滿
8.異動原因:任期屆滿，全面改選
9.原任期（例xx/xx/xx ~ xx/xx/xx）:112/06/28~115/06/27
10.新任生效日期:115/06/30
11.其他應敘明事項:
全體委員一致推舉蔡奇宏獨立董事為第三屆審計委員會召集人及會議主席。",material_event,NEUTRAL,LOW
,3011,今皓,公告本公司薪資報酬委員會委員任期屆滿異動,"1.發生變動日期:115/06/30
2.功能性委員會名稱:薪資報酬委員會
3.舊任者姓名:
(1)獨立董事:王恩國
(2)獨立董事:龔新傑
(3)徐世敏
4.舊任者簡歷:
(1)王恩國/天達諮詢顧問有限公司董事長
(2)龔新傑/環群商務法律事務所主持律師
(3)徐世敏/泰谷光電科技股份有限公司獨立董事
5.新任者姓名:
(1)獨立董事:王恩國
(2)獨立董事:龔新傑
(3)獨立董事:吳子祺
6.新任者簡歷:
(1)王恩國/天達諮詢顧問有限公司董事長
(2)龔新傑/環群商務法律事務所主持律師
(3)吳子祺/康儲聯合會計師事務所所長
7.異動情形（請輸入「辭職」、「解任」、「任期屆滿」、「逝世」或「新任」）:
任期屆滿
8.異動原因:任期屆滿改選。
9.原任期（例xx/xx/xx ~ xx/xx/xx）:112/07/19~115/06/28
10.新任生效日期:115/06/30~118/06/29
11.其他應敘明事項:無。",material_event,NEUTRAL,LOW
,6591,動力-KY,"代重要子公司UNITED STRATEGY INC公告董事會決議
分派股利","1.董事會決議日期:115/06/30
2.發放股利種類及金額:現金股利美金4,400,000元整
3.其他應敘明事項:無",material_event,POSITIVE,LOW
,6591,動力-KY,"代重要子公司UNITED STRATEGY INC公告決議股利配發
基準日","1.董事會、股東會決議或公司決定日期:115/06/30
2.除權、息類別（請填入「除權」、「除息」或「除權息」）:除息
3.發放股利種類及金額:現金股利美金4,400,000元
4.除權（息）交易日:NA
5.最後過戶日:NA
6.停止過戶起始日期:NA
7.停止過戶截止日期:NA
8.除權（息）基準日:115/06/30
9.其他應敘明事項:無",material_event,POSITIVE,LOW
,9906,欣巴巴,公告本公司第五屆薪酬委員會委員任期屆滿,"1.發生變動日期:115/06/30
2.功能性委員會名稱:薪酬委員會
3.舊任者姓名:
(1)獨立董事：王秀蘭
(2)獨立董事：張妍溱
(3)獨立董事：顏聰玲
4.舊任者簡歷:
(1)獨立董事：王秀蘭
             /美商ITW電子包裝材料及零件事業群(美商安天德百電(股)公司)財務長
(2)獨立董事：張妍溱
             /永丰成資源股份有限公司董事長
(3)獨立董事：顏聰玲
             /崑山科技大學房地產開發與管理系副教授
5.新任者姓名:待董事會委任
6.新任者簡歷:待董事會委任
7.異動情形（請輸入「辭職」、「解任」、「任期屆滿」、「逝世」或「新任」）:
任期屆滿
8.異動原因:任期屆滿
9.原任期（例xx/xx/xx ~ xx/xx/xx）:112/06/30~115/06/29
10.新任生效日期:尚待董事會委任
11.其他應敘明事項:無",material_event,NEUTRAL,LOW
,3011,今皓,公告本公司永續發展委員會委員任期屆滿異動,"1.發生變動日期:115/06/30
2.功能性委員會名稱:永續發展委員會
3.舊任者姓名:
 (1)董事:石浩吉
 (2)獨立董事:王恩國
 (3)陳文偉
4.舊任者簡歷:
 (1)石浩吉/本公司董事長
 (2)王恩國/天達諮詢顧問有限公司董事長
 (3)陳文偉/本公司總管理處副總
5.新任者姓名:
 (1)董事:石浩吉
 (2)獨立董事:王恩國
 (3)陳文偉
6.新任者簡歷:
 (1)石浩吉/本公司董事長
 (2)王恩國/天達諮詢顧問有限公司董事長
 (3)陳文偉/本公司總管理處副總
7.異動情形（請輸入「辭職」、「解任」、「任期屆滿」、「逝世」或「新任」）:
任期屆滿
8.異動原因:任期屆滿改選。
9.原任期（例xx/xx/xx ~ xx/xx/xx）:113/02/01~115/06/28
10.新任生效日期:115/06/30~118/06/29
11.其他應敘明事項:無。",material_event,NEUTRAL,LOW
,8438,昶昕,公告本公司決議訂定除息基準日,"1.董事會、股東會決議或公司決定日期:115/06/30
2.除權、息類別（請填入「除權」、「除息」或「除權息」）:除息
3.普通股發放股利種類及金額:普通股現金股利新台幣90,925,900元
 (每股分派現金股利1.3元)。
4.除權（息）交易日:115/07/15
5.最後過戶日:115/07/16
6.停止過戶起始日期:115/07/17
7.停止過戶截止日期:115/07/21
8.除權（息）基準日:115/07/21
9.債券最後申請轉換日期:不適用
10.債券停止轉換起始日期:不適用
11.債券停止轉換截止日期:不適用
12.普通股現金股利發放日期:115/08/07
13.其他應敘明事項:無",material_event,POSITIVE,LOW
,8438,昶昕,公告本公司資安主管異動,"1.人員變動別（請輸入發言人、代理發言人、重要營運主管(如:執行長、營運長、
行銷長及策略長等)、財務主管、會計主管、公司治理主管、資訊安全長、研發主管、
內部稽核主管或訴訟及非訟代理人）:資安主管
2.發生變動日期:115/06/30
3.舊任者姓名、級職及簡歷:不適用
4.新任者姓名、級職及簡歷:林竑志/本公司資訊部經理
5.異動情形（請輸入「辭職」、「職務調整」、「資遣」、「退休」、「死亡」、「新
任」或「解任」）:新任
6.異動原因:新任
7.生效日期:115/06/30
8.其他應敘明事項:新任資安主管於115年6月30日經本公司董事會決議通過任命。",material_event,NEGATIVE,HIGH
,9906,欣巴巴,公告本公司115年股東常會重要決議事項,"1.股東常會日期:115/06/30
2.重要決議事項一、盈餘分配或盈虧撥補:
通過承認本公司民國一一四年度盈餘分派案。
3.重要決議事項二、章程修訂:修訂本公司「公司章程」案。
4.重要決議事項三、營業報告書及財務報表:
通過承認本公司民國一一四年度營業報告書及財務報表案。
5.重要決議事項四、董監事選舉:本公司全面改選董事案。
6.重要決議事項五、其他事項:
(1)一一四年度盈餘轉增資發行新股案。
(2)本公司擬與巴森營造股份有限公司簽定「屏東縣長治鄉復興段525地號」
建築新建追加工程合約案
(3)修訂本公司「股東會議事規則」案
(4)解除本公司新任董事及其代表人競業行為之限制案
7.其他應敘明事項:無",material_event,NEUTRAL,LOW
,3550,聯穎,"代本公司之重要子公司聯穎電線電纜有限公司
公告董事會決議不發放股利事宜","1.董事會決議日期:115/06/30
2.發放股利種類及金額:董事會決議不發放股利
3.其他應敘明事項:無",material_event,POSITIVE,LOW
,9906,欣巴巴,公告本公司董事會推選董事長,"1.董事會決議日期或發生變動日期:115/06/30
2.人員別（請輸入董事長或總經理）:董事長
3.舊任者姓名:黃〝火冏〞輝
4.舊任者簡歷:欣巴巴事業股份有限公司董事長
5.新任者姓名:張宏圖
6.新任者簡歷:欣巴巴事業股份有限公司董事
7.異動情形（請輸入「辭職」、「解任」、「任期屆滿」、「職務調整」、「資遣」、
「退休」、「逝世」或「新任」）:任期屆滿
8.異動原因:全面改選董事，於同日推選董事長
9.新任生效日期:115/06/30
10.其他應敘明事項(若事件發生或決議之主體係屬公開發行以上公司，本則重大訊息同時
   符合證券交易法施行細則第7條第6款所定對股東權益或證券價格有重大影響之事項):無",material_event,NEUTRAL,LOW
,3550,聯穎,"代本公司之重要子公司百鴻金屬科技(安福)有限公司
公告董事會決議不發放股利事宜","1.董事會決議日期:115/06/30
2.發放股利種類及金額:董事會決議不發放股利
3.其他應敘明事項:無",material_event,POSITIVE,LOW
,3550,聯穎,"代本公司之重要子公司HOTEK TECHNOLOGY CORPORATION
公告董事會決議不發放股利事宜","1.董事會決議日期:115/06/30
2.發放股利種類及金額:董事會決議不發放股利
3.其他應敘明事項:無",material_event,POSITIVE,LOW
,9906,欣巴巴,公告本公司新任總裁案,"1.人員變動別（請輸入發言人、代理發言人、重要營運主管(如:執行長、營運長、
行銷長及策略長等)、財務主管、會計主管、公司治理主管、資訊安全長、研發主管、
內部稽核主管或訴訟及非訟代理人）:總裁
2.發生變動日期:115/06/30
3.舊任者姓名、級職及簡歷:不適用
4.新任者姓名、級職及簡歷:黃”火冏”輝/江城建設股份有限公司董事
5.異動情形（請輸入「辭職」、「職務調整」、「資遣」、「退休」、「死亡」、「新
任」或「解任」）:新任
6.異動原因:新任
7.生效日期:115/06/30
8.其他應敘明事項:
因應事業體規模擴大，由董事會委任黃”火冏”輝先生擔任總裁，借重其全方位之經
營管理經驗，持續協助公司整體營運發展及策略規劃。",material_event,NEGATIVE,HIGH
,3550,聯穎,"代本公司之重要子公司源富聯穎科技(深圳)有限公司
公告董事會決議不發放股利事宜","1.董事會決議日期:115/06/30
2.發放股利種類及金額:董事會決議不發放股利
3.其他應敘明事項:無",material_event,POSITIVE,LOW
,9906,欣巴巴,公告本公司總經理異動,"1.董事會決議日期或發生變動日期:115/06/30
2.人員別（請輸入董事長或總經理）:總經理
3.舊任者姓名:張宏圖
4.舊任者簡歷:欣巴巴事業股份有限公司總經理
5.新任者姓名:黃湘允
6.新任者簡歷:欣巴巴事業股份有限公司董事
7.異動情形（請輸入「辭職」、「解任」、「任期屆滿」、「職務調整」、「資遣」、
「退休」、「逝世」或「新任」）:職務調整
8.異動原因:原總經理經董事會推選擔任董事長，故卸任總經理職務
9.新任生效日期:115/06/30
10.其他應敘明事項(若事件發生或決議之主體係屬公開發行以上公司，本則重大訊息同時
   符合證券交易法施行細則第7條第6款所定對股東權益或證券價格有重大影響之事項):無",material_event,NEUTRAL,LOW
,3550,聯穎,"代本公司之重要子公司聯穎電線電纜(昆山)有限公司
公告董事會決議不發放股利事宜","1.董事會決議日期:115/06/30
2.發放股利種類及金額:董事會決議不發放股利
3.其他應敘明事項:無",material_event,POSITIVE,LOW
,1583,程泰,公告本公司重要營運主管異動,"1.人員變動別（請輸入發言人、代理發言人、重要營運主管(如:執行長、營運長、
行銷長及策略長等)、財務主管、會計主管、公司治理主管、資訊安全長、研發主管、
內部稽核主管或訴訟及非訟代理人）:營業處副處長
2.發生變動日期:115/06/30
3.舊任者姓名、級職及簡歷:彭文鴻/營業處副處長
4.新任者姓名、級職及簡歷:無
5.異動情形（請輸入「辭職」、「職務調整」、「資遣」、「退休」、「死亡」、「新
任」或「解任」）:退休
6.異動原因:退休
7.生效日期:115/06/30
8.其他應敘明事項:無",material_event,NEGATIVE,HIGH
,6933,AMAX-KY,公告本公司董事長決議配發現金股利基準日及調整配息率,"1.董事會、股東會決議或公司決定日期:115/06/30
2.除權、息類別（請填入「除權」、「除息」或「除權息」）:除息
3.普通股發放股利種類及金額:
原發放現金股利及金額:
現金股利總額新台幣105,838,250元，每股配發現金股利約新台幣2.5元。
變更後現金股利及金額:
現金股利總額新台幣105,838,250元，每股配發現金股利約新台幣2.49803315元。
4.除權（息）交易日:115/07/15
5.最後過戶日:115/07/16
6.停止過戶起始日期:115/07/17
7.停止過戶截止日期:115/07/21
8.除權（息）基準日:115/07/21
9.債券最後申請轉換日期:不適用
10.債券停止轉換起始日期:不適用
11.債券停止轉換截止日期:不適用
12.普通股現金股利發放日期:115/10/12
13.其他應敘明事項:
(1)依115年股東會及同年3月11日董事會授權董事長決定配息基準日辦理。
(2)嗣後如因本公司流通在外股份數量發生變動，配息率因此發生變動者，
由董事長依董事會授權辦理之。
(3)因員工認股權憑證行使認購普通股致有權參與配發之股數變動，
故調整現金股利之配息率。
(4)本公司為依據英屬開曼群島法律組織設立之公司，由於本公司為美國實
質營運個體 AMAX Engineering Corporation之100%控股公司，根據美國聯
邦所得稅之規定，本公司仍被視為美國公司，因此本公司應依據美國聯邦所
得稅原則計算之所得申報美國聯邦稅，故分派股利予非美國籍股東時，須扣
繳30%之美國聯邦所得稅，即股利自控股公司匯出時，本公司應先代扣繳非
美國籍投資人稅款；應扣繳的稅率依投資人的國籍及申報抵扣的程序有所
不同，最高應扣繳之稅率可達30%。",material_event,POSITIVE,LOW
,8033,雷虎,"係因本公司有價證券於集中交易市場達公布注意交易資訊標
準，故公布相關財務業務等重大訊息，以利投資人區別瞭解。","1.事實發生日:115/06/30
2.發生緣由:依臺灣證券交易所股份有限公司通知辦理。
3.財務業務資訊:
                          最近一月
科目                     115年5月           與去年同期增減(%)
                         (自結數)
營業收入(百萬元)             117                   -10%
稅前淨利(百萬元)              (9)                 -238%
本期淨利(百萬元)              (9)                 -214%
(歸屬母公司業主權益)
每股盈餘(元)                (0.06)                -214%
                          最近一季
科目                    115第一季           與去年同期增減(%)
                          (查核數)
營業收入(百萬元)             375                    12%
稅前淨利(百萬元)              52                    27%
本期淨利(百萬元)              52                    41%
(歸屬母公司業主權益)
每股盈餘(元)                 0.34                   36%
                        最近四季累計
科目               114年第二季至115年第一季 與去年同期增減(%)
                          (查核數)
營業收入(百萬元)           1,464                    13%
稅前淨利(百萬元)              96                   -12%
本期淨利(百萬元)             103                    21%
(歸屬母公司業主權益)
每股盈餘(元)                 0.67                   16%
4.有無「臺灣證券交易所股份有限公司對有價證券上市公司重大訊息之查證暨公開處理
  程序」第4條所列重大訊息之情事（如「有」，請說明）:無。
5.有無「臺灣證券交易所股份有限公司對有價證券上市公司重大訊息之查證暨公開處理
  程序」第11條所列重大訊息說明記者會之情事:無。
6.完整財務資訊請至公開資訊觀測站查閱，路徑如下：
(1)近期營業收入及損益資訊：基本資料>精華版
(2)歷史每月營業收入：營運概況>每月營收>採用IFRSs後之月營業收入資訊
(3)歷史損益(會計師查核/核閱數)：財務報表>採IFRSs後>合併/個別報表>綜合損益表
(4)歷史損益(自願性公告自結數)：營運概況>自結損益公告:
7.其他應敘明事項:115年5月為自結報表，營業外收支包含當期長短期投資及匯率之
變化，實際以會計師查核數為準。",material_event,NEUTRAL,LOW
,5283,禾聯碩,公告本公司總經理退休,"1.董事會決議日期或發生變動日期:115/06/30
2.人員別（請輸入董事長或總經理）:總經理
3.舊任者姓名:林欽宏
4.舊任者簡歷:本公司總經理
5.新任者姓名:不適用
6.新任者簡歷:不適用
7.異動情形（請輸入「辭職」、「解任」、「任期屆滿」、「職務調整」、「資遣」、
「退休」、「逝世」或「新任」）:退休
8.異動原因:退休
9.新任生效日期:不適用
10.其他應敘明事項(若事件發生或決議之主體係屬公開發行以上公司，本則重大訊息同時
   符合證券交易法施行細則第7條第6款所定對股東權益或證券價格有重大影響之事項):
(1)總經理林欽宏先生於115/06/30退休，其職務由營業總經理洪堯鴻先生暫代。
(2)新任總經理待董事會任命後另行公告。",material_event,NEUTRAL,LOW
,7749,意騰-KY,代重要子公司賽微科技股份有限公司公告114年度除息基準日,"1.董事會、股東會決議或公司決定日期:115/06/30
2.除權、息類別（請填入「除權」、「除息」或「除權息」）:除息
3.發放股利種類及金額:盈餘分配普通股現金股利新台幣37,974,463元
4.除權（息）交易日:NA
5.最後過戶日:115/07/17
6.停止過戶起始日期:115/07/18
7.停止過戶截止日期:115/07/22
8.除權（息）基準日:115/07/22
9.其他應敘明事項:無",material_event,POSITIVE,LOW
,7749,意騰-KY,公告本公司114年度股利分派除息基準日,"1.董事會、股東會決議或公司決定日期:115/06/30
2.除權、息類別（請填入「除權」、「除息」或「除權息」）:除息
3.普通股發放股利種類及金額:
 現金股利：每股9元，計新台幣418,371,552元。
4.除權（息）交易日:115/07/16
5.最後過戶日:115/07/17
6.停止過戶起始日期:115/07/18
7.停止過戶截止日期:115/07/22
8.除權（息）基準日:115/07/22
9.債券最後申請轉換日期:不適用
10.債券停止轉換起始日期:不適用
11.債券停止轉換截止日期:不適用
12.普通股現金股利發放日期:115/08/12
13.其他應敘明事項:無",material_event,POSITIVE,LOW
,8105,凌巨,"公告本公司董事缺額達三分之一，依公司法第201條將於
六十日內召開股東臨時會辦理補選","1.事實發生日:115/06/30
2.公司名稱:凌巨科技股份有限公司
3.與公司關係(請輸入本公司或子公司):本公司
4.相互持股比例:不適用
5.發生緣由:日商凸版控股株式會社轉讓凌巨私募股權
6.因應措施:依公司法第201條將於六十日內召開股東臨時會辦理補選
7.其他應敘明事項(若事件發生或決議之主體係屬公開發行以上公司，本則重大訊息同時
  符合證券交易法施行細則第7條第9款所定對股東權益或證券價格有重大影響之事項):
無",material_event,NEUTRAL,LOW
,1216,統一,"代重要子公司康達盛通生活事業股份有限公司
公告總經理任期屆滿","1.董事會決議日期或發生變動日期:115/06/30
2.人員別（請輸入董事長或總經理）:總經理
3.舊任者姓名:王俊超
4.舊任者簡歷:康達盛通生活事業股份有限公司總經理
5.新任者姓名:王俊超
6.新任者簡歷:康達盛通生活事業股份有限公司總經理
7.異動情形（請輸入「辭職」、「解任」、「任期屆滿」、「職務調整」、「資遣」、
「退休」、「逝世」或「新任」）:任期屆滿
8.異動原因:任期屆滿
9.新任生效日期:115/06/30
10.其他應敘明事項(若事件發生或決議之主體係屬公開發行以上公司，本則重大訊息同時
   符合證券交易法施行細則第7條第6款所定對股東權益或證券價格有重大影響之事項):無",material_event,NEUTRAL,LOW
,2365,昆盈,公告本公司訂定除息基準日,"1.董事會、股東會決議或公司決定日期:115/06/30
2.除權、息類別（請填入「除權」、「除息」或「除權息」）:除息
3.普通股發放股利種類及金額:
普通股現金股利新台幣NT$66,458,549元(每股配發0.30元)
4.除權（息）交易日:115/07/16
5.最後過戶日:115/07/17
6.停止過戶起始日期:115/07/18
7.停止過戶截止日期:115/07/22
8.除權（息）基準日:115/07/22
9.債券最後申請轉換日期:不適用
10.債券停止轉換起始日期:不適用
11.債券停止轉換截止日期:不適用
12.普通股現金股利發放日期:115/08/11
13.其他應敘明事項:無",material_event,POSITIVE,LOW
,4572,駐龍,公告本公司調整配息率,"1.董事會或股東會決議日期:115/06/30
2.原發放股利種類及金額:
現金股利新台幣200,000,000元
每股配發新台幣5元
3.變更後發放股利種類及金額:
現金股利新台幣200,000,000元
每股配發新台幣4.99766621元
4.變更原因:因本公司無擔保可轉換公司債之行使，致影響本公司流通在外
普通股股數，依115年03月04日董事會決議，授權董事長調整配息率。
5.其他應敘明事項:無。",material_event,POSITIVE,LOW
,3138,耀登,公告本公司資訊安全專責主管異動,"1.人員變動別（請輸入發言人、代理發言人、重要營運主管(如:執行長、營運長、
行銷長及策略長等)、財務主管、會計主管、公司治理主管、資訊安全長、研發主管、
內部稽核主管或訴訟及非訟代理人）:資訊安全專責主管
2.發生變動日期:115/06/30
3.舊任者姓名、級職及簡歷:袁宗瀚，耀登科技(股)公司資訊部經理。
4.新任者姓名、級職及簡歷:新任資訊安全專責主管尚待董事會決議通過，
後續將依規定另行公告。
5.異動情形（請輸入「辭職」、「職務調整」、「資遣」、「退休」、「死亡」、「新
任」或「解任」）:辭職。
6.異動原因:辭職。
7.生效日期:115/07/01
8.其他應敘明事項:無。",material_event,NEGATIVE,HIGH
,7827,漢康-KY創,"公告本公司收到美國 FDA Type C 會議正式紀錄，
支持 HCB101 於二線胃癌／胃食管結合部癌之後續開發方向。","1.事實發生日:115/06/30
2.公司名稱:HanchorBio Inc.(中譯：英屬開曼群島商漢康生技股份有限公司)
3.與公司關係(請輸入本公司或子公司):本公司
4.相互持股比例:不適用
5.發生緣由:本公司今日收到美國食品藥物管理局（U.S. FDA）就 HCB101
一期臨床試驗後續開發策略召開之 Type C 會議正式紀錄。
會議紀錄敘明 HCB101 後續於二線胃癌／胃食管結合部癌之開發方向，
並為公司後續與 FDA 溝通提供依據。
根據 FDA 會議紀錄，FDA 對本公司將近期開發重點
由單藥治療 RP2D（第二期建議劑量）宣告，轉向預先規劃並系統性評估
每兩週一次（Q2W）聯合治療劑量與給藥時程之規劃，未提出異議。
會議紀錄亦指出，持續探索 HCB101 與雷莫蘆單抗（ramucirumab）及
紫杉醇（paclitaxel）之聯合治療劑量具合理性；
同時，在此治療情境下，後續以總存活期（OS）作為主要終點、
並推進以未來申請上市為目標之第三期臨床試驗，為合適的開發方向。
6.因應措施:本公司將依 FDA 會議紀錄之內容，納入 HCB101 後續臨床開發規劃，
包括劑量／給藥時程探索之試驗計畫書優化、二b期導入階段劑量優化、
安全性特徵確認，以及未來臨床研究申請所需之第二／三期主試驗計畫統計架構。
7.其他應敘明事項(若事件發生或決議之主體係屬公開發行以上公司，本則重大訊息同時
  符合證券交易法施行細則第7條第9款所定對股東權益或證券價格有重大影響之事項):
(1)新藥研發時程長、投入經費高，且臨床試驗結果具高度不確定性，
   投資人應審慎判斷謹慎投資。
(2)本公告係說明本公司新藥研發進展，對本公司財務及業務尚無重大立即影響。",material_event,NEUTRAL,LOW
,4532,瑞智,"代重要子公司瑞智(九江)精密機電有限公司
公告董事會決議2025年度盈餘分配案","1.董事會決議日期:115/06/30
2.發放股利種類及金額:無。
3.其他應敘明事項:董事會決議2025年度盈餘不予以分配。",material_event,POSITIVE,LOW
,4137,麗豐-KY,"代子公司公告：(BVI) Chlitina Group Limited等子公司
公告決議配發現金股息之相關事宜","1.董事會決議日期:115/06/30
2.發放股利種類及金額:發放現金股息美金850,000元，依投資架構再分配至
 最終控股公司。
3.其他應敘明事項:
(1)本案之現金股息美金850,000元，依投資架構分配程序如下：
   由 (BVI) Chlitina Intelligence Limited Taiwan Branch→
   (BVI) Chlitina Intelligence Limited→(BVI) Chlitina Group Limited
   →本公司。
(2)以上各子公司均為本公司100%持有之子公司。",material_event,POSITIVE,LOW
,3041,揚智,本公司115年股東常會重要決議事項,"1.股東常會日期:115/06/30
2.重要決議事項一、盈餘分配或盈虧撥補:承認民國一百一十四年度虧損撥補案，
決議不分派股東股息紅利。
3.重要決議事項二、章程修訂:無。
4.重要決議事項三、營業報告書及財務報表:
承認民國一百一十四年度營業報告書及財務報告案。
5.重要決議事項四、董監事選舉:無。
6.重要決議事項五、其他事項:
(1)本公司辦理私募有價證券案:通過。
(2)本公司發行限制員工權利新股案:通過。
7.其他應敘明事項:無。",material_event,NEGATIVE,HIGH
,2356,英業達,公告本公司董事會決議通過，擬購置廠務工程及研發設備,"1.標的物之名稱及性質（如坐落台中市北區ＸＸ段ＸＸ小段土地）:
桃園大溪廠區之廠務工程及研發設備
2.事實發生日:115/6/30~115/6/30
3.董事會通過日期: 民國115年6月30日
4.其他核決日期: 不適用
5.交易單位數量（如ＸＸ平方公尺，折合ＸＸ坪）、每單位價格及交易總金額:
台幣 1,197百萬元
6.交易相對人及其與公司之關係（交易相對人如屬自然人，且非公司之關
係人者，得免揭露其姓名）:
金展空調股份有限公司、金運科技股份有限公司、
深圳市英維克科技股份有限公司、尹鑽科技有限公
司等(非關係人)
7.交易相對人為關係人者，並應公告選定關係人為交易對象之原因及前次移轉之
所有人、前次移轉之所有人與公司及交易相對人間相互之關係、前次移轉日期
及移轉金額:
不適用
8.交易標的最近五年內所有權人曾為公司之關係人者，尚應公告關係
人之取得及處分日期、價格及交易當時與公司之關係:
不適用
9.預計處分利益（或損失）（取得資產者不適用）（遞延者應列表說明
認列情形）:
不適用
10.交付或付款條件（含付款期間及金額）、契約限制條款及其他重要約定
事項:
依訂單條件付款
11.本次交易之決定方式（如招標、比價或議價）、價格決定之參考依據及
決策單位:
(1)決定方式：議價
(2)價格決定之參考依據：廠商提供之報價單及市場行情
(3)決策單位：董事會
12.專業估價者事務所或公司名稱及其估價金額:
不適用
13.專業估價師姓名:
不適用
14.專業估價師開業證書字號:
不適用
15.估價報告是否為限定價格、特定價格或特殊價格:否或不適用
16.是否尚未取得估價報告:否或不適用
17.尚未取得估價報告之原因:
不適用
18.估價結果有重大差異時，其差異原因及會計師意見:
不適用
19.會計師事務所名稱:
不適用
20.會計師姓名:
不適用
21.會計師開業證書字號:
不適用
22.經紀人及經紀費用:
不適用
23.取得或處分之具體目的或用途:
業務擴展需要
24.本次交易表示異議之董事之意見:
無
25.本次交易為關係人交易:否
26.監察人承認或審計委員會同意日期:
不適用
27.本次交易係向關係人取得不動產或其使用權資產:否
28.依「公開發行公司取得或處分資產處理準則」第十六條規定
評估之價格:不適用
29.依前項評估之價格較交易價格為低者，依同準則第十七條規
定評估之價格:不適用
30.前已就同一件事件發布重大訊息日期: 不適用
31.其他敘明事項:
無",material_event,NEGATIVE,HIGH
,8499,鼎炫-KY,代子公司隆揚電子(昆山)股份有限公司公告處分存款理財產品,"1.標的物之名稱及性質（屬特別股者，並應標明特別股約定發行條件，如股息率等）:
共&#36194;慧信黃金掛鉤&#12040;&#11936;幣結構性存款 A32709 期 C26A32709
中信建投收益憑證“看漲寶”945 期
2.事實發生日:115/6/30~115/6/30
3.董事會通過日期: 不適用
4.其他核決日期:
核決層級:依公司核決權限辦理
民國115年06月30日
5.交易數量、每單位價格及交易總金額:
A32709 期 C26A32709  89天：&#12040;&#11936;幣4000萬元
看漲寶”945 期        186天：&#12040;&#11936;幣2000萬元
6.交易相對人及其與公司之關係（交易相對人如屬自然人，且非公司之
關係人者，得免揭露其姓名）:
中信銀&#12175;股份有限公司；與本公司關係：無
中信建投證券股份有限公司；與本公司關係：無
7.交易相對人為關係人者，並應公告選定關係人為交易對象之原因及前次移
轉之所有人、前次移轉之所有人與公司及交易相對人間相互之關係、前次
移轉日期及移轉金額:
不適用
8.交易標的最近五年內所有權人曾為公司之關係人者，尚應公告關係人之取
得及處分日期、價格及交易當時與公司之關係:
不適用
9.本次係處分債權之相關事項（含處分之債權附隨擔保品種類、處分債權
如有屬對關係人債權者尚需公告關係人名稱及本次處分該關係人之債權
帳面金額:
不適用
10.處分利益（或損失）（取得有價證券者不適用）（原遞延者應列表說明
認列情形）:
約台幣1455仟元
11.交付或付款條件（含付款期間及金額）、契約限制條款及其他重要約定
事項:
一次付清
12.本次交易之決定方式、價格決定之參考依據及決策單位:
依公司核決權限辦理
13.取得或處分有價證券標的公司每股淨值:
不適用
14.迄目前為止，累積持有本交易證券（含本次交易）之數量、金額、持股
比例及權利受限情形（如質押情形）:
數量：不適&#12132;
&#12198;額：&#12040;&#11936;幣6,000萬
持股&#12112;例：不適&#12132;
權利受限情形：無
累計持有&#12198;額：&#12040;&#11936;幣6,000萬
15.迄目前為止，依「公開發行公司取得或處分資產處理準則」第三條所列
之有價證券投資（含本次交易）占公司最近期財務報表中總資產及歸屬
於母公司業主之權益之比例暨最近期財務報表中營運資金數額（註二）:
(1)占總資產&#12112;例：25.061%
(2)占歸屬於&#11935;公司業主之權益&#12112;例：48.866%
(3)營運資&#12198;數額：新台幣6,975,964仟元
16.經紀人及經紀費用:
不適用
17.取得或處分之具體目的或用途:
短期投資
18.本次交易表示異議董事之意見:
不適用
19.本次交易為關係人交易:否
20.監察人承認或審計委員會同意日期:
不適用
21.本次交易會計師出具非合理性意見:不適用
22.會計師事務所名稱:
不適用
23.會計師姓名:
不適用
24.會計師開業證書字號:
不適用
25.是否涉及營運模式變更:否
26.營運模式變更說明:
不適用
27.過去一年及預計未來一年內與交易相對人交易情形:
不適用
28.資金來源:
自有資金
29.前已就同一件事件發布重大訊息日期: 不適用
30.其他敘明事項:
無",material_event,NEGATIVE,HIGH
,8499,鼎炫-KY,代&#12070;公司隆揚電&#12070;(昆&#12077;)股份有限公司公告取得結構式存款理財產品,"1.標的物之名稱及性質（屬特別股者，並應標明特別股約定發行條件，如股息率等）:
共&#36194;慧信匯率掛鉤人民幣結構性存款 A40154 期
2.事實發生日:115/6/30~115/6/30
3.董事會通過日期: 不適用
4.其他核決日期:
核決層級:依公司核決權限辦理
民國115年06月30日
5.交易數量、每單位價格及交易總金額:
A40154 期 62 天：人民幣4000萬元
6.交易相對人及其與公司之關係（交易相對人如屬自然人，且非公司之
關係人者，得免揭露其姓名）:
交易相對&#12040;：中信銀&#12175;股份有限公司；與本公司關係：無
7.交易相對人為關係人者，並應公告選定關係人為交易對象之原因及前次移
轉之所有人、前次移轉之所有人與公司及交易相對人間相互之關係、前次
移轉日期及移轉金額:
不適&#12132;
8.交易標的最近五年內所有權人曾為公司之關係人者，尚應公告關係人之取
得及處分日期、價格及交易當時與公司之關係:
不適&#12132;
9.本次係處分債權之相關事項（含處分之債權附隨擔保品種類、處分債權
如有屬對關係人債權者尚需公告關係人名稱及本次處分該關係人之債權
帳面金額:
不適&#12132;
10.處分利益（或損失）（取得有價證券者不適用）（原遞延者應列表說明
認列情形）:
不適&#12132;
11.交付或付款條件（含付款期間及金額）、契約限制條款及其他重要約定
事項:
&#12032;次付清
12.本次交易之決定方式、價格決定之參考依據及決策單位:
依公司核決權限辦理。
13.取得或處分有價證券標的公司每股淨值:
不適用
14.迄目前為止，累積持有本交易證券（含本次交易）之數量、金額、持股
比例及權利受限情形（如質押情形）:
數量：不適用
金額：人民幣4000萬元
持股比例：不適用
權利受限情形：無
累計持有金額：人民幣4000萬元
15.迄目前為止，依「公開發行公司取得或處分資產處理準則」第三條所列
之有價證券投資（含本次交易）占公司最近期財務報表中總資產及歸屬
於母公司業主之權益之比例暨最近期財務報表中營運資金數額（註二）:
(1)占總資產&#12112;例：25.061%
(2)占歸屬於&#11935;公司業主之權益&#12112;例：48.866%
(3)營運資&#12198;數額：新台幣6,975,964仟元
16.經紀人及經紀費用:
不適&#12132;
17.取得或處分之具體目的或用途:
短期投資
18.本次交易表示異議董事之意見:
不適&#12132;
19.本次交易為關係人交易:否
20.監察人承認或審計委員會同意日期:
不適用
21.本次交易會計師出具非合理性意見:不適用
22.會計師事務所名稱:
不適用
23.會計師姓名:
不適用
24.會計師開業證書字號:
不適用
25.是否涉及營運模式變更:否
26.營運模式變更說明:
不適用
27.過去一年及預計未來一年內與交易相對人交易情形:
不適用
28.資金來源:
自有資金
29.前已就同一件事件發布重大訊息日期: 不適用
30.其他敘明事項:
無",material_event,NEGATIVE,HIGH
,4960,誠美材,公告本公司115年股東常會重要決議事項,"1.股東常會日期:115/06/30
2.重要決議事項一、盈餘分配或盈虧撥補:
未經表決完成承認民國 114年度虧損撥補案；惟就部分投票權數，疑違反
證交法43條之1及企併法27條等相關規定事項，移送予主管機關調查有無表決權。
3.重要決議事項二、章程修訂:無。
4.重要決議事項三、營業報告書及財務報表:
未經表決完成承認民國 114年度營業報告書及財務報表案；惟就部分投票權數，疑違
反證交法43條之1及企併法27條等相關規定事項，移送予主管機關調查有無表決權。
5.重要決議事項四、董監事選舉:無。
6.重要決議事項五、其他事項:無。
7.其他應敘明事項:無。",material_event,NEGATIVE,HIGH
,6442,光聖,公告本公司現金股利配息基準日及調整配息率(修正及補充說明),"1.董事會、股東會決議或公司決定日期:115/06/30
2.除權、息類別（請填入「除權」、「除息」或「除權息」）:除息
3.普通股發放股利種類及金額:
(1)原發放股利種類及金額:
   普通股現金股利NT$918,904,798，每股配發現金11.80元
(2)變更後發放股利種類及金額:
   普通股現金股利NT$918,904,798，每股配發現金11.25866649元
4.除權（息）交易日:115/07/15
5.最後過戶日:115/07/16
6.停止過戶起始日期:115/07/17
7.停止過戶截止日期:115/07/21
8.除權（息）基準日:115/07/21
9.債券最後申請轉換日期:不適用
10.債券停止轉換起始日期:不適用
11.債券停止轉換截止日期:不適用
12.普通股現金股利發放日期:115/08/11
13.其他應敘明事項:
本公司因可轉換公司債持有人申請轉換普通股，致流通在外股數增加",material_event,POSITIVE,LOW
,1229,聯華,"代重要子公司聯華置產(股)公司公告董事會決議
不分派115年第1季股利","1.董事會決議日期:115/06/30
2.發放股利種類及金額:不分派股利。
3.其他應敘明事項:無。",material_event,POSITIVE,LOW
,1432,大魯閣,公告本公司召開115年法人說明會相關資訊,"符合條款第四條第XX款：12
事實發生日：115/07/02
1.召開法人說明會之日期：115/07/02
2.召開法人說明會之時間：15 時 30 分 
3.召開法人說明會之地點：臺灣證券交易所1樓資訊展示中心 (台北市信義區信義路五段7號1樓)
4.法人說明會擇要訊息：完整資訊請至公開資訊觀測站或本公司網站查閱
5.其他應敘明事項：完整資訊請至公開資訊觀測站或本公司網站查閱
完整財務業務資訊請至公開資訊觀測站之法人說明會一覽表或法說會項目下查閱。",material_event,NEUTRAL,LOW
,3037,欣興,"代子公司欣興同泰科技(昆山)有限公司公告，
董事會決議依據國際會計準則第36號公報認列資產減損。","1.事實發生日:115/06/30
2.公司名稱:欣興同泰科技(昆山)有限公司
3.與公司關係(請輸入本公司或子公司):子公司
4.相互持股比例:100%
5.發生緣由:
鑑於子公司欣興同泰科技(昆山)有限公司，近年營運呈現明顯虧損，
依據國際會計準則第36號公報之規定，提列資產減損共計人民幣約2.95億元，
並將於115年第二季進行認列。此金額係為預估，實際金額將以會計師核閱數為準。
6.因應措施:無
7.其他應敘明事項(若事件發生或決議之主體係屬公開發行以上公司，本則重大訊息同時
  符合證券交易法施行細則第7條第9款所定對股東權益或證券價格有重大影響之事項):
本次認列減損損失，因不涉及現金流量，對公司營運資金並無影響。",material_event,NEGATIVE,HIGH
,8021,尖點,公告本公司調整配息率,"1.董事會或股東會決議日期:NA
2.原發放股利種類及金額:
現金股利：新台幣290,084,934元(每股配發新台幣2.0元)
3.變更後發放股利種類及金額:
現金股利：新台幣290,084,934元(每股配發新台幣1.97218527元)
4.變更原因:
因本公司發行可轉換公司債，致影響可參與權利分派
之流通在外股數，故調整配息率。
5.其他應敘明事項:
依本公司115/05/26股東常會決議，授權董事長調整配息率。",material_event,POSITIVE,LOW
,6176,瑞儀,公告本公司訂定現金減資基準日,"1.董事會決議日期:NA
2.減資基準日:115/07/01
3.減資換發股票作業計畫:NA
4.換發股票基準日:NA
5.停止過戶起始日期:NA
6.停止過戶截止日期:NA
7.減資後新股權利義務:與原發行普通股股份相同
8.新股預計上市日:NA
9.預計減資新股上市後之上市普通股股數:348,770,447股
10.預計減資新股上市後之上市普通股股數占已發行普通股比率
 （減資後上市普通股股數/減資後已發行普通股股數）:100%
11.前二項預計減資後上巿普通股股數未達6000萬股且未達25%者，
  請說明股權流通性偏低之因應措施:不適用
12.其他應敘明事項:
(1)本公司於115年5月27日股東常會決議通過現金減資新台幣1,162,568,160元，
   銷除股份116,256,816股。本案業經臺灣證券交易所股份有限公司115年6月29日
   臺證上一字第1151802606號函申報生效在案。
(2)上述減資基準日俟呈奉經濟部核准資本額變更登記後，向臺灣證券交易所股份有
   限公司提報減資換股計畫，俟其核備後，即依該計畫辦理減資換發股票作業。
(3)依115年5月27日股東常會決議授權董事長訂定減資基準日及減資換股基準日等相
   關作業事宜。本次減資換發股票時程及程序，將俟訂定後另行公告。",material_event,NEUTRAL,LOW
,2308,台達電,"本公司代子公司Delta Electronics Int'l (Singapore)
Pte. Ltd.公告115年股東常會重要決議事項","1.股東常會日期:115/06/30
2.重要決議事項一、盈餘分配或盈虧撥補:無
3.重要決議事項二、章程修訂:無
4.重要決議事項三、營業報告書及財務報表:承認2025年董事報告、財務報告及
會計師查核報告書
5.重要決議事項四、董監事選舉:選任董事
6.重要決議事項五、其他事項:
(1)通過訂定取得或處分資產處理程序案
(2)通過會計師聘任案
7.其他應敘明事項:無",material_event,NEGATIVE,HIGH
,2395,研華,"代子公司Advantech Japan Co., Ltd.(簡稱AJP)公告處分不動產
(補充115/4/30公告)","1.標的物之名稱及性質（如坐落台中市北區ＸＸ段ＸＸ小段土地）:
坐落東京都台東區淺草六丁目之土地及建物
2.事實發生日:115/6/30~115/6/30
3.董事會通過日期: 民國115年4月30日
4.其他核決日期: 不適用
5.交易單位數量（如ＸＸ平方公尺，折合ＸＸ坪）、每單位價格及交易總金額:
土地：368.41平方公尺
建物：1,648.07平方公尺
預計交易總金額日圓1,810,000,000元(約NTD363,810,000元)
6.交易相對人及其與公司之關係（交易相對人如屬自然人，且非公司之關
係人者，得免揭露其姓名）:
Sekisui House Real Estate, Ltd.；非關係人
7.交易相對人為關係人者，並應公告選定關係人為交易對象之原因及前次移轉之
所有人、前次移轉之所有人與公司及交易相對人間相互之關係、前次移轉日期
及移轉金額:
不適用
8.交易標的最近五年內所有權人曾為公司之關係人者，尚應公告關係
人之取得及處分日期、價格及交易當時與公司之關係:
不適用
9.預計處分利益（或損失）（取得資產者不適用）（遞延者應列表說明
認列情形）:
預估處分利益日圓9.3億元(依會計師查核簽證報表為準)
10.交付或付款條件（含付款期間及金額）、契約限制條款及其他重要約定
事項:
依買賣契約規定辦理
11.本次交易之決定方式（如招標、比價或議價）、價格決定之參考依據及
決策單位:
交易之決定方式：招標
價格決定之參考依據：參考市場行情與專業估價報告
決策單位：董事會授權董事長以不低於特定價格以上出售
12.專業估價者事務所或公司名稱及其估價金額:
第一太平戴維斯不動產估價師事務所，日圓1,010,000,000元
13.專業估價師姓名:
張宏楷
14.專業估價師開業證書字號:
不動產估價師證書證號：(96)台內估字第000294號
15.估價報告是否為限定價格、特定價格或特殊價格:否或不適用
16.是否尚未取得估價報告:否或不適用
17.尚未取得估價報告之原因:
不適用
18.估價結果有重大差異時，其差異原因及會計師意見:
不適用
19.會計師事務所名稱:
不適用
20.會計師姓名:
不適用
21.會計師開業證書字號:
不適用
22.經紀人及經紀費用:
依委託買賣契約辦理
23.取得或處分之具體目的或用途:
活化資產
24.本次交易表示異議之董事之意見:
無
25.本次交易為關係人交易:否
26.監察人承認或審計委員會同意日期:
民國115年04月30日
27.本次交易係向關係人取得不動產或其使用權資產:否
28.依「公開發行公司取得或處分資產處理準則」第十六條規定
評估之價格:不適用
29.依前項評估之價格較交易價格為低者，依同準則第十七條規
定評估之價格:不適用
30.前已就同一件事件發布重大訊息日期:
115年4月30日
31.其他敘明事項:
1.原公告已於115年4月30日申報，本次為交易條件確定之補充公告。
2.以JPY/NTD=0.201匯率換算約當台幣數。",material_event,NEGATIVE,HIGH
,2891,中信金,"代子公司台灣人壽保險(股)公司
公告董事會代行股東會重要決議事項。","1.股東常會日期:115/06/30
2.重要決議事項一、盈餘分配或盈虧撥補:承認本公司114年度盈餘分派案。
3.重要決議事項二、章程修訂:無
4.重要決議事項三、營業報告書及財務報表:承認本公司114年度營業報告書
及財務報表(含個體及合併財務報表)。
5.重要決議事項四、董監事選舉:無
6.重要決議事項五、其他事項:無
7.其他應敘明事項:董事會代行股東會職權。",material_event,NEUTRAL,LOW
,2891,中信金,"代子公司台灣人壽公告董事會決議修改114年度盈餘分派案
(更新115年4月30日公告)","1.董事會決議日期:115/06/30
2.發放股利種類及金額:
(1)現金股利：NT$ 2,000,000,000元
(2)股票股利：NT$ 0元
3.其他應敘明事項:
本案變更4/30通過之盈餘分派案，現金股利發放已取得主管機關核准",material_event,POSITIVE,LOW
,2891,中信金,代子公司台灣人壽公告董事會決議發行累積次順位公司債。,"1.董事會決議日期:115/06/30
2.名稱﹝XX公司第X次（有、無）擔保公司債﹞:
台灣人壽保險股份有限公司115年度累積次順位公司債。
3.是否採總括申報發行公司債(是/否):否。
4.發行總額:不超過新臺幣200億元整(或等值外幣)，於境內及/或透過本公司百分之百持
有之國外籌資事業(Taiwan Life Singapore Pte. Ltd.)於境外，依市場狀況需求一次
或分次發行。
5.每張面額:每張面額暫定為新臺幣壹佰萬元整(若發行外幣時，則視市場狀況而定)。
6.發行價格:依票面金額十足發行。
7.發行期間:10年(含)以上。
8.發行利率:授權董事長或其指定之人視發行時市場狀況訂定。
9.擔保品之種類、名稱、金額及約定事項:無。
10.募得價款之用途及運用計畫:充實營運資金、強化財務結構及提升資本適足率。
11.承銷方式:授權董事長或其指定之人決定之。
12.公司債受託人:授權董事長或其指定之人決定之。
13.承銷或代銷機構:授權董事長或其指定之人決定之。
14.發行保證人:若透過本公司百分之百持有之國外籌資事業發行者，將由本公司對該債
券提供保證。
15.代理還本付息機構:授權董事長或其指定之人決定之。
16.簽證機構:無。
17.能轉換股份者，其轉換辦法:不適用。
18.賣回條件:無。
19.買回條件:授權董事長或其指定之人決定之。
20.附有轉換、交換或認股者，其換股基準日:不適用。
21.附有轉換、交換或認股者，對股權可能稀釋情形:不適用。
22.現金減資後再行募資之合理性及必要性
(募資當年度及前一年度有辦理現金減資者適用):不適用。
23.其他應敘明事項:
(1)本次發行公司債於向主管機關申報發行生效後，將向中華民國證券櫃檯買賣中心或
其他境外交易所申請買賣。
(2)本次公司債之發行條件等相關事宜，授權董事長或其指定之人依法全權處理。",material_event,NEUTRAL,LOW
,5215,科嘉-KY,"代子公司蘇州嘉吉/科德/嘉財/艾普來/百宏/嘉皇/嘉駿 
公告一年內累積處分同一有價證券達實收資本額20%","1.證券名稱:
上海證券交易所一天期國債逆回購GC001，代碼204001
2.交易日期:115/6/30~115/6/30
3.董事會通過日期: 不適用
4.其他核決日期:
核決層級:董事長核決
民國115年6月30日
5.交易數量、每單位價格及交易總金額:
艾普來：86,420單位，均價：1.735%，
百宏：103,580單位，均價：1.730%，
嘉財：408,080單位，均價：1.715%，
嘉皇：220,370單位，均價：1.730%
嘉吉：121,010單位，均價：1.715%
科德：203,190單位，均價：1.715%，
嘉駿：361,650單位，均價：1.730%，
總金額：150,437仟元，(約新台幣691,970千元)
6.處分利益（或損失）（取得有價證券者不適用）:
處份利益人民幣7仟元
7.與交易標的公司之關係:
非關係人
8.迄目前為止，累積持有本交易證券（含本次交易）之數量、金額、持股
比例及權利受限情形（如質押情形）:
蘇州艾普來 無
蘇州百宏 無
蘇州嘉財電子 無
蘇州嘉皇電子 無
蘇州嘉吉電子 無
蘇州科德 無
重慶嘉駿 無
質押情形：無
9.迄目前為止，依「公開發行公司取得或處分資產處理準則」第三條所列之有價證券投
資（含本次交易）占公司最近期財務報表中總資產及歸屬於母公司業主之權益之比例
暨最近期財務報表中營運資金數額:
總資產之比例：13.90%
占股東權益之比例：19.36%
營運資金：新台幣2,612,388仟元
10.取得或處分之具體目的:
投資理財
11.本次交易表示異議董事之意見:
無
12.本次交易為關係人交易:
否
13.交易相對人及其與公司之關係:
不適用
14.監察人承認或審計委員會同意日期:
不適用
15.前已就同一件事件發布重大訊息日期: 不適用
16.其他敘明事項:
無",material_event,NEGATIVE,HIGH
,5215,科嘉-KY,"代子公司蘇州嘉吉/科德/嘉財/艾普來/百宏/嘉皇/嘉駿 
公告一年內累積取得同一有價證券達實收資本額20%","1.證券名稱:
上海證券交易所一天期國債逆回購GC001，代碼204001
2.交易日期:115/6/30~115/6/30
3.董事會通過日期: 不適用
4.其他核決日期:
核決層級:董事長核決
民國115年6月30日
5.交易數量、每單位價格及交易總金額:
艾普來：84,420單位，均價：1.710%，
百宏：103,580單位，均價：1.725%，
嘉財：433,090單位，均價：1.715%，
嘉皇：220,380單位，均價：1.725%
嘉吉：121,010單位，均價：1.710%
科德：203,200單位，均價：1.715%，
嘉駿：361,160單位，均價：1.720%，
總金額：152,684仟元，(約新台幣702,306千元)
6.處分利益（或損失）（取得有價證券者不適用）:
不適用
7.與交易標的公司之關係:
非關係人
8.迄目前為止，累積持有本交易證券（含本次交易）之數量、金額、持股
比例及權利受限情形（如質押情形）:
艾普來：84,420單位，均價：1.710%，
百宏：103,580單位，均價：1.725%，
嘉財：433,090單位，均價：1.715%，
嘉皇：220,380單位，均價：1.725%
嘉吉：121,010單位，均價：1.710%
科德：203,200單位，均價：1.715%，
嘉駿：361,160單位，均價：1.720%，
質押情形：無
9.迄目前為止，依「公開發行公司取得或處分資產處理準則」第三條所列之有價證券投
資（含本次交易）占公司最近期財務報表中總資產及歸屬於母公司業主之權益之比例
暨最近期財務報表中營運資金數額:
總資產之比例：14.11%
占股東權益之比例：19.65%
營運資金：新台幣2,612,388仟元
10.取得或處分之具體目的:
投資理財
11.本次交易表示異議董事之意見:
否
12.本次交易為關係人交易:
否
13.交易相對人及其與公司之關係:
不適用
14.監察人承認或審計委員會同意日期:
不適用
15.前已就同一件事件發布重大訊息日期: 不適用
16.其他敘明事項:
無",material_event,NEGATIVE,HIGH
,4770,上品,公告本公司內部稽核主管異動,"1.人員變動別（請輸入發言人、代理發言人、重要營運主管(如:執行長、營運長、
行銷長及策略長等)、財務主管、會計主管、公司治理主管、資訊安全長、研發主管、
內部稽核主管或訴訟及非訟代理人）:內部稽核主管
2.發生變動日期:115/06/30
3.舊任者姓名、級職及簡歷:蘇昭玲/本公司 稽核室主管
4.新任者姓名、級職及簡歷:不適用
5.異動情形（請輸入「辭職」、「職務調整」、「資遣」、「退休」、「死亡」、「新
任」或「解任」）:職務調整(留職停薪)
6.異動原因:留職停薪
7.生效日期:115/06/30
8.其他應敘明事項:內部稽核主管職務暫由本公司稽核代理人代行職務。",material_event,NEGATIVE,HIGH
,2885,元大金,"元大金控代子公司元大儲蓄銀行(菲律賓)
公告股東臨時會重要決議事項","1.股東常會日期:115/06/30
2.重要決議事項一、盈餘分配或盈虧撥補:無
3.重要決議事項二、章程修訂:無
4.重要決議事項三、營業報告書及財務報表:無
5.重要決議事項四、董監事選舉:
(1) 選任董事 張財育
(2) 選任董事 雷珍納
(3) 選任董事 蕭吉良
(4) 選任獨立董事 Senen L. Matoto
(5) 選任獨立董事 Arturo E. Manuel, Jr.
6.重要決議事項五、其他事項:無
7.其他應敘明事項:無",material_event,NEUTRAL,LOW
,2885,元大金,元大金控代子公司元大儲蓄銀行(菲律賓)公告選任董事,"1.發生變動日期:115/06/30
2.選任或變動人員別（請輸入法人董事、法人監察人、獨立董事、自然人董事
  或自然人監察人）:自然人董事
3.舊任者職稱及姓名:
(1)董事/吳敬堂
4.舊任者簡歷:
(1)元大銀行執行副總經理
5.新任者職稱及姓名:
(1)董事/張財育
6.新任者簡歷:
(1)元大銀行董事長
7.異動情形（請輸入「辭職」、「解任」、「任期屆滿」、「逝世」或「新任」）:
辭職
8.異動原因:辭職
9.新任者選任時持股數:不適用
10.原任期（例xx/xx/xx ~ xx/xx/xx）:115/05/15~116/05/14
11.新任生效日期:115/06/30
12.同任期董事變動比率:2/6
13.同任期獨立董事變動比率:不適用
14.同任期監察人變動比率:不適用
15.屬三分之一以上董事發生變動（請輸入是或否）:是
16.其他應敘明事項(若事件發生或決議之主體係屬公開發行以上公司，本則重大訊息同時
   符合證券交易法施行細則第7條第6款所定對股東權益或證券價格有重大影響之事項):無",material_event,NEUTRAL,LOW
,2885,元大金,元大金控代子公司元大儲蓄銀行(菲律賓)公告選任董事長,"1.董事會決議日期或發生變動日期:115/06/30
2.人員別（請輸入董事長或總經理）:董事長
3.舊任者姓名:吳敬堂
4.舊任者簡歷:元大銀行執行副總經理
5.新任者姓名:張財育
6.新任者簡歷:元大銀行董事長
7.異動情形（請輸入「辭職」、「解任」、「任期屆滿」、「職務調整」、「資遣」、
「退休」、「逝世」或「新任」）:辭職
8.異動原因:辭職
9.新任生效日期:115/06/30
10.其他應敘明事項(若事件發生或決議之主體係屬公開發行以上公司，本則重大訊息同時
   符合證券交易法施行細則第7條第6款所定對股東權益或證券價格有重大影響之事項):無",material_event,NEUTRAL,LOW
,3605,宏致,"代子公司龍翰科技(股)公司公告115年股東常會重要決議
事項","1.股東常會日期:115/06/30
2.重要決議事項一、盈餘分配或盈虧撥補:承認114年度虧損撥補案
3.重要決議事項二、章程修訂:無
4.重要決議事項三、營業報告書及財務報表:承認114年度營業報告書及財務報表案
5.重要決議事項四、董監事選舉:無
6.重要決議事項五、其他事項:
 (1)通過辦理減資彌補虧損案。
7.其他應敘明事項:無",material_event,NEGATIVE,HIGH
,2547,日勝生,"代子公司寶鼎再生水(股)公司公告董事會決議
除息基準日","1.董事會、股東會決議或公司決定日期:115/06/30
2.除權、息類別（請填入「除權」、「除息」或「除權息」）:除息
3.發放股利種類及金額:
寶鼎公司盈餘配發股東現金股利:新台幣106,997,000元
4.除權（息）交易日:NA
5.最後過戶日:115/07/17
6.停止過戶起始日期:115/07/18
7.停止過戶截止日期:115/07/22
8.除權（息）基準日:115/07/22
9.其他應敘明事項:無。",material_event,POSITIVE,LOW
,2539,櫻花建,公告本公司第六屆薪資報酬委員會委員,"1.發生變動日期:115/06/30
2.功能性委員會名稱:薪資報酬委員會
3.舊任者姓名:許振華、王癸元、黃子翎
4.舊任者簡歷:
許振華 / 協侑營造有限公司行政服務處總經理
王癸元 / 亞洲大學副教授
黃子翎 / 誠佳建設(股)公司行政服務處經理
5.新任者姓名:王癸元、徐文宗、黃瓊瑤
6.新任者簡歷:
王癸元 / 亞洲大學副教授
徐文宗 / 維翰聯合法律事務所主持律師
黃瓊瑤 / 雲林科技大學教授
7.異動情形（請輸入「辭職」、「解任」、「任期屆滿」、「逝世」或「新任」）:
任期屆滿
8.異動原因:任期屆滿，重新委任
9.原任期（例xx/xx/xx ~ xx/xx/xx）:112/06/13~115/06/12
10.新任生效日期:115/6/30
11.其他應敘明事項:
本屆薪資報酬委員會任期115/06/30~118/06/15，同本屆董事會任期。",material_event,NEUTRAL,LOW
,2539,櫻花建,公告本公司第三屆永續發展委員會委員,"1.發生變動日期:115/06/30
2.功能性委員會名稱:永續發展委員會
3.舊任者姓名:陳世英、王癸元、許振華、沈淑貞
4.舊任者簡歷:
陳世英 / 櫻花建設股份有限公司董事長
王癸元 / 亞洲大學副教授
許振華 / 協侑營造有限公司行政服務處總經理
沈淑貞 / 櫻花建設股份有限公司總經理
5.新任者姓名:陳世英、王癸元、黃瓊瑤、沈淑貞
6.新任者簡歷:
陳世英 / 櫻花建設股份有限公司董事長
王癸元 / 亞洲大學副教授
黃瓊瑤 / 雲林科技大學教授
沈淑貞 / 櫻花建設股份有限公司總經理
7.異動情形（請輸入「辭職」、「解任」、「任期屆滿」、「逝世」或「新任」）:
任期屆滿
8.異動原因:任期屆滿，重新委任
9.原任期（例xx/xx/xx ~ xx/xx/xx）:112/11/08~115/06/12
10.新任生效日期:115/6/30
11.其他應敘明事項:
本屆永續發展委員會任期115/06/30~118/06/15，同本屆董事會任期。",material_event,NEUTRAL,LOW
,2539,櫻花建,公告本公司第二屆提名委員會委員,"1.發生變動日期:115/06/30
2.功能性委員會名稱:提名委員會
3.舊任者姓名:王癸元、許振華、洪明聰、陳世英、白淑貞
4.舊任者簡歷:
王癸元 / 亞洲大學副教授
許振華 / 協侑營造有限公司行政服務處總經理
洪明聰 / 瑞穎股份有限公司董事
陳世英 / 櫻花建設股份有限公司董事長
白淑貞 / 櫻花建設股份有限公司董事
5.新任者姓名:王癸元、徐文宗、黃瓊瑤、陳世英、白淑貞
6.新任者簡歷:
王癸元 / 亞洲大學副教授
徐文宗 / 維翰聯合法律事務所主持律師
黃瓊瑤 / 雲林科技大學教授
陳世英 / 櫻花建設股份有限公司董事長
白淑貞 / 櫻花建設股份有限公司董事
7.異動情形（請輸入「辭職」、「解任」、「任期屆滿」、「逝世」或「新任」）:
任期屆滿
8.異動原因:任期屆滿，重新委任
9.原任期（例xx/xx/xx ~ xx/xx/xx）:115/03/10 ~ 115/06/12
10.新任生效日期:115/06/30
11.其他應敘明事項:
本屆提名委員會任期115/06/30~118/06/15，同本屆董事會任期。",material_event,NEUTRAL,LOW
,2885,元大金,元大金控代子公司元大證券印尼公告召開股東常會事宜,"1.董事會決議日期:115/06/30
2.股東會召開日期:115/06/30
3.股東會召開地點:Equity Tower 10th Floor, Unit E, F, G, SCBD Lot.9.
Jl.Jend. Sudirman Kav 52-53, Jakarta 12190, Indonesia
4.召集事由一、報告事項:無
5.召集事由二、承認事項:2025年度公司年報及財務報表。
6.召集事由三、討論事項:
(1)不發放2025年度股利。
(2)2026年簽證會計師之續聘並授權Commissioners決定其簽證費用。
7.召集事由四、選舉事項:無
8.召集事由五、其他議案:無
9.召集事由六、臨時動議:無
10.停止過戶起始日期:NA
11.停止過戶截止日期:NA
12.其他應敘明事項:無",material_event,POSITIVE,LOW
,2885,元大金,"元大金控代子公司元大證券印尼公告年度股東常會
重要決議事項","1.股東常會日期:115/06/30
2.重要決議事項一、盈餘分配或盈虧撥補:不發放2025年度股利。
3.重要決議事項二、章程修訂:無
4.重要決議事項三、營業報告書及財務報表:承認2025年度公司年報
及財務報表。
5.重要決議事項四、董監事選舉:無
6.重要決議事項五、其他事項:
通過2026年簽證會計師之續聘並授權Commissioners決定其簽證費用。
7.其他應敘明事項:無",material_event,POSITIVE,LOW
,5258,虹堡,公告本公司董事會決議買回庫藏股,"1.董事會決議日期:115/06/30
2.買回股份目的:轉讓股份予員工
3.買回股份種類:普通股
4.買回股份總金額上限(元):3,150,046,555
5.預定買回之期間:115/06/30~115/08/29
6.預定買回之數量(股):1,500,000
7.買回區間價格(元):34.20~77.90，公司股價低於區間價格下限，將繼續買回
8.買回方式:自集中交易市場買回
9.預定買回股份占公司已發行股份總數之比率(%):1.36
10.申報時已持有本公司股份之累積股數(股):786,000
11.申報前五年內買回公司股份之情形:
實際買回股份期間：114/06/18 ~ 114/07/11 、預定買回股數(股)：1500000 、實際已買回股數
(股)：786000 、執行情形(實際已買回股數占預定買回股數%)：52.00
12.已申報買回但未執行完畢之情形:
本公司第2次預計買回1,500,000股，實際買回786,000股，執行率52.4%。
為維護整體股東權益，本公司視股價變化採取分批買回策略。
13.董事會決議買回股份之會議紀錄:
115年06月30日董事會決議辦理。
14.「上市上櫃公司買回本公司股份辦法」第十條規定之轉讓辦法:
虹堡科技股份有限公司
第三次買回股份轉讓員工辦法
 115年6月30日訂定
﹙目的﹚
第一條  本公司為激勵員工及提昇員工向心力，依據證券交易法第28條之2第1項第1款及金融監督管
理委員會發布之「上市上櫃公司買回本公司股份辦法」等相關規定，訂定本公司買回股份轉讓員工
辦
法。本公司買回股份轉讓予員工，除依有關法令規定外，悉依本辦法規定辦理。
﹙轉讓股份之種類、權利內容及權利受限情形﹚
第二條  本次轉讓予員工之股份為普通股，其權利義務除有關法令及本辦法另有規定者外， 與其他
流通在外普通股相同。
﹙轉讓期間﹚
第三條  本次買回之股份，得依本辦法之規定，自買回股份之日起5年內，一次或分次轉讓予員工。
﹙受讓人之資格﹚
第四條  凡於認股基準日前到職滿一年或對公司有特殊貢獻經提報董事會同意之本公司全職員工
（及直接或間接持有表決權股份超過百分之五十之國內外控制或從屬公司之全職員工），得依本辦法
第五條所訂認購數額，享有認購資格。
﹙員工得認購股數﹚
第五條  依認股基準日時公司持有之買回股份總額，及認股基準日前在職員工之職等、服務年資及
對公司之特殊貢獻等標準，訂定員工得受讓股份 (惟單一員工認購股數不應超過 500,000 股)，提
請董事會決議，不得授權董事長決定。惟轉讓之員工具經理人身份者，應先經薪資報酬委員會同意
後
再提報董事會決議；轉讓之員工非具經理人身份者，應先經審計委員會同意後再提報董事會決議。
﹙轉讓之程序﹚
第六條  本次買回股份轉讓予員工之作業程序：
一、依董事會之決議，公告、申報並於執行期限內買回本公司股份。
二、董事會依本辦法訂定及公布員工認股基準日、得認購股數標準、認購繳款期間、權利內容及限
制
條件等作業事項。
三、統計實際認購繳款股數，辦理股票轉讓過戶登記。
﹙約定之每股轉讓價格﹚
第七條  本次買回股份轉讓予員工，以實際買回之平均價格加計資金成本 (郵政儲匯局一年 期定存
利率)為轉讓價格，惟轉讓前如遇公司已發行之普通股份增加〔或減少〕，得按發行股份增加〔或減
少〕比率調整之，轉讓價格調整公式：
調整後轉讓價格=每股實際平均買回價格× (申報買回股份時已發行之普通總數 ÷轉
讓買回股份予員工前已發行之普通總數)
﹙轉讓後之權利義務﹚
第八條  本次買回股份轉讓予員工並辦理過戶登記後，除另有規定者外，餘權利義務與原有股份相
同。
﹙其他有關公司與員工權利義務事項﹚
第九條  本次買回股份轉讓予員工並辦理過戶登記後六個月內不得轉讓。
第十條  本辦法經董事會決議通過後生效，並得報經董事會決議修訂。
15.「上市上櫃公司買回本公司股份辦法」第十一條規定之轉換或認股辦法:
不適用。
16.董事會已考慮公司財務狀況，不影響公司資本維持之聲明:
虹堡科技股份有限公司董事會聲明書

一、本公司經115年6月30日第九屆第十四次董事會三分之二以上董事之出席及出席董事超過二分之
一之同意通過，自申報日起二個月內於集中交易市場﹙證券商營業處所﹚買回本公司股份150萬股。
二、上述買回股份總數，僅占本公司已發行股份之1.36%，且買回股份所需金額上限僅占本公司流動
資產之1.47%，茲聲明本公司董事會已考慮公司財務狀況，上述股份之買回並不影響本公司資本之維
持。
三、本聲明書業經本公司上述同次董事會議通過，出席董事6人同意本聲明書之內容，併此聲明。

虹堡科技股份有限公司
董事長  辛華熙
17.會計師或證券承銷商對買回股份價格之合理性評估意見:
經台新證券評估其買回股份價格具合理性。
18.其他證期局所規定之事項:
無。",material_event,NEUTRAL,LOW
,2540,愛山林,本公司115年股東常會重要決議事項,"1.股東常會日期:115/06/30
2.重要決議事項一、盈餘分配或盈虧撥補:通過承認本公司114年度盈餘分配案。
3.重要決議事項二、章程修訂:通過修訂本公司「公司章程」部分條文案。
4.重要決議事項三、營業報告書及財務報表:
通過承認本公司114年度營業報告書及財務報表案。
5.重要決議事項四、董監事選舉:本公司全面改選董事(含獨立董事）案。
當選名單如下:
董事：祝園實業股份有限公司代表人-祝文宇
董事：祝園實業股份有限公司代表人-李高賜
董事：甲山林廣告股份有限公司代表人-張瀛珠
董事：丰雲廣告有限公司代表人-陳美瑟
董事：仰山林廣告有限公司代表人-祝藝
獨立董事：胡湘麒
獨立董事：郭育甫
獨立董事：施濟美
獨立董事：殷士偉
6.重要決議事項五、其他事項:
(1)通過修訂本公司「取得或處分資產處理程序」部分條文案。
(2)通過修訂本公司「股東會議事規則」部分條文案。
(3)通過解除本公司新任董事(含獨立董事）及其代表人競業禁止之限制案。
7.其他應敘明事項:無",material_event,NEGATIVE,HIGH
,2327,國巨*,代子公司東莞奇力新電子有限公司公告處分理財商品,"1.標的物之名稱及性質（屬特別股者，並應標明特別股約定發行條件，如股息率等）:
中國建行結構型理財產品
2.事實發生日:115/5/20~115/6/30
3.董事會通過日期: 不適用
4.其他核決日期:
核決層級:不適用
民國115年06月30日
5.交易數量、每單位價格及交易總金額:
交易單位數量、每單位價格：無
交易總金額：人民幣100,000,000元
6.交易相對人及其與公司之關係（交易相對人如屬自然人，且非公司之
關係人者，得免揭露其姓名）:
交易相對人: 中國建設&#38134;行
與公司之關係:無
7.交易相對人為關係人者，並應公告選定關係人為交易對象之原因及前次移
轉之所有人、前次移轉之所有人與公司及交易相對人間相互之關係、前次
移轉日期及移轉金額:
不適用
8.交易標的最近五年內所有權人曾為公司之關係人者，尚應公告關係人之取
得及處分日期、價格及交易當時與公司之關係:
不適用
9.本次係處分債權之相關事項（含處分之債權附隨擔保品種類、處分債權
如有屬對關係人債權者尚需公告關係人名稱及本次處分該關係人之債權
帳面金額:
不適用
10.處分利益（或損失）（取得有價證券者不適用）（原遞延者應列表說明
認列情形）:
人民幣127,208元
11.交付或付款條件（含付款期間及金額）、契約限制條款及其他重要約定
事項:
一次付清
12.本次交易之決定方式、價格決定之參考依據及決策單位:
依本公司內部核決權限
13.取得或處分有價證券標的公司每股淨值:
不適用
14.迄目前為止，累積持有本交易證券（含本次交易）之數量、金額、持股
比例及權利受限情形（如質押情形）:
累積持有交易金額 : 人民幣20,000,000元
權利受限情形 : 無
15.迄目前為止，依「公開發行公司取得或處分資產處理準則」第三條所列
之有價證券投資（含本次交易）占公司最近期財務報表中總資產及歸屬
於母公司業主之權益之比例暨最近期財務報表中營運資金數額（註二）:
占總資產比例 :  0.03%
占歸屬於母公司業主之權益之比例 : 0.06% 
最近期財務報表中營運資金數額 : 新台幣 -76,476,038 仟元
16.經紀人及經紀費用:
不適用
17.取得或處分之具體目的或用途:
投資理財
18.本次交易表示異議董事之意見:
無
19.本次交易為關係人交易:否
20.監察人承認或審計委員會同意日期:
不適用
21.本次交易會計師出具非合理性意見:不適用
22.會計師事務所名稱:
不適用
23.會計師姓名:
不適用
24.會計師開業證書字號:
不適用
25.是否涉及營運模式變更:否
26.營運模式變更說明:
不適用
27.過去一年及預計未來一年內與交易相對人交易情形:
不適用
28.資金來源:
不適用
29.前已就同一件事件發布重大訊息日期: 不適用
30.其他敘明事項:
無",material_event,NEGATIVE,HIGH
,4960,誠美材,"就溫峰泰/天逸/富育榮綱所控本公司股權持股超過10%之
股份，疑違反證交法43條之1及企併法27條等相關規定事項，
移送予主管機關調查有無表決權。","1.事實發生日:115/06/30
2.公司名稱:誠美材料科技股份有限公司
3.與公司關係(請輸入本公司或子公司):本公司
4.相互持股比例:不適用
5.發生緣由:
本公司於近日依法準備2026年股東常會之年報、以及股東會前十大股東關係等資
訊，經向集保公司申請取得2025年12月31日及2026年5月2日(股常會)之股東名冊
資料後，經比對發現有下列主體，共計竟已持有本公司高達34.83%之股份，且下
列主體即是由上述涉及不法吸金、近日遭檢方起訴求處重刑之溫峰泰所主導「天
逸金融集團」原本安排共同持股本公司的集團主體，而且其中諸多外資法人帳戶
悖於常態，否決財報造成市場動盪，且異常共同積極參與董事選舉之表決，從持
有時間、帳號，持股及金融機構，以及本次股東常會及股東臨會之投票行為，存
有統計上一致性，過度異常明顯，尤其部分以外資形式退避審查，而國內公司負
責人顯非購股資金之實際出資人，資金來源亦有重大異常，特別過度集中於香港
等地區，而進入我國資本市場：
股東姓名：
(1)景福投資有限公司
(2)元大證券股份有限公司受託保管六福基金獨立投資組合有限公司－全球機會
   組合投資專戶
(3)永徽投資有限公司
(4)熙和投資有限公司
(5)創世紀投資有限公司
(6)永豐金證券股份有限公司受託保管永豐金證券（亞洲）有限公司客戶永豐金
  （亞洲）代理人有限公司投資專戶
(7)群益金鼎受託保管六福證券（香港）有限公司投資專戶
(8)花旗（台灣）商業銀行受託保管元大證券（香港）有限公司－－客戶投資專戶
(9)恆泰國際投資控股股份有限公司
(10)群益金鼎證券股份有限公司受託保管群＊＊＊（香港）＊＊＊投資專戶
(11)花旗託管第＊＊＊（香港）＊＊＊投資專戶
(12)偉＊投資有限公司
(13)德商德意志銀行台北分行受託保管＊＊＊投資專戶
(14)中國信託商業銀行受託保管國＊＊＊（香港）＊＊＊投資專戶－客戶帳戶
(15)國泰世華商業銀行受託保管輝＊証券（香港）＊＊＊投資專戶
疑違反證交法43條之1及企併法27條等相關規定事項。
6.因應措施:移送予主管機關調查有無表決權。
7.其他應敘明事項(若事件發生或決議之主體係屬公開發行以上公司，本則重大訊息同時
  符合證券交易法施行細則第7條第9款所定對股東權益或證券價格有重大影響之事項):無",material_event,NEGATIVE,HIGH
,2540,愛山林,"公告本公司115年股東常會改選董事（含獨立董事）當選名單
暨董事變動達三分之一","1.發生變動日期:115/06/30
2.選任或變動人員別（請輸入法人董事、法人監察人、獨立董事、自然人董事
  或自然人監察人）:法人董事、獨立董事
3.舊任者職稱及姓名:
(1)董事：祝園實業股份有限公司代表人：祝文字
(2)董事：丰雲廣告有限公司代表人：張境在
(3)董事：甲山林廣告股份有限公司代表人：張瀛珠
(4)董事：仰山林廣告有限公司代表人：祝藝
(5)獨立董事：胡湘麒
(6)獨立董事：張志弘
(7)獨立董事：蔡如君
(8)獨立董事：郭育甫
4.舊任者簡歷:
(1)祝園實業股份有限公司代表人：祝文字/愛山林建設開發股份有限公司董事長
(2)丰雲廣告有限公司代表人：張境在/愛山林建設開發股份有限公司副董事長
(3)甲山林廣告股份有限公司代表人：張瀛珠/甲山林廣告股份有限公司董事長
(4)仰山林廣告有限公司代表人：祝藝/愛山林建設開發股份有限公司總經理
(5)胡湘麒/捷邦國際科技股份有限公司董事長
(6)張志弘/翊峰科技股份有限公司董事長
(7)蔡如君/美國建高控股公司董事
(8)郭育甫/愛山林建設開發股份有限公司獨立董事
5.新任者職稱及姓名:
(1)董事：祝園實業股份有限公司代表人：祝文宇
(2)董事：祝園實業股份有限公司代表人：李高賜
(3)董事：丰雲廣告有限公司代表人：陳美瑟
(4)董事：甲山林廣告股份有限公司代表人：張瀛珠
(5)董事：仰山林廣告有限公司代表人：祝藝
(6)獨立董事：胡湘麒
(7)獨立董事：郭育甫
(8)獨立董事：施濟美
(9)獨立董事：殷士偉
6.新任者簡歷:
(1)祝園實業股份有限公司代表人：祝文宇/愛山林建設開發股份有限公司董事長
(2)祝園實業股份有限公司代表人：李高賜/陞訊數據科技股份有限公司-董事長
(3)丰雲廣告有限公司代表人：陳美瑟/愛山林建設開發股份有限公司副總經理
(4)甲山林廣告股份有限公司代表人：張瀛珠-/甲山林廣告股份有限公司-董事長
(5)仰山林廣告有限公司代表人：祝藝/愛山林建設開發股份有限公司總經理
(6)胡湘麒/捷邦國際科技股份有限公司董事長
(7)郭育甫/愛山林建設開發股份有限公司獨立董事
(8)施濟美/元惟醫技股份有限公司董事長
(9)殷士偉/瑞迪廣告事業股份有限公司董事長
7.異動情形（請輸入「辭職」、「解任」、「任期屆滿」、「逝世」或「新任」）:
任期屆滿
8.異動原因:任期屆滿，全面改選
9.新任者選任時持股數:
(1)董事-祝園實業(股)公司-163,757,778股
(2)董事-丰雲廣告有限公司-165,265,336股
(3)董事-甲山林廣告(股)公司-149,507,980股
(4)董事-仰山林廣告有限公司-171,542,522股
(5)獨立董事-胡湘麒-0股
(6)獨立董事-郭育甫-0股
(7)獨立董事-施濟美-0股
(8)獨立董事-殷士偉-91,000 股
10.原任期（例xx/xx/xx ~ xx/xx/xx）:112/06/30~115/06/29
11.新任生效日期:115/06/30
12.同任期董事變動比率:任期屆滿全面改選，不適用
13.同任期獨立董事變動比率:任期屆滿全面改選，不適用
14.同任期監察人變動比率:不適用。
15.屬三分之一以上董事發生變動（請輸入是或否）:是
16.其他應敘明事項(若事件發生或決議之主體係屬公開發行以上公司，本則重大訊息同時
   符合證券交易法施行細則第7條第6款所定對股東權益或證券價格有重大影響之事項):
無。",material_event,NEUTRAL,LOW
,2601,益航,公告本公司財務長、公司治理主管及代理發言人異動,"1.人員變動別（請輸入發言人、代理發言人、重要營運主管(如:執行長、營運長、
行銷長及策略長等)、財務主管、會計主管、公司治理主管、資訊安全長、研發主管、
內部稽核主管或訴訟及非訟代理人）:財務長、公司治理主管及代理發言人
2.發生變動日期:115/06/30
3.舊任者姓名、級職及簡歷:
邱為德/本公司之財務長、公司治理主管暨代理發言人
4.新任者姓名、級職及簡歷:
陳勁渤/益航股份有限公司財務長特助
5.異動情形（請輸入「辭職」、「職務調整」、「資遣」、「退休」、「死亡」、「新
任」或「解任」）:
職務調整
6.異動原因:
因業務需要轉任顧問職
7.生效日期:115/07/01
8.其他應敘明事項:無",material_event,NEGATIVE,HIGH
,6456,GIS-KY,"代子公司業桓科技(成都)有限公司公告提前終止不動產
使用權資產租賃契約","1. 原公告日期：
114/05/12
2. 簡述原公告申報內容：
業桓科技(成都)有限公司於2025年5月12日公告向關係人業成科技(成都)
有限公司取得不動產使用權資產，原租賃期間至2028年5月31日，使用
權資產金額為人民幣6,294,115元。
3. 變動緣由及主要內容：
因業桓科技(成都)有限公司營運調整，於2026年6月30日提前終止租約，
剩餘使用權資產金額約人民幣717仟元將除列。
4. 變動後對公司財務業務之影響：
係考量集團子公司間營運效益最大化，對GIS財務業務並無影響。
5. 其他應敘明事項：
無",material_event,NEUTRAL,LOW
,2601,益航,本公司董事會決議解除經理人競業禁止限制,"1.董事會決議日:115/06/30
2.許可從事競業行為之經理人姓名及職稱:
陳勁渤/本公司之財務長、公司治理主管暨代理發言人
3.許可從事競業行為之項目:
有擔任其他公司之經理人，或經營其他與本公司營業範圍相同或類似公司之行為
4.許可從事競業行為之期間:
任職本公司經理人之職務期間
5.決議情形（請依公司法第32條說明表決結果）:
本案經主席徵詢全體出席董事無異議照案通過
6.所許可之競業行為如屬大陸地區事業之營業者，經理人姓名及職稱
（非屬大陸地區事業之營業者，以下請輸〝不適用〞）:不適用
7.所擔任該大陸地區事業之公司名稱及職務:不適用
8.所擔任該大陸地區事業地址:不適用
9.所擔任該大陸地區事業營業項目:不適用
10.對本公司財務業務之影響程度:無
11.經理人如有對該大陸地區事業從事投資者，其投資金額及持股比例:無
12.其他應敘明事項:無",material_event,NEUTRAL,LOW
,6456,GIS-KY,"代子公司業桓科技(成都)有限公司公告提前終止不動產
使用權資產租賃契約","1. 原公告日期：
114/08/11
2. 簡述原公告申報內容：
業桓科技(成都)有限公司於2025年8月11日公告向關係人業成科技(成都)
有限公司取得不動產使用權資產，原租賃期間至2028年9月30日，使用
權資產金額為人民幣9,210,434元。
3. 變動緣由及主要內容：
因業桓科技(成都)有限公司營運調整，於2026年6月30日提前終止租約，
剩餘使用權資產金額約人民幣6,908仟元將除列。
4. 變動後對公司財務業務之影響：
係考量集團子公司間營運效益最大化，對GIS財務業務並無影響。
5. 其他應敘明事項：
無",material_event,NEUTRAL,LOW
,2540,愛山林,"公告本公司115年股東常會通過解除本公司新任董事
(含獨立董事）及其代表人競業禁止之限制案","1.股東會決議日:115/06/30
2.許可從事競業行為之董事姓名及職稱:
(1)董事：祝園實業股份有限公司代表人-祝文宇
(2)董事：祝園實業股份有限公司代表人-李高賜
(3)董事：甲山林廣告股份有限公司代表人-張瀛珠
(4)董事：仰山林廣告有限公司代表人-祝藝
(5)獨立董事：胡湘麒
(6)獨立董事：施濟美
(7)獨立董事：殷士偉
3.許可從事競業行為之項目:投資或經營其他與本公司營業範圍相同或類似之公司
4.許可從事競業行為之期間:任職本公司董事及董事代表人職務期間
5.決議情形（請依公司法第209條說明表決結果）:
本案經已發行股份總數三分之二以上股東出席，出席股東表決權過半數同意
，照案通過。
6.所許可之競業行為如屬大陸地區事業之營業者，董事姓名及職稱
（非屬大陸地區事業之營業者，以下請輸〝不適用〞）:不適用
7.所擔任該大陸地區事業之公司名稱及職務:不適用
8.所擔任該大陸地區事業地址:不適用
9.所擔任該大陸地區事業營業項目:不適用
10.對本公司財務業務之影響程度:不適用
11.董事如有對該大陸地區事業從事投資者，其投資金額及持股比例:不適用
12.其他應敘明事項:無",material_event,NEUTRAL,LOW
,2855,統一證,"(補充)公告本公司取得統一證券投資信託股份有限公司實質控制力
事由說明","1.事實發生日:115/05/20
2.公司名稱:統一綜合證券股份有限公司
3.與公司關係(請輸入本公司或子公司):本公司
4.相互持股比例:不適用
5.發生緣由:
本公司之權益法投資公司統一證券投資信託股份有限公司因辦理董監事全面改選，
本公司取得其二分之一董事席次，取得統一投信實質控制力。
依此，統一投信由原採權益法之關聯企業轉變為具控制力之子公司並納入合併報表，
後續將依國際財務報導準則(IFRS)相關規定，
自取得控制力之日起認列並衡量企業合併之影響。
6.因應措施:
本公司將依相關法令規定及國際財務報導準則(IFRS)辦理後續會計處理與
資訊揭露作業，並持續評估本次取得控制力對本公司財務狀況及
經營成果之影響。
7.其他應敘明事項(若事件發生或決議之主體係屬公開發行以上公司，本則重大訊息同時
  符合證券交易法施行細則第7條第9款所定對股東權益或證券價格有重大影響之事項):
本次係因取得統一投信二分之一董事席次而取得控制力，
依國際財務報導準則第3號(IFRS 3)相關規定以公允價值重新衡量原持有之權益，
認列相關處分投資利益金額約新台幣3,102,931仟元，
相關財務影響數將依規定辦理，並視認列結果再行補充公告。",material_event,NEGATIVE,HIGH
,2385,群光,公告本公司董事會通過115年第1次買回庫藏股相關事宜,"1.董事會決議日期:115/06/30
2.買回股份目的:維護公司信用及股東權益
3.買回股份種類:普通股
4.買回股份總金額上限(元):33,670,369,736
5.預定買回之期間:115/07/01~115/08/31
6.預定買回之數量(股):6,000,000
7.買回區間價格(元):100.00~150.00，公司股價低於區間價格下限，將繼續買回
8.買回方式:自集中交易市場買回
9.預定買回股份占公司已發行股份總數之比率(%):0.78
10.申報時已持有本公司股份之累積股數(股):0
11.申報前五年內買回公司股份之情形:
無買回
12.已申報買回但未執行完畢之情形:
無
13.董事會決議買回股份之會議紀錄:
一、為維護股東權益,擬依據證交法第二十八條之二第一項第三款及「上市上櫃公司買回本公司股份
辦法」,買回本公司股份予以註銷,減少員工分紅增發新股對股東稀釋的影響。
二、擬買回本公司股份之相關內容如下：
   1、買回股份之目的：維護公司信用及股東權益。
   2、買回股份之種類：普通股。
   3、買回股份之總金額上限：
      依法令規定,買回股份總金額上限為新台幣33,670,369,736元,本次預計買回金額上限為
900,000,000元。
   4、預定買回之期間：115年7月1日至115年8月31日止二個月。
   5、預定買回之數量：6,000,000股,即本公司已發行股份之0.78％。
   6、買回之區間價格：100元至150元,當公司股價低於所定買回區間價格下限時,將繼續執行買回
公司股份。
   7、買回之方式：自集中交易市場買回。
三、會計師對本公司買回股份價格之合理性評估意見,請參閱附件一(P2~P3)。
四、董事會聲明書請參閱附件二(P4),經本次董事會通過後,依法併同本公司買回股份之相關文件向
主管機關申報。
五、本次買回公司股份相關作業細節,擬請授權董事長依有關法令規定,全權執行之。
六、本案業已提第三屆第八次審計委員會審議。
七、謹提請審議。 
決議：本案經主席徵詢全體出席董事無異議照案通過。
14.「上市上櫃公司買回本公司股份辦法」第十條規定之轉讓辦法:
為維護公司信用及股東權益，故不適用。
15.「上市上櫃公司買回本公司股份辦法」第十一條規定之轉換或認股辦法:
為維護公司信用及股東權益，故不適用。
16.董事會已考慮公司財務狀況，不影響公司資本維持之聲明:
一、本公司經一一五年六月三十日第十五屆第七次董事會三分之二以上董事之出席及出席董事超過二
分之一同意通過，自申報日起二個月內於集中交易市場(證券商營業處所)買回本公司股份6,000仟
股。
二、上述買回股份總數，僅占本公司已發行股份之0.78%，且買回股份所需金額上限占本公司流動資
產之6.26%，茲聲明本公司董事會已考慮公司財務狀況，上述股份之買回並不影響本公司資本之維
持。
三、本聲明書業經本公司上述同次董事會議通過，出席董事八人均同意本聲明書之內容，併此聲明。
17.會計師或證券承銷商對買回股份價格之合理性評估意見:
廣信益群聯合會計師事務所評估群光電子股份有限公司預計買回公司股份，所擬定之買回區間價格新台
幣100元至150元間，係落在金融監督管理委員會證券期貨局發佈之「庫藏股疑義問答彙整版」，所認為
合宜之買回區間價格新台幣72.80元至190.40元範圍內。
18.其他證期局所規定之事項:
無",material_event,NEUTRAL,LOW
,6456,GIS-KY,"代子公司業泓科技股份有限公司公告提前終止不動產
使用權資產租賃契約","1. 原公告日期：
113/05/14
2. 簡述原公告申報內容：
業泓科技股份有限公司於2024年5月14日公告向關係人英特盛科技股份
有限公司取得不動產使用權資產，原租賃期間至2027年6月30日，使用權
資產金額為新台幣77,532仟元。
3. 變動緣由及主要內容：
因業泓科技股份有限公司營運調整，於2026年6月30日提前終止租約，
剩餘使用權資產金額約新台幣24,484仟元將除列。
4. 變動後對公司財務業務之影響：
係考量集團子公司間營運效益最大化，對GIS財務業務並無影響。
5. 其他應敘明事項：
無",material_event,NEUTRAL,LOW
,2540,愛山林,公告本公司審計委員會委員及召集人,"1.發生變動日期:115/06/30
2.功能性委員會名稱:審計委員會
3.舊任者姓名:胡湘麒(召集人)、張志弘、蔡如君、郭育甫
4.舊任者簡歷:
(1)胡湘麒：捷邦國際科技股份有限公司-董事長
(2)張志弘：翊峰科技股份有限公司-董事長
(3)蔡如君：美國建高控股公司-董事
(4)郭育甫：愛山林建設開發股份有限公司-獨立董事
5.新任者姓名:胡湘麒(召集人)、郭育甫、施濟美、殷士偉
6.新任者簡歷:
(1)胡湘麒：捷邦國際科技股份有限公司-董事長
(2)郭育甫：愛山林建設開發股份有限公司-獨立董事
(3)施濟美：元惟醫技股份有限公司-董事長
(4)殷士偉：瑞迪廣告事業股份有限公司-董事長
7.異動情形（請輸入「辭職」、「解任」、「任期屆滿」、「逝世」或「新任」）:
任期屆滿
8.異動原因:任期屆滿
9.原任期（例xx/xx/xx ~ xx/xx/xx）:112/06/30~115/06/29
10.新任生效日期:115/06/30
11.其他應敘明事項:無",material_event,NEUTRAL,LOW
,2601,益航,"代子公司FIRST STEAMSHIP S.A.公告新增資金貸與金額
達資金貸與及背書保證處理準則
第二十二條第一項第三款公告標準","1.事實發生日:115/06/30
2.接受資金貸與之:
(1)公司名稱:AHEAD CAPITAL LIMITED
(2)與資金貸與他人公司之關係:
AHEAD CAPITAL LIMITED為FIRST STEAMSHIP S.A.直接持股100%之子公司
(3)資金貸與之限額(仟元):7,631,145
(4)原資金貸與之餘額(仟元):0
(5)本次新增資金貸與之金額(仟元):658,455
(6)是否為董事會授權董事長對同一貸與對象分次撥貸或循環動用之資金貸與:否
(7)迄事實發生日止資金貸與餘額(仟元):658,455
(8)本次新增資金貸與之原因:
營運周轉
(1)公司名稱:GRAND OCEAN RETAIL GROUP LIMITED
(2)與資金貸與他人公司之關係:
GRAND OCEAN RETAIL GROUP LIMITED為First Steamship S.A.直接持股23.41%之子公司
(3)資金貸與之限額(仟元):1,017,486
(4)原資金貸與之餘額(仟元):595,745
(5)本次新增資金貸與之金額(仟元):313,550
(6)是否為董事會授權董事長對同一貸與對象分次撥貸或循環動用之資金貸與:是
(7)迄事實發生日止資金貸與餘額(仟元):909,295
(8)本次新增資金貸與之原因:
營運周轉
3.接受資金貸與公司所提供擔保品之:
(1)內容:
AHEAD CAPITAL LIMITED:無
GRAND OCEAN RETAIL GROUP LIMITED:同額本票
(2)價值(仟元):313,550
4.接受資金貸與公司最近期財務報表之:
(1)資本(仟元):2,451,233
(2)累積盈虧金額(仟元):-1,727,075
5.計息方式:
AHEAD CAPITAL LIMITED:不計息。
GRAND OCEAN RETAIL GROUP LIMITED:不低於本公司資金成本，每季浮動調整一次。
6.還款之:
(1)條件:
無
(2)日期:
AHEAD CAPITAL LIMITED:2029年08月07日。
GRAND OCEAN RETAIL GROUP LIMITED:自首次動用後1年。
7.迄事實發生日為止，資金貸與餘額(仟元):
4,830,755
8.迄事實發生日為止，資金貸與餘額占公開發行公司最近期財務報表淨值之比率:
64.25
9.公司貸與他人資金之來源:
子公司本身
10.其他應敘明事項:
無",material_event,NEUTRAL,LOW
,2891,中信金,代子公司中國信託商業銀行公告授信資產之轉讓,"1.標的物之名稱及性質（屬特別股者，並應標明特別股約定發行條件，如股息率等）:
金融機構債權(放款)
2.事實發生日:115/6/30~115/6/30
3.董事會通過日期: 不適用
4.其他核決日期:
核決層級:信審會
民國114年4月9日
5.交易單位數量、每單位價格及交易總金額:
不適用
不適用
JPY 6,355,110,517
6.交易相對人及其與公司之關係（交易相對人如屬自然人，且非公司之
關係人者，得免揭露其姓名）:
1.遠東商銀Hong Kong Branch
2.Bank of India, Hong Kong Branch
非關係人。
7.交易相對人為關係人者，並應公告選定關係人為交易對象之原因及前次移
轉之所有人、前次移轉之所有人與公司及交易相對人間相互之關係、前次
移轉日期及移轉金額:
不適用
8.交易標的最近五年內所有權人曾為公司之關係人者，尚應公告關係人之取
得及處分日期、價格及交易當時與公司之關係:
不適用
9.本次係處分債權之相關事項（含處分之債權附隨擔保品種類、處分債權
如有屬對關係人債權者尚需公告關係人名稱及本次處分該關係人之債權
帳面金額:
不適用
10.處分利益（或損失）（取得有價證券者不適用）（遞延者應列表說明
認列情形）:
無。
11.交付或付款條件（含付款期間及金額）、契約限制條款及其他重要約定
事項:
付款條件: 依合約辦理。
重要約定事項: 依合約辦理。
12.本次交易之決定方式、價格決定之參考依據及決策單位:
為本行內部最終審核單位核定，相關條件依合約及一般市場慣例為之。
13.取得或處分有價證券標的公司每股淨值:
不適用
14.迄目前為止，累積持有本交易證券（含本次交易）之數量、金額、持股
比例及權利受限情形（如質押情形）:
不適用
15.迄目前為止，依「公開發行公司取得或處分資產處理準則」第三條所列
之有價證券投資（含本次交易）占公司最近期財務報表中總資產及歸屬
於母公司業主之權益之比例暨最近期財務報表中營運資金數額:
不適用
16.經紀人及經紀費用:
不適用
17.取得或處分之具體目的或用途:
活絡債權資產組合。
18.本次交易表示異議董事之意見:
不適用
19.本次交易為關係人交易:否
20.監察人承認或審計委員會同意日期:
不適用
21.本次交易會計師出具非合理性意見:不適用
22.會計師事務所名稱:
不適用
23.會計師姓名:
不適用
24.會計師開業證書字號:
不適用
25.是否涉及營運模式變更:否
26.營運模式變更說明:
不適用
27.過去一年及預計未來一年內與交易相對人交易情形:
例行性業務
28.資金來源:
不適用
29.前已就同一件事件發布重大訊息日期: 不適用
30.其他敘明事項:
本交易係依115/06/28之匯率計算(JPY 1=NTD 0.1973)。",material_event,NEGATIVE,HIGH
,2540,愛山林,公告本公司薪酬委員會委員任期屆滿,"1.發生變動日期:115/06/30
2.功能性委員會名稱:薪酬委員會
3.舊任者姓名:胡湘麒、張志弘、蔡如君、郭育甫
4.舊任者簡歷:
(1)胡湘麒：捷邦國際科技股份有限公司-董事長
(2)張志弘：翊峰科技股份有限公司-董事長
(3)蔡如君：美國建高控股公司-董事
(4)郭育甫：愛山林建設開發股份有限公司-獨立董事
5.新任者姓名:另行召開董事會選任委員會成員
6.新任者簡歷:另行召開董事會選任委員會成員
7.異動情形（請輸入「辭職」、「解任」、「任期屆滿」、「逝世」或「新任」）:
任期屆滿
8.異動原因:任期屆滿
9.原任期（例xx/xx/xx ~ xx/xx/xx）:112/07/10~115/06/29
10.新任生效日期:尚未選任
11.其他應敘明事項:新任薪資報酬委員將於董事會委任後另行公告。",material_event,NEUTRAL,LOW
,2515,中工,公告本公司董事會決議除權基準日,"1.董事會、股東會決議或公司決定日期:115/06/30
2.除權、息類別（請填入「除權」、「除息」或「除權息」）:除權
3.普通股發放股利種類及金額:
分派普通股股票股利新臺幣805,559,950元(每股無償配發股票股利0.501元)
4.除權（息）交易日:115/07/16
5.最後過戶日:115/07/17
6.停止過戶起始日期:115/07/18
7.停止過戶截止日期:115/07/22
8.除權（息）基準日:115/07/22
9.債券最後申請轉換日期:不適用
10.債券停止轉換起始日期:不適用
11.債券停止轉換截止日期:不適用
12.普通股現金股利發放日期:不適用
13.其他應敘明事項:
(1)本次盈餘轉增資發行新股業經金融監督管理委員會115年06月24日申報生效在案
(2)如因法令變更或主管機關核定變更等，致配股相關事項異動或本公司普通股股份發
   生變動影響流通在外股數，股東配股率因此發生變動者，授權董事長全權處理並調
   整之後，另行公告。",material_event,POSITIVE,LOW
,8926,台汽電,公告本公司董事會選任董事長,"1.董事會決議日期或發生變動日期:115/06/30
2.人員別（請輸入董事長或總經理）:董事長
3.舊任者姓名:王振勇
4.舊任者簡歷:台灣汽電共生股份有限公司董事長
5.新任者姓名:王振勇
6.新任者簡歷:台灣汽電共生股份有限公司董事長
7.異動情形（請輸入「辭職」、「解任」、「任期屆滿」、「職務調整」、「資遣」、
「退休」、「逝世」或「新任」）:任期屆滿
8.異動原因:改選董事長
9.新任生效日期:115/06/30
10.其他應敘明事項(若事件發生或決議之主體係屬公開發行以上公司，本則重大訊息同時
   符合證券交易法施行細則第7條第6款所定對股東權益或證券價格有重大影響之事項):無",material_event,NEUTRAL,LOW
,8926,台汽電,公告第4屆審計委員會委員,"1.發生變動日期:115/06/30
2.功能性委員會名稱:審計委員會
3.舊任者姓名:李漢申、葉繼升、陳建富
4.舊任者簡歷:
李漢申，前台灣電力股份有限公司總經理
葉繼升，葉繼升律師事務所負責人
陳建富，國立成功大學電機工程學系兼任教授
5.新任者姓名:劉文雄、陳建富、林瑞青
6.新任者簡歷:
劉文雄，台灣電力與能源工程協會理事長
陳建富，國立成功大學電機工程學系兼任教授
林瑞青，輔仁大學會計學系教授
7.異動情形（請輸入「辭職」、「解任」、「任期屆滿」、「逝世」或「新任」）:
任期屆滿
8.異動原因:任期屆滿，由新任全體獨立董事擔任委員
9.原任期（例xx/xx/xx ~ xx/xx/xx）:112/06/30~115/06/29
10.新任生效日期:115/06/30
11.其他應敘明事項:無",material_event,NEUTRAL,LOW
,8926,台汽電,公告本公司董事會委任第2屆永續發展委員會委員,"1.發生變動日期:115/06/30
2.功能性委員會名稱:永續發展委員會
3.舊任者姓名:王振勇、林子倫、蔡志孟、陳意通
4.舊任者簡歷:
王振勇，台灣汽電共生股份有限公司董事長
林子倫，國立臺灣大學政治學系暨國際政經學院副教授
蔡志孟，台灣電力股份有限公司副總經理
陳意通，台灣汽電共生股份有限公司總經理
5.新任者姓名:王振勇、林子倫、蔡志孟、陳意通
6.新任者簡歷:
王振勇，台灣汽電共生股份有限公司董事長
林子倫，國立臺灣大學政治學系暨國際政經學院副教授
蔡志孟，台灣電力股份有限公司副總經理
陳意通，台灣汽電共生股份有限公司總經理
7.異動情形（請輸入「辭職」、「解任」、「任期屆滿」、「逝世」或「新任」）:
任期屆滿
8.異動原因:任期屆滿經董事會委任
9.原任期（例xx/xx/xx ~ xx/xx/xx）:114/08/08~115/06/29
10.新任生效日期:115/06/30
11.其他應敘明事項:無",material_event,NEUTRAL,LOW
,3231,緯創,"代子公司Wiwynn Technology Service Malaysia SDN. BHD.
(WYMY)公告向非關係人取得供營業使用設備","1.標的物之名稱及性質（如坐落台中市北區ＸＸ段ＸＸ小段土地）:
機器設備
2.事實發生日:115/6/30~115/6/30
3.董事會通過日期: 民國115年6月30日
4.其他核決日期: 不適用
5.交易單位數量（如ＸＸ平方公尺，折合ＸＸ坪）、每單位價格及交易總金額:
交易單位數量：2批
交易總金額：USD24,194,865及USD17,112,490
6.交易相對人及其與公司之關係（交易相對人如屬自然人，且非公司之關
係人者，得免揭露其姓名）:
交易相對人：松下產業科技股份有限公司及旭東機械工業股份有限公司
與公司之關係：非關係人
7.交易相對人為關係人者，並應公告選定關係人為交易對象之原因及前次移轉之
所有人、前次移轉之所有人與公司及交易相對人間相互之關係、前次移轉日期
及移轉金額:
不適用
8.交易標的最近五年內所有權人曾為公司之關係人者，尚應公告關係
人之取得及處分日期、價格及交易當時與公司之關係:
不適用
9.預計處分利益（或損失）（取得資產者不適用）（遞延者應列表說明
認列情形）:
不適用
10.交付或付款條件（含付款期間及金額）、契約限制條款及其他重要約定
事項:
交付或付款條件：依契約履行
交易總金額：USD24,194,865及USD17,112,490
契約限制條款及其他重要約定事項：無
11.本次交易之決定方式（如招標、比價或議價）、價格決定之參考依據及
決策單位:
交易之決定方式：依雙方議價
價格決定之參考依據：參考市場行情議定
決策單位：董事會
12.專業估價者事務所或公司名稱及其估價金額:
不適用
13.專業估價師姓名:
不適用
14.專業估價師開業證書字號:
不適用
15.估價報告是否為限定價格、特定價格或特殊價格:否或不適用
16.是否尚未取得估價報告:否或不適用
17.尚未取得估價報告之原因:
不適用
18.估價結果有重大差異時，其差異原因及會計師意見:
不適用
19.會計師事務所名稱:
不適用
20.會計師姓名:
不適用
21.會計師開業證書字號:
不適用
22.經紀人及經紀費用:
無
23.取得或處分之具體目的或用途:
營運所需
24.本次交易表示異議之董事之意見:
無
25.本次交易為關係人交易:否
26.監察人承認或審計委員會同意日期:
不適用
27.本次交易係向關係人取得不動產或其使用權資產:否
28.依「公開發行公司取得或處分資產處理準則」第十六條規定
評估之價格:不適用
29.依前項評估之價格較交易價格為低者，依同準則第十七條規
定評估之價格:不適用
30.前已就同一件事件發布重大訊息日期: 不適用
31.其他敘明事項:
無",material_event,NEGATIVE,HIGH
,8926,台汽電,公告本公司董事會委任第4屆提名委員會委員,"1.發生變動日期:115/06/30
2.功能性委員會名稱:提名委員會
3.舊任者姓名:王振勇、李漢申、葉繼升、陳建富、黃順義
4.舊任者簡歷:
王振勇，台灣汽電共生股份有限公司董事長
李漢申，前台灣電力股份有限公司總經理
葉繼升，葉繼升律師事務所負責人
陳建富，國立成功大學電機工程學系兼任教授
黃順義，台灣汽電共生協會秘書長
5.新任者姓名:王振勇、劉文雄、陳建富、林瑞青、王韻淳
6.新任者簡歷:
王振勇，台灣汽電共生股份有限公司董事長
劉文雄，台灣電力與能源工程協會理事長
陳建富，國立成功大學電機工程學系兼任教授
林瑞青，輔仁大學會計學系教授
王韻淳，台灣電力股份有限公司副總經理
7.異動情形（請輸入「辭職」、「解任」、「任期屆滿」、「逝世」或「新任」）:
任期屆滿
8.異動原因:任期屆滿經董事會委任
9.原任期（例xx/xx/xx ~ xx/xx/xx）:112/06/30~115/06/29
10.新任生效日期:115/06/30
11.其他應敘明事項:無",material_event,NEUTRAL,LOW
,8926,台汽電,公告本公司董事會委任第6屆薪資報酬委員會委員,"1.發生變動日期:115/06/30
2.功能性委員會名稱:薪資報酬委員會
3.舊任者姓名:李漢申、葉繼升、陳建富、許泛舟、宋孟陽
4.舊任者簡歷:
李漢申，前台灣電力股份有限公司總經理
葉繼升，葉繼升律師事務所負責人
陳建富，國立成功大學電機工程學系兼任教授
許泛舟，前台灣電力股份有限公司人力資源處處長
宋孟陽，宋孟陽律師事務所負責人
5.新任者姓名:劉文雄、陳建富、林瑞青、許芳玲、宋孟陽
6.新任者簡歷:
劉文雄，台灣電力與能源工程協會理事長
陳建富，國立成功大學電機工程學系兼任教授
林瑞青，輔仁大學會計學系教授
許芳玲，前台灣電力股份有限公司人力資源處處長
宋孟陽，宋孟陽律師事務所負責人
7.異動情形（請輸入「辭職」、「解任」、「任期屆滿」、「逝世」或「新任」）:
任期屆滿
8.異動原因:任期屆滿經董事會委任
9.原任期（例xx/xx/xx ~ xx/xx/xx）:112/06/30~115/06/29
10.新任生效日期:115/06/30
11.其他應敘明事項:無",material_event,NEUTRAL,LOW
,2540,愛山林,公告本公司法人董事改派代表人,"1.發生變動日期:115/06/30
2.法人名稱:祝園實業股份有限公司
3.舊任者姓名:李高賜
4.舊任者簡歷:陞訊數據科技股份有限公司-董事長
5.新任者姓名:胡景翔
6.新任者簡歷:愛山林建設開發股份有限公司-副總經理
7.異動原因:法人董事改派代表人
8.原任期（例xx/xx/xx至xx/xx/xx）:
115/06/30至118/06/29
9.新任生效日期:115/06/30
10.其他應敘明事項:無。",material_event,NEUTRAL,LOW
,2891,中信金,"代子公司CTBC Capital Corp.公告
股東會重要決議事項","1.股東常會日期:115/06/30
2.重要決議事項一、盈餘分配或盈虧撥補:無
3.重要決議事項二、章程修訂:無
4.重要決議事項三、營業報告書及財務報表:無
5.重要決議事項四、董監事選舉:選任以下五席董事，自115年7月2日生效
鄭泰克先生
謝載祥先生
Noor Menai先生
Terrence J. Grasmick先生(外部董事)
Joseph H. Tseng先生(外部董事)
6.重要決議事項五、其他事項:無
7.其他應敘明事項:以書面決議代行股東會職權",material_event,NEUTRAL,LOW
,2891,中信金,"代子公司CTBC Bank Corp. (USA)公告
股東會重要決議事項","1.股東常會日期:115/06/30
2.重要決議事項一、盈餘分配或盈虧撥補:無
3.重要決議事項二、章程修訂:無
4.重要決議事項三、營業報告書及財務報表:無
5.重要決議事項四、董監事選舉:選任以下八席董事，自115年7月2日生效
鄭泰克先生
謝載祥先生
Noor Menai先生
黃志中先生
Anders Chung Yang先生(外部董事)
Terrence J. Grasmick先生(外部董事)
Shirley Yu-Tsui女士(外部董事)
Joseph H. Tseng先生(外部董事)
6.重要決議事項五、其他事項:無
7.其他應敘明事項:以CTBC Capital Corp.董事會決議代行股東會職權",material_event,NEUTRAL,LOW
,3712,永崴投控,代子公司森崴能源股份有限公司公告董事會選任董事長,"1.董事會決議日期或發生變動日期:115/06/30
2.人員別（請輸入董事長或總經理）:董事長
3.舊任者姓名:郭台強
4.舊任者簡歷:森崴能源股份有限公司董事長
5.新任者姓名:郭台強
6.新任者簡歷:森崴能源股份有限公司董事長
7.異動情形（請輸入「辭職」、「解任」、「任期屆滿」、「職務調整」、「資遣」、
「退休」、「逝世」或「新任」）:任期屆滿
8.異動原因:任期屆滿改選
9.新任生效日期:115/06/30
10.其他應敘明事項(若事件發生或決議之主體係屬公開發行以上公司，本則重大訊息同時
   符合證券交易法施行細則第7條第6款所定對股東權益或證券價格有重大影響之事項):無",material_event,NEUTRAL,LOW
,2233,宇隆,公告本公司法人董事改派代表人,"1.發生變動日期:115/06/30
2.法人名稱:伸興工業股份有限公司
3.舊任者姓名:周俊伸
4.舊任者簡歷:伸興工業股份有限公司副總經理
5.新任者姓名:蔡銘東
6.新任者簡歷:宇隆科技股份有限公司總經理
7.異動原因:法人董事改派代表人
8.原任期（例xx/xx/xx至xx/xx/xx）:114/05/29至117/05/28
9.新任生效日期:115/06/30
10.其他應敘明事項:無",material_event,NEUTRAL,LOW
,3712,永崴投控,"代子公司森崴能源股份有限公司公告董事會決議變更113年
第一次現金增資資金運用計畫","1.董事會決議變更日期:115/06/30
2.原計畫申報生效之日期:114/01/09
3.追補發行之日期:不適用
4.變動原因:
因又德風力發電股份有限公司募集資金進度受森崴能源股份有限公司財務狀況影響遞
延，森崴能源經審慎評估，擬變更資金用途，將投資又德風力金額新台幣20億元調整
為充實營運資金使用。變更計畫金額占原計畫金額50%。
5.歷次變更前後募集資金計畫:
變更前：新台幣20億元用以轉投資富崴能源，新台幣20億元用於轉投資又德風力。
變更後：新台幣20億元用以轉投資富崴能源，將原計畫投資又德風力金額新台幣20億
元調整為充實營運資金用途。
6.預計執行進度:截至115年第二季投資又德風力未支用餘額為新台幣20億元，
預計轉供作為充實營運資金使用，預計於115年第二季支用完畢。
7.預計完成日期:115年第二季。
8.預計可能產生效益:充實營運資金改善財務結構。
9.與原預計效益產生之差異:原計畫用於投資又德風力，變更為用於充實營運資金，可
挹注營運周轉使用，增加資金調度彈性，並強化財務結構。
10.本次變更對股東權益之影響:本次募集資金計畫經審慎評估後，為有效運用資金，擬
辦理計畫變更，使其更符合子公司資金運用之效益，對子公司未來之營運周轉及節省
利息支出有其效益，故此次計畫變更對股東權益應無重大不利之影響。
11.原主辦承銷商評估意見摘要:本次計畫變更金額達募資總額之50%，依「發行人募集與
發行有價證券處理準則」規定，需提到下一次股東會追認。
12.其他應敘明事項:無。",material_event,NEUTRAL,LOW
,6112,邁達特,公告本公司除息基準日為115年7月24日,"1.董事會、股東會決議或公司決定日期:115/06/30
2.除權、息類別（請填入「除權」、「除息」或「除權息」）:除息
3.普通股發放股利種類及金額:盈餘提撥配付現金股利新台幣310,789,604元
(每股約1.65元)。
4.除權（息）交易日:115/07/16
5.最後過戶日:115/07/19
6.停止過戶起始日期:115/07/20
7.停止過戶截止日期:115/07/24
8.除權（息）基準日:115/07/24
9.債券最後申請轉換日期:不適用。
10.債券停止轉換起始日期:不適用。
11.債券停止轉換截止日期:不適用。
12.普通股現金股利發放日期:115/08/14
13.其他應敘明事項:無。",material_event,POSITIVE,LOW
,7610,聯友金屬-創,補充公告本公司國內第一次無擔保轉換公司債轉換價格調整,"1.事實發生日:115/06/30
2.公司名稱:聯友金屬科技股份有限公司
3.與公司關係(請輸入本公司或子公司):本公司
4.相互持股比例:不適用
5.發生緣由:依本公司國內第一次無擔保轉換公司債發行及轉換辦法之規定，調整國內第
一次無擔保轉換公司債之轉換價格。
6.因應措施:本公司自115年7月19日(除權息基準日)起，國內第一次無擔保轉換公司債
之轉換價格由每股新台幣795.00元調整為662.30元。
7.其他應敘明事項(若事件發生或決議之主體係屬公開發行以上公司，本則重大訊息同時
  符合證券交易法施行細則第7條第9款所定對股東權益或證券價格有重大影響之事項):
115/06/29本公司發布之重大訊息僅計算除息調降後轉換價格。
本補充公告合併計算除息除權調降後轉換價格。",material_event,NEUTRAL,LOW
,9906,欣巴巴,股東會解除董事競業禁止限制,"1.股東會決議日:115/06/30
2.許可從事競業行為之董事姓名及職稱:
(1)董事 辰龍投資股份有限公司代表人：張宏圖
(2)董事 捷偉投資有限公司代表人：黃湘允
(3)獨立董事 張妍溱
(4)獨立董事 蔡淑貞
(5)獨立董事 蔡奇宏
(6)獨立董事 張慧蘭
3.許可從事競業行為之項目:與本公司營業範圍相同之項目
4.許可從事競業行為之期間:擔任本公司董事期間
5.決議情形（請依公司法第209條說明表決結果）:
以發行股份總數三分之二股東出席，及全體出席股東表決權過半數以上同意
6.所許可之競業行為如屬大陸地區事業之營業者，董事姓名及職稱
（非屬大陸地區事業之營業者，以下請輸〝不適用〞）:
(1)獨立董事 張慧蘭
7.所擔任該大陸地區事業之公司名稱及職務:
(1)重慶錫周殯葬服務有限公司  監事
(2)重慶錫寶殯儀科技有限公司  監事
(3)弘揚(中國)有限公司        董事
8.所擔任該大陸地區事業地址:
(1)重慶錫周殯葬服務有限公司
重慶市渝中區和平路211號
(2)重慶錫寶殯儀科技有限公司
重慶市渝中區和平路中興花園大廈1單元
(3)弘揚(中國)有限公司
九龍紅磡民裕街30號 Summit Building 4樓B3室
9.所擔任該大陸地區事業營業項目:
(1)重慶錫周殯葬服務有限公司
殯葬服務業
(2)重慶錫寶殯儀科技有限公司
殯葬服務業
(3)弘揚(中國)有限公司
投資控股
10.對本公司財務業務之影響程度:無
11.董事如有對該大陸地區事業從事投資者，其投資金額及持股比例:無
12.其他應敘明事項:無",material_event,NEUTRAL,LOW
,6931,青松健康,代子公司青松長照社團法人公告向關係人處分使用權資產(提前終止租賃契約),"1.標的物之名稱及性質（如坐落台中市北區ＸＸ段ＸＸ小段土地）:
台中市大里區中投西路三段219號1~7樓
2.事實發生日:115/6/30~115/6/30
3.董事會通過日期: 民國115年6月30日
4.其他核決日期: 不適用
5.交易單位數量（如ＸＸ平方公尺，折合ＸＸ坪）、每單位價格及交易總金額:
交易單位數量: 面積約6650.24平方公尺，折合2011.70坪
租金總金額: 租金為每個月490,000元(含稅)
使用權資產總金額:57,079,907元
6.交易相對人及其與公司之關係（交易相對人如屬自然人，且非公司之關
係人者，得免揭露其姓名）:
交易相對人:陳煥章、周黃菮、陳金國、劉素精、陳舜田、胡素英、
陳樹松、陳謀、陳錢。
與公司之關係:陳謀為本法人母公司董事；其餘陳謀二親等
等8人為實質關係人。
7.交易相對人為關係人者，並應公告選定關係人為交易對象之原因及前次移轉之
所有人、前次移轉之所有人與公司及交易相對人間相互之關係、前次移轉日期
及移轉金額:
選定關係人為交易對象之原因:不適用
前次移轉之所有人：不適用
前次移轉之所有人與公司之關係：不適用
前次移轉之所有人與交易相對人間相互之關係：不適用
前次移轉日期：不適用
移轉金額：不適用
8.交易標的最近五年內所有權人曾為公司之關係人者，尚應公告關係
人之取得及處分日期、價格及交易當時與公司之關係:
不適用。
9.預計處分利益（或損失）（取得資產者不適用）（遞延者應列表說明
認列情形）:
預計處分利益:1,343,474元
10.交付或付款條件（含付款期間及金額）、契約限制條款及其他重要約定
事項:
原租賃期間為110/05/01-121/12/31，按月支付租金新台幣490,000 (含稅)。
契約限制條款及其他重要約定事項：無。
11.本次交易之決定方式（如招標、比價或議價）、價格決定之參考依據及
決策單位:
決策單位︰董事會。
12.專業估價者事務所或公司名稱及其估價金額:
不適用。
13.專業估價師姓名:
不適用。
14.專業估價師開業證書字號:
不適用。
15.估價報告是否為限定價格、特定價格或特殊價格:否或不適用
16.是否尚未取得估價報告:否或不適用
17.尚未取得估價報告之原因:
不適用
18.估價結果有重大差異時，其差異原因及會計師意見:
不適用。
19.會計師事務所名稱:
不適用。
20.會計師姓名:
不適用。
21.會計師開業證書字號:
不適用。
22.經紀人及經紀費用:
不適用。
23.取得或處分之具體目的或用途:
為配合主管機關要求，擬於民國115年6月30日終止原租賃合約，並另簽訂新契約。
24.本次交易表示異議之董事之意見:
無。
25.本次交易為關係人交易:是
26.監察人承認或審計委員會同意日期:
民國115年06月30日。
27.本次交易係向關係人取得不動產或其使用權資產:否
28.依「公開發行公司取得或處分資產處理準則」第十六條規定
評估之價格:不適用
29.依前項評估之價格較交易價格為低者，依同準則第十七條規
定評估之價格:不適用
30.前已就同一件事件發布重大訊息日期: 不適用
31.其他敘明事項:
無。",material_event,NEGATIVE,HIGH
,6931,青松健康,代子公司青松長照社團法人公告向關係人取得使用權資產,"1.標的物之名稱及性質（如坐落台中市北區ＸＸ段ＸＸ小段土地）:
台中市大里區中投西路三段219號1~7樓
2.事實發生日:115/6/30~115/6/30
3.董事會通過日期: 民國115年6月30日
4.其他核決日期: 不適用
5.交易單位數量（如ＸＸ平方公尺，折合ＸＸ坪）、每單位價格及交易總金額:
交易單位數量: 面積約6650.24平方公尺，折合2011.70坪
租金總金額: 租金為每個月490,000元(含稅)
使用權資產總金額: 78,950,336元
6.交易相對人及其與公司之關係（交易相對人如屬自然人，且非公司之關
係人者，得免揭露其姓名）:
陳煥章、陳金國、劉素精、陳舜田、胡素英、陳樹松、陳謀、陳錢、陳宥任、陳品安。
與公司之關係:陳謀及陳宥任為本法人母公司董事；其餘陳謀、陳宥任二親等等8人為
實質關係人。
7.交易相對人為關係人者，並應公告選定關係人為交易對象之原因及前次移轉之
所有人、前次移轉之所有人與公司及交易相對人間相互之關係、前次移轉日期
及移轉金額:
選定關係人為交易對象之原因:
為確保營運場所使用之連續性及穩定性及基於業務上整體規劃,本法人營運單位
大里青松及夏田青松向原房東延續租賃。
前次移轉之所有人：不適用
前次移轉之所有人與公司之關係：不適用
前次移轉之所有人與交易相對人間相互之關係：不適用
前次移轉日期：不適用
移轉金額：不適用
8.交易標的最近五年內所有權人曾為公司之關係人者，尚應公告關係
人之取得及處分日期、價格及交易當時與公司之關係:
不適用。
9.預計處分利益（或損失）（取得資產者不適用）（遞延者應列表說明
認列情形）:
不適用。
10.交付或付款條件（含付款期間及金額）、契約限制條款及其他重要約定
事項:
租賃期間為115/07/01~131/12/31，按月支付租金新台幣490,000 (含稅)。
契約限制條款及其他重要約定事項：無。
11.本次交易之決定方式（如招標、比價或議價）、價格決定之參考依據及
決策單位:
交易決定方式：雙方議價。
價格決定之參考依據︰參考周邊市場行情。
決策單位︰董事會。
12.專業估價者事務所或公司名稱及其估價金額:
不適用。
13.專業估價師姓名:
不適用。
14.專業估價師開業證書字號:
不適用。
15.估價報告是否為限定價格、特定價格或特殊價格:否或不適用
16.是否尚未取得估價報告:否或不適用
17.尚未取得估價報告之原因:
不適用
18.估價結果有重大差異時，其差異原因及會計師意見:
不適用。
19.會計師事務所名稱:
不適用。
20.會計師姓名:
不適用。
21.會計師開業證書字號:
不適用。
22.經紀人及經紀費用:
不適用。
23.取得或處分之具體目的或用途:
營運使用。
24.本次交易表示異議之董事之意見:
無。
25.本次交易為關係人交易:是
26.監察人承認或審計委員會同意日期:
民國115年06月30日。
27.本次交易係向關係人取得不動產或其使用權資產:是
28.依「公開發行公司取得或處分資產處理準則」第十六條規定
評估之價格:不適用
29.依前項評估之價格較交易價格為低者，依同準則第十七條規
定評估之價格:不適用
30.前已就同一件事件發布重大訊息日期: 不適用
31.其他敘明事項:
無。",material_event,NEGATIVE,HIGH
,6931,青松健康,代子公司青松長照社團法人公告向關係人取得使用權資產,"1.標的物之名稱及性質（如坐落台中市北區ＸＸ段ＸＸ小段土地）:
南投縣草屯鎮新豐路728巷30號2樓
2.事實發生日:115/6/30~115/6/30
3.董事會通過日期: 民國115年6月30日
4.其他核決日期: 不適用
5.交易單位數量（如ＸＸ平方公尺，折合ＸＸ坪）、每單位價格及交易總金額:
交易單位數量: 面積約334.58平方公尺，折合101.21坪
租金總金額: 租金為每個月22,749元(含稅)
使用權資產總金額: 1,150,722元
6.交易相對人及其與公司之關係（交易相對人如屬自然人，且非公司之關
係人者，得免揭露其姓名）:
交易相對人:陳煥章、陳金國、陳舜田、陳樹松、陳謀、陳錢、陳慧英、黃振昌。
與公司之關係:陳謀為本法人母公司董事；其餘陳謀二親等等7人為實質關係人。
7.交易相對人為關係人者，並應公告選定關係人為交易對象之原因及前次移轉之
所有人、前次移轉之所有人與公司及交易相對人間相互之關係、前次移轉日期
及移轉金額:
選定關係人為交易對象之原因:
為整合員工宿舍管理作業，提升住宿資源配置及管理效率。
本法人營運單位草屯青松及新豐青松基於業務上整體規劃,向原房東租賃。
前次移轉之所有人：不適用
前次移轉之所有人與公司之關係：不適用
前次移轉之所有人與交易相對人間相互之關係：不適用
前次移轉日期：不適用
移轉金額：不適用
8.交易標的最近五年內所有權人曾為公司之關係人者，尚應公告關係
人之取得及處分日期、價格及交易當時與公司之關係:
不適用。
9.預計處分利益（或損失）（取得資產者不適用）（遞延者應列表說明
認列情形）:
不適用。
10.交付或付款條件（含付款期間及金額）、契約限制條款及其他重要約定
事項:
租賃期間為115/07/01~120/06/30，按月支付租金新台幣22,749(含稅)。
契約限制條款及其他重要約定事項：無。
11.本次交易之決定方式（如招標、比價或議價）、價格決定之參考依據及
決策單位:
交易決定方式：雙方議價。
價格決定之參考依據︰參考周邊市場行情。
決策單位︰董事會。
12.專業估價者事務所或公司名稱及其估價金額:
不適用。
13.專業估價師姓名:
不適用。
14.專業估價師開業證書字號:
不適用。
15.估價報告是否為限定價格、特定價格或特殊價格:否或不適用
16.是否尚未取得估價報告:否或不適用
17.尚未取得估價報告之原因:
不適用
18.估價結果有重大差異時，其差異原因及會計師意見:
不適用。
19.會計師事務所名稱:
不適用。
20.會計師姓名:
不適用。
21.會計師開業證書字號:
不適用。
22.經紀人及經紀費用:
不適用。
23.取得或處分之具體目的或用途:
營運使用。
24.本次交易表示異議之董事之意見:
無。
25.本次交易為關係人交易:是
26.監察人承認或審計委員會同意日期:
民國115年06月30日。
27.本次交易係向關係人取得不動產或其使用權資產:是
28.依「公開發行公司取得或處分資產處理準則」第十六條規定
評估之價格:不適用
29.依前項評估之價格較交易價格為低者，依同準則第十七條規
定評估之價格:不適用
30.前已就同一件事件發布重大訊息日期: 不適用
31.其他敘明事項:
無。",material_event,NEGATIVE,HIGH
,5258,虹堡,公告本公司董事辭任,"1.發生變動日期:115/06/30
2.選任或變動人員別（請輸入法人董事、法人監察人、獨立董事、自然人董事
  或自然人監察人）:自然人董事
3.舊任者職稱及姓名:董事 黃佳華
4.舊任者簡歷:虹堡科技股份有限公司 營運長
5.新任者職稱及姓名:不適用
6.新任者簡歷:不適用
7.異動情形（請輸入「辭職」、「解任」、「任期屆滿」、「逝世」或「新任」）:
辭職
8.異動原因:辭職
9.新任者選任時持股數:不適用
10.原任期（例xx/xx/xx ~ xx/xx/xx）:113/06/18~116/06/17
11.新任生效日期:不適用
12.同任期董事變動比率:1/7
13.同任期獨立董事變動比率:不適用
14.同任期監察人變動比率:不適用
15.屬三分之一以上董事發生變動（請輸入是或否）:否
16.其他應敘明事項(若事件發生或決議之主體係屬公開發行以上公司，本則重大訊息同時
   符合證券交易法施行細則第7條第6款所定對股東權益或證券價格有重大影響之事項):
本公司於115年6月30日接獲其辭任書，自即日起辭任。",material_event,NEUTRAL,LOW
,2891,中信金,代子公司CTBC Capital Corp.公告董事選任名單,"1.發生變動日期:115/06/30
2.選任或變動人員別（請輸入法人董事、法人監察人、獨立董事、自然人董事
  或自然人監察人）:自然人董事
3.舊任者職稱及姓名:
(1)董事，鄭泰克(Tai-Keh Cheng)
(2)董事，Noor Menai
(3)董事，謝載祥(Tsai-Jay Hsia)
(4)外部董事，Terrence J. Grasmick
(5)外部董事，Joseph H. Tseng
4.舊任者簡歷:
(1)鄭泰克(Tai-Keh Cheng):
   CTBC Capital Corp. 董事長
(2)Noor Menai:
   CTBC Capital Corp. 董事
(3)謝載祥(Tsai-Jay Hsia):
   CTBC Capital Corp. 董事
(4)Terrence J. Grasmick:
   CTBC Capital Corp. 外部董事
(5)Joseph H. Tseng:
   CTBC Capital Corp. 外部董事
5.新任者職稱及姓名:
(1)董事，鄭泰克(Tai-Keh Cheng)
(2)董事，Noor Menai
(3)董事，謝載祥(Tsai-Jay Hsia)
(4)外部董事，Terrence J. Grasmick
(5)外部董事，Joseph H. Tseng
6.新任者簡歷:
(1)鄭泰克(Tai-Keh Cheng):
   CTBC Capital Corp. 董事長
(2)Noor Menai:
   CTBC Capital Corp. 董事
(3)謝載祥(Tsai-Jay Hsia):
   CTBC Capital Corp. 董事
(4)Terrence J. Grasmick:
   CTBC Capital Corp. 外部董事
(5)Joseph H. Tseng:
   CTBC Capital Corp. 外部董事
7.異動情形（請輸入「辭職」、「解任」、「任期屆滿」、「逝世」或「新任」）:
 任期屆滿
8.異動原因:股東會選任
9.新任者選任時持股數:不適用
10.原任期（例xx/xx/xx ~ xx/xx/xx）:114/07/02至115/07/01
11.新任生效日期:115/07/02
12.同任期董事變動比率:不適用
13.同任期獨立董事變動比率:不適用
14.同任期監察人變動比率:不適用
15.屬三分之一以上董事發生變動（請輸入是或否）:否
16.其他應敘明事項(若事件發生或決議之主體係屬公開發行以上公司，本則重大訊息同時
   符合證券交易法施行細則第7條第6款所定對股東權益或證券價格有重大影響之事項):
  因兩地時區差異，本次選任於美國時間7月1日生效，為臺灣時間7月2日。",material_event,NEUTRAL,LOW
,2891,中信金,代子公司CTBC Capital Corp.公告董事會推選董事長,"1.董事會決議日期或發生變動日期:115/06/30
2.人員別（請輸入董事長或總經理）:董事長
3.舊任者姓名:鄭泰克(Tai-Keh Cheng)
4.舊任者簡歷:CTBC Capital Corp.董事長
5.新任者姓名:鄭泰克(Tai-Keh Cheng)
6.新任者簡歷:CTBC Capital Corp.董事長
7.異動情形（請輸入「辭職」、「解任」、「任期屆滿」、「職務調整」、「資遣」、
「退休」、「逝世」或「新任」）:任期屆滿
8.異動原因:改選
9.新任生效日期:115/07/02
10.其他應敘明事項(若事件發生或決議之主體係屬公開發行以上公司，本則重大訊息同時
   符合證券交易法施行細則第7條第6款所定對股東權益或證券價格有重大影響之事項):
  因兩地時區差異，本次推選於美國時間7月1日生效，為臺灣時間7月2日。",material_event,NEUTRAL,LOW
,2891,中信金,代子公司CTBC Bank Corp. (USA)公告董事選任名單,"1.發生變動日期:115/06/30
2.選任或變動人員別（請輸入法人董事、法人監察人、獨立董事、自然人董事
  或自然人監察人）:自然人董事
3.舊任者職稱及姓名:
(1)董事，鄭泰克(Tai-Keh Cheng)
(2)董事，Noor Menai
(3)董事，謝載祥(Tsai-Jay Hsia)
(4)董事，黃志中(Chih-Chung Huang)
(5)外部董事，Terrence J. Grasmick
(6)外部董事，William Walbrecher
(7)外部董事，Joseph H. Tseng
(8)外部董事，Anders Chung Yang
4.舊任者簡歷:
(1)鄭泰克(Tai-Keh Cheng):
   CTBC Bank Corp. (USA)董事長
(2)Noor Menai:
   CTBC Bank Corp. (USA)董事
(3)謝載祥(Tsai-Jay Hsia):
   CTBC Bank Corp. (USA)董事
(4)黃志中(Chih-Chung Huang):
   CTBC Bank Corp. (USA)董事
(5)Terrence J. Grasmick:
   CTBC Bank Corp. (USA)外部董事
(6)William Walbrecher:
   CTBC Bank Corp. (USA)外部董事
(7)Joseph H. Tseng:
   CTBC Bank Corp. (USA)外部董事
(8)Anders Chung Yang:
   CTBC Bank Corp. (USA)外部董事
5.新任者職稱及姓名:
(1)董事，鄭泰克(Tai-Keh Cheng)
(2)董事，Noor Menai
(3)董事，謝載祥(Tsai-Jay Hsia)
(4)董事，黃志中(Chih-Chung Huang)
(5)外部董事，Terrence J. Grasmick
(6)外部董事，Joseph H. Tseng
(7)外部董事，Anders Chung Yang
(8)外部董事，Shirley Yu-Tsui
6.新任者簡歷:
(1)鄭泰克(Tai-Keh Cheng):
   CTBC Bank Corp. (USA)董事長
(2)Noor Menai:
   CTBC Bank Corp. (USA)董事
(3)謝載祥(Tsai-Jay Hsia):
   CTBC Bank Corp. (USA)董事
(4)黃志中(Chih-Chung Huang):
   CTBC Bank Corp. (USA)董事
(5)Terrence J. Grasmick:
   CTBC Bank Corp. (USA)外部董事
(6)Joseph H. Tseng:
   CTBC Bank Corp. (USA)外部董事
(7)Anders Chung Yang:
   CTBC Bank Corp. (USA)外部董事
(8)Shirley Yu-Tsui :
   Visa Inc大中華區總裁
7.異動情形（請輸入「辭職」、「解任」、「任期屆滿」、「逝世」或「新任」）:
 任期屆滿
8.異動原因:股東會選任
9.新任者選任時持股數:不適用
10.原任期（例xx/xx/xx ~ xx/xx/xx）:114/07/02至115/07/01
11.新任生效日期:115/07/02
12.同任期董事變動比率:不適用
13.同任期獨立董事變動比率:不適用
14.同任期監察人變動比率:不適用
15.屬三分之一以上董事發生變動（請輸入是或否）:否
16.其他應敘明事項(若事件發生或決議之主體係屬公開發行以上公司，本則重大訊息同時
   符合證券交易法施行細則第7條第6款所定對股東權益或證券價格有重大影響之事項):
  因兩地時區差異，本次選任於美國時間7月1日生效，為臺灣時間7月2日。",material_event,NEUTRAL,LOW
,6128,上福,公告本公司財務主管、代理發言人異動,"1.人員變動別（請輸入發言人、代理發言人、重要營運主管(如:執行長、營運長、
行銷長及策略長等)、財務主管、會計主管、公司治理主管、資訊安全長、研發主管、
內部稽核主管或訴訟及非訟代理人）:財務主管、代理發言人
2.發生變動日期:115/06/30
3.舊任者姓名、級職及簡歷:黃育華副總經理，上福全球科技(股)公司財務部副總經理
4.新任者姓名、級職及簡歷:黃景鴻協理，上福全球科技(股)公司財務部協理
5.異動情形（請輸入「辭職」、「職務調整」、「資遣」、「退休」、「死亡」、「新
任」或「解任」）:退休
6.異動原因:退休
7.生效日期:115/07/01
8.其他應敘明事項:無",material_event,NEGATIVE,HIGH
,2891,中信金,代子公司CTBC Bank Corp. (USA)公告董事會推選董事長,"1.董事會決議日期或發生變動日期:115/06/30
2.人員別（請輸入董事長或總經理）:董事長
3.舊任者姓名:鄭泰克(Tai-Keh Cheng)
4.舊任者簡歷:CTBC Bank Corp. (USA) 董事長
5.新任者姓名:鄭泰克(Tai-Keh Cheng)
6.新任者簡歷:CTBC Bank Corp. (USA) 董事長
7.異動情形（請輸入「辭職」、「解任」、「任期屆滿」、「職務調整」、「資遣」、
「退休」、「逝世」或「新任」）:任期屆滿
8.異動原因:改選
9.新任生效日期:115/07/02
10.其他應敘明事項(若事件發生或決議之主體係屬公開發行以上公司，本則重大訊息同時
   符合證券交易法施行細則第7條第6款所定對股東權益或證券價格有重大影響之事項):
  因兩地時區差異，本次推選於美國時間7月1日生效，為臺灣時間7月2日。",material_event,NEUTRAL,LOW
,2889,國票金,"代子公司國票期貨股份有限公司公告第十二屆董事會
選舉董事長","1.董事會決議日期或發生變動日期:115/06/30
2.人員別（請輸入董事長或總經理）:董事長
3.舊任者姓名:國票綜合證券(股)公司代表人：何志強
4.舊任者簡歷:國票綜合證券(股)公司代表人：何志強/國票綜合證券(股)公司董事長
5.新任者姓名:國票綜合證券(股)公司代表人：何志強
6.新任者簡歷:國票綜合證券(股)公司代表人：何志強/國票綜合證券(股)公司董事長
7.異動情形（請輸入「辭職」、「解任」、「任期屆滿」、「職務調整」、「資遣」、
「退休」、「逝世」或「新任」）:任期屆滿
8.異動原因:任期屆滿改選
9.新任生效日期:115/06/30
10.其他應敘明事項(若事件發生或決議之主體係屬公開發行以上公司，本則重大訊息同時
   符合證券交易法施行細則第7條第6款所定對股東權益或證券價格有重大影響之事項):
無",material_event,NEUTRAL,LOW
,2889,國票金,"代子公司國票期貨股份有限公司公告董事會通過總經理
續任案","1.董事會決議日期或發生變動日期:115/06/30
2.人員別（請輸入董事長或總經理）:總經理
3.舊任者姓名:周武華
4.舊任者簡歷:國票期貨(股)公司總經理
5.新任者姓名:周武華
6.新任者簡歷:國票期貨(股)公司總經理
7.異動情形（請輸入「辭職」、「解任」、「任期屆滿」、「職務調整」、「資遣」、
「退休」、「逝世」或「新任」）:任期屆滿
8.異動原因:任期屆滿
9.新任生效日期:115/06/26
10.其他應敘明事項(若事件發生或決議之主體係屬公開發行以上公司，本則重大訊息同時
   符合證券交易法施行細則第7條第6款所定對股東權益或證券價格有重大影響之事項):
第十二屆董事會第1次會議通過續聘",material_event,NEUTRAL,LOW
,1589,永冠-KY,公告本公司2026年股東常會流會,"1.事實發生日:115/06/30
2.公司名稱:永冠能源科技集團有限公司
3.與公司關係(請輸入本公司或子公司):本公司
4.相互持股比例:不適用
5.發生緣由:
  依公司法第174條規定，股東會之召開需達已發行股份總數過半數股東之出席，本公司
  2026年股東常會出席股數為11,705,969股，出席率為7.64%，尚未達本公司已發行股份
  總數之二分之一(即76,567,971股)，經主席宣布本次2026年股東常會流會。
6.因應措施:
  本公司將擇期另行召集股東常會。
7.其他應敘明事項(若事件發生或決議之主體係屬公開發行以上公司，本則重大訊息同時
  符合證券交易法施行細則第7條第9款所定對股東權益或證券價格有重大影響之事項):
  無。",material_event,NEUTRAL,LOW
,3711,日月光投控,"代子公司日月光半導體製造(股)公司公告
取得盟立自動化股份有限公司供營業用之機器設備","1.標的物之名稱及性質（如坐落台中市北區ＸＸ段ＸＸ小段土地）:
供營業用之機器設備
2.事實發生日:114/11/3~115/6/30
3.董事會通過日期: 不適用
4.其他核決日期:
核決層級:總經理核決
民國115年6月30日
5.交易單位數量（如ＸＸ平方公尺，折合ＸＸ坪）、每單位價格及交易總金額:
交易數量：一批
每單位價格計：新台幣1,457,320仟元(未稅)
累計交易總金額計：新台幣1,457,320仟元(未稅)
6.交易相對人及其與公司之關係（交易相對人如屬自然人，且非公司之關
係人者，得免揭露其姓名）:
交易相對人：盟立自動化股份有限公司
與公司之關係：無
7.交易相對人為關係人者，並應公告選定關係人為交易對象之原因及前次移轉之
所有人、前次移轉之所有人與公司及交易相對人間相互之關係、前次移轉日期
及移轉金額:
不適用
8.交易標的最近五年內所有權人曾為公司之關係人者，尚應公告關係
人之取得及處分日期、價格及交易當時與公司之關係:
不適用
9.預計處分利益（或損失）（取得資產者不適用）（遞延者應列表說明
認列情形）:
不適用
10.交付或付款條件（含付款期間及金額）、契約限制條款及其他重要約定
事項:
交付或付款條件：電匯或信用狀付款
契約限制條款：無
其他重要約定事項：無
11.本次交易之決定方式（如招標、比價或議價）、價格決定之參考依據及
決策單位:
交易之決定方式及價格決定之參考依據：比價及議價
決策單位：依該公司核決權限規定辦理
12.專業估價者事務所或公司名稱及其估價金額:
不適用
13.專業估價師姓名:
不適用
14.專業估價師開業證書字號:
不適用
15.估價報告是否為限定價格、特定價格或特殊價格:否或不適用
16.是否尚未取得估價報告:否或不適用
17.尚未取得估價報告之原因:
不適用
18.估價結果有重大差異時，其差異原因及會計師意見:
不適用
19.會計師事務所名稱:
不適用
20.會計師姓名:
不適用
21.會計師開業證書字號:
不適用
22.經紀人及經紀費用:
無
23.取得或處分之具體目的或用途:
供生產及營運用
24.本次交易表示異議之董事之意見:
不適用
25.本次交易為關係人交易:否
26.監察人承認或審計委員會同意日期:
不適用
27.本次交易係向關係人取得不動產或其使用權資產:否
28.依「公開發行公司取得或處分資產處理準則」第十六條規定
評估之價格:不適用
29.依前項評估之價格較交易價格為低者，依同準則第十七條規
定評估之價格:不適用
30.前已就同一件事件發布重大訊息日期: 不適用
31.其他敘明事項:
無",material_event,NEGATIVE,HIGH
,2408,南亞科,公告本公司取得機器設備,"1.標的物之名稱及性質（如坐落台中市北區ＸＸ段ＸＸ小段土地）:
機器設備
2.事實發生日:115/6/30~115/6/30
3.董事會通過日期: 不適用
4.其他核決日期:
核決層級:董事長
民國115年6月30日
5.交易單位數量（如ＸＸ平方公尺，折合ＸＸ坪）、每單位價格及交易總金額:
交易數量：一批
交易總金額：折合新台幣約2,402,180,000元
6.交易相對人及其與公司之關係（交易相對人如屬自然人，且非公司之關
係人者，得免揭露其姓名）:
ADVANTEST TAIWAN INC.，與公司關係：無。
7.交易相對人為關係人者，並應公告選定關係人為交易對象之原因及前次移轉之
所有人、前次移轉之所有人與公司及交易相對人間相互之關係、前次移轉日期
及移轉金額:
不適用
8.交易標的最近五年內所有權人曾為公司之關係人者，尚應公告關係
人之取得及處分日期、價格及交易當時與公司之關係:
不適用
9.預計處分利益（或損失）（取得資產者不適用）（遞延者應列表說明
認列情形）:
不適用
10.交付或付款條件（含付款期間及金額）、契約限制條款及其他重要約定
事項:
依訂單條件付款
11.本次交易之決定方式（如招標、比價或議價）、價格決定之參考依據及
決策單位:
比、議價：依廠商及其他廠商提供之報價單等作為參考依據，
並依本公司核決權限規定辦理。
12.專業估價者事務所或公司名稱及其估價金額:
不適用
13.專業估價師姓名:
不適用
14.專業估價師開業證書字號:
不適用
15.估價報告是否為限定價格、特定價格或特殊價格:否或不適用
16.是否尚未取得估價報告:否或不適用
17.尚未取得估價報告之原因:
不適用
18.估價結果有重大差異時，其差異原因及會計師意見:
不適用
19.會計師事務所名稱:
不適用
20.會計師姓名:
不適用
21.會計師開業證書字號:
不適用
22.經紀人及經紀費用:
不適用
23.取得或處分之具體目的或用途:
生產用途
24.本次交易表示異議之董事之意見:
不適用
25.本次交易為關係人交易:否
26.監察人承認或審計委員會同意日期:
不適用
27.本次交易係向關係人取得不動產或其使用權資產:否
28.依「公開發行公司取得或處分資產處理準則」第十六條規定
評估之價格:不適用
29.依前項評估之價格較交易價格為低者，依同準則第十七條規
定評估之價格:不適用
30.前已就同一件事件發布重大訊息日期: 不適用
31.其他敘明事項:
無",material_event,NEGATIVE,HIGH
,2323,中環,公告本公司取得有價證券,"1.證券名稱:
南亞科 普通股
2.交易日期:115/6/29~115/6/30
3.董事會通過日期: 不適用
4.其他核決日期:
核決層級:董事長核決
民國115年06月30日
5.交易數量、每單位價格及交易總金額:
交易數量(仟股):890
每單位價格(元):446.30
交易總金額(元):397,207,336
6.處分利益（或損失）（取得有價證券者不適用）:
不適用
7.與交易標的公司之關係:
無
8.迄目前為止，累積持有本交易證券（含本次交易）之數量、金額、持股
比例及權利受限情形（如質押情形）:
持有餘額:2,004,000股、金額:924,424,759元    
持股比例:0.06%、權利受限情形: 無
9.迄目前為止，依「公開發行公司取得或處分資產處理準則」第三條所列之有價證券投
資（含本次交易）占公司最近期財務報表中總資產及歸屬於母公司業主之權益之比例
暨最近期財務報表中營運資金數額:
占總資產比例:82.70%  
占歸屬於母公司業主之權益比例:118.78% 
營運資金數額:8,285,327仟元
10.取得或處分之具體目的:
投資組合
11.本次交易表示異議董事之意見:
無
12.本次交易為關係人交易:
否
13.交易相對人及其與公司之關係:
不適用
14.監察人承認或審計委員會同意日期:
不適用
15.前已就同一件事件發布重大訊息日期: 不適用
16.其他敘明事項:
已於115/03/31授權有權交易人在115年第二季期間，得於集中交易市場進行有價證券交易",material_event,NEGATIVE,HIGH
,2801,彰銀,公告本公司董事異動事宜,"1.發生變動日期:115/06/30
2.法人名稱:財政部
3.舊任者姓名:郭昭宏
4.舊任者簡歷:彰化銀行董事
5.新任者姓名:無
6.新任者簡歷:不適用
7.異動原因:辭職
8.原任期（例xx/xx/xx至xx/xx/xx）:115/06/19-118/06/18
9.新任生效日期:不適用
10.其他應敘明事項:依據本行於115年6月30日接獲郭昭宏先生之董事辭職書辦理。",material_event,NEUTRAL,LOW
,2880,華南金,代子公司華南金資產管理股份有限公司公告取得使用權資產,"1.標的物之名稱及性質（如坐落台中市北區ＸＸ段ＸＸ小段土地）:
台北市中山區長安東路一段18號4樓
2.事實發生日:115/6/30~115/6/30
3.董事會通過日期: 民國115年6月30日
4.其他核決日期: 不適用
5.交易單位數量（如ＸＸ平方公尺，折合ＸＸ坪）、每單位價格及交易總金額:
租賃面積：337.58坪
每單位價格：每坪每月新台幣1,700元
交易總金額：新台幣20,659,896元
6.交易相對人及其與公司之關係（交易相對人如屬自然人，且非公司之關
係人者，得免揭露其姓名）:
交易對象：華南商業銀行股份有限公司
與公司之關係：關係人
7.交易相對人為關係人者，並應公告選定關係人為交易對象之原因及前次移轉之
所有人、前次移轉之所有人與公司及交易相對人間相互之關係、前次移轉日期
及移轉金額:
選定關係人為交易對象之原因：本公司自94年成立之初即向華南商業銀行承租
作為自用營業場所使用，暫無搬遷考量。
前次移轉之所有人、前次移轉日期、前次移轉金額：不適用
8.交易標的最近五年內所有權人曾為公司之關係人者，尚應公告關係
人之取得及處分日期、價格及交易當時與公司之關係:
不適用
9.預計處分利益（或損失）（取得資產者不適用）（遞延者應列表說明
認列情形）:
不適用
10.交付或付款條件（含付款期間及金額）、契約限制條款及其他重要約定
事項:
付款條件：每月支付一次，每次支付新台幣573,886元
契約限制條款及其他重要約定事項：租賃期間自115年8月1日起至118年7月31日止
11.本次交易之決定方式（如招標、比價或議價）、價格決定之參考依據及
決策單位:
本次交易決定方式：議價
價格決定參考依據：係參考本棟大樓其他承租戶
決策單位：董事會
12.專業估價者事務所或公司名稱及其估價金額:
不適用
13.專業估價師姓名:
不適用
14.專業估價師開業證書字號:
不適用
15.估價報告是否為限定價格、特定價格或特殊價格:否或不適用
16.是否尚未取得估價報告:否或不適用
17.尚未取得估價報告之原因:
不適用
18.估價結果有重大差異時，其差異原因及會計師意見:
不適用
19.會計師事務所名稱:
不適用
20.會計師姓名:
不適用
21.會計師開業證書字號:
不適用
22.經紀人及經紀費用:
不適用
23.取得或處分之具體目的或用途:
作為自用營業場所使用
24.本次交易表示異議之董事之意見:
無
25.本次交易為關係人交易:是
26.監察人承認或審計委員會同意日期:
民國115年6月30日
27.本次交易係向關係人取得不動產或其使用權資產:是
28.依「公開發行公司取得或處分資產處理準則」第十六條規定
評估之價格:不適用
29.依前項評估之價格較交易價格為低者，依同準則第十七條規
定評估之價格:不適用
30.前已就同一件事件發布重大訊息日期: 不適用
31.其他敘明事項:
無",material_event,NEGATIVE,HIGH
,2323,中環,公告本公司處分有價證券,"1.證券名稱:
南亞科 普通股
2.交易日期:115/6/29~115/6/30
3.董事會通過日期: 不適用
4.其他核決日期:
核決層級:董事長核決
民國115年06月30日
5.交易數量、每單位價格及交易總金額:
交易數量(仟股):1,180
每單位價格(元):452.11
交易總金額(元):533,492,494
6.處分利益（或損失）（取得有價證券者不適用）:
處分利益2,181,079元
7.與交易標的公司之關係:
無
8.迄目前為止，累積持有本交易證券（含本次交易）之數量、金額、持股
比例及權利受限情形（如質押情形）:
持有餘額:2,004,000股、金額:924,424,759元 
持股比例:0.06%、權利受限情形: 無
9.迄目前為止，依「公開發行公司取得或處分資產處理準則」第三條所列之有價證券投
資（含本次交易）占公司最近期財務報表中總資產及歸屬於母公司業主之權益之比例
暨最近期財務報表中營運資金數額:
占總資產比例:82.70%   
占歸屬於母公司業主之權益比例:118.78%   
營運資金數額:8,285,327仟元
10.取得或處分之具體目的:
投資組合
11.本次交易表示異議董事之意見:
無
12.本次交易為關係人交易:
否
13.交易相對人及其與公司之關係:
不適用
14.監察人承認或審計委員會同意日期:
不適用
15.前已就同一件事件發布重大訊息日期: 不適用
16.其他敘明事項:
已於115/03/31授權有權交易人在115年第二季期間，得於集中交易市場進行有價證券交易",material_event,NEGATIVE,HIGH
,2882,國泰金,代子公司國泰世華商業銀行公告授信資產之轉讓,"1.標的物之名稱及性質（屬特別股者，並應標明特別股約定發行條件，如股息率等）:
聯合授信資產之轉讓
2.事實發生日:115/6/30~115/6/30
3.董事會通過日期: 不適用
4.其他核決日期:
核決層級:總經理
民國115年06月30日
5.交易單位數量、每單位價格及交易總金額:
美金10,000,000.00元整
6.交易相對人及其與公司之關係（交易相對人如屬自然人，且非公司之
關係人者，得免揭露其姓名）:
BDO Unibank, Inc. /無
7.交易相對人為關係人者，並應公告選定關係人為交易對象之原因及前次移
轉之所有人、前次移轉之所有人與公司及交易相對人間相互之關係、前次
移轉日期及移轉金額:
不適用
8.交易標的最近五年內所有權人曾為公司之關係人者，尚應公告關係人之取
得及處分日期、價格及交易當時與公司之關係:
不適用
9.本次係處分債權之相關事項（含處分之債權附隨擔保品種類、處分債權
如有屬對關係人債權者尚需公告關係人名稱及本次處分該關係人之債權
帳面金額:
不適用
10.處分利益（或損失）（取得有價證券者不適用）（遞延者應列表說明
認列情形）:
無
11.交付或付款條件（含付款期間及金額）、契約限制條款及其他重要約定
事項:
依原案聯合授信合約之規定辦理
12.本次交易之決定方式、價格決定之參考依據及決策單位:
總經理核定，相關條件依聯合授信合約及一般市場慣例為之
13.取得或處分有價證券標的公司每股淨值:
不適用
14.迄目前為止，累積持有本交易證券（含本次交易）之數量、金額、持股
比例及權利受限情形（如質押情形）:
不適用
15.迄目前為止，依「公開發行公司取得或處分資產處理準則」第三條所列
之有價證券投資（含本次交易）占公司最近期財務報表中總資產及歸屬
於母公司業主之權益之比例暨最近期財務報表中營運資金數額:
不適用
16.經紀人及經紀費用:
不適用
17.取得或處分之具體目的或用途:
原聯合授信資產配置之管理
18.本次交易表示異議董事之意見:
不適用
19.本次交易為關係人交易:否
20.監察人承認或審計委員會同意日期:
不適用
21.本次交易會計師出具非合理性意見:不適用
22.會計師事務所名稱:
不適用
23.會計師姓名:
不適用
24.會計師開業證書字號:
不適用
25.是否涉及營運模式變更:否
26.營運模式變更說明:
不適用
27.過去一年及預計未來一年內與交易相對人交易情形:
不適用
28.資金來源:
不適用
29.前已就同一件事件發布重大訊息日期: 不適用
30.其他敘明事項:
USD:TWD=1:31.85",material_event,NEGATIVE,HIGH
,2889,國票金,"代子公司國際票券金融股份有限公司公告第17屆董事會
第36次會議(代行股東會職權)重要決議事項","1.股東常會日期:115/06/30
2.重要決議事項一、盈餘分配或盈虧撥補:無
3.重要決議事項二、章程修訂:通過修訂本公司「章程」案
4.重要決議事項三、營業報告書及財務報表:無
5.重要決議事項四、董監事選舉:無
6.重要決議事項五、其他事項:無
7.其他應敘明事項:無",material_event,NEUTRAL,LOW
,4904,遠傳,本公司受邀參加摩根大通證券舉辦之NDR(海外投資人線上會議),"符合條款第四條第XX款：12
事實發生日：115/07/08
1.召開法人說明會之日期：115/07/08
2.召開法人說明會之時間：13 時 00 分 
3.召開法人說明會之地點：日本東京
4.法人說明會擇要訊息：說明本公司115年度第1季營運與財務概況
5.其他應敘明事項：無
完整財務業務資訊請至公開資訊觀測站之法人說明會一覽表或法說會項目下查閱。",material_event,NEUTRAL,LOW
,2323,中環,公告本公司處分有價證券,"1.證券名稱:
聯發科 普通股
2.交易日期:115/6/24~115/6/30
3.董事會通過日期: 不適用
4.其他核決日期:
核決層級:董事長核決
民國115年06月30日
5.交易數量、每單位價格及交易總金額:
交易數量(仟股):95
每單位價格(元):4,170.50
交易總金額(元):396,197,082
6.處分利益（或損失）（取得有價證券者不適用）:
處分利益 1,559,221元
7.與交易標的公司之關係:
無
8.迄目前為止，累積持有本交易證券（含本次交易）之數量、金額、持股
比例及權利受限情形（如質押情形）:
持有餘額:35,000股、金額:143,428,927元    
持股比例:0.002%、權利受限情形: 無
9.迄目前為止，依「公開發行公司取得或處分資產處理準則」第三條所列之有價證券投
資（含本次交易）占公司最近期財務報表中總資產及歸屬於母公司業主之權益之比例
暨最近期財務報表中營運資金數額:
占總資產比例:82.70%             
占歸屬於母公司業主之權益比例:118.78%           
營運資金數額:8,285,327仟元
10.取得或處分之具體目的:
投資組合
11.本次交易表示異議董事之意見:
無
12.本次交易為關係人交易:
否
13.交易相對人及其與公司之關係:
不適用
14.監察人承認或審計委員會同意日期:
不適用
15.前已就同一件事件發布重大訊息日期: 不適用
16.其他敘明事項:
已於115/03/31授權有權交易人在115年第二季期間，得於集中交易市場進行有價證券交易",material_event,NEGATIVE,HIGH
,2323,中環,公告本公司處分有價證券,"1.證券名稱:
華通 普通股
2.交易日期:115/6/10~115/6/30
3.董事會通過日期: 不適用
4.其他核決日期:
核決層級:董事長核決
民國115年06月30日
5.交易數量、每單位價格及交易總金額:
交易數量(仟股):1,226
每單位價格(元):252.88
交易總金額(元):310,029,823
6.處分利益（或損失）（取得有價證券者不適用）:
處分損失 5,793,102元
7.與交易標的公司之關係:
無
8.迄目前為止，累積持有本交易證券（含本次交易）之數量、金額、持股
比例及權利受限情形（如質押情形）:
持有餘額:680,000股、金額:170,379,702元    
持股比例:0.06%、權利受限情形: 無
9.迄目前為止，依「公開發行公司取得或處分資產處理準則」第三條所列之有價證券投
資（含本次交易）占公司最近期財務報表中總資產及歸屬於母公司業主之權益之比例
暨最近期財務報表中營運資金數額:
占總資產比例:82.70%             
占歸屬於母公司業主之權益比例:118.78%           
營運資金數額:8,285,327仟元
10.取得或處分之具體目的:
投資組合
11.本次交易表示異議董事之意見:
無
12.本次交易為關係人交易:
否
13.交易相對人及其與公司之關係:
不適用
14.監察人承認或審計委員會同意日期:
不適用
15.前已就同一件事件發布重大訊息日期: 不適用
16.其他敘明事項:
已於115/03/31授權有權交易人在115年第二季期間，得於集中交易市場進行有價證券交易",material_event,NEGATIVE,HIGH
,3045,台灣大,代子公司台灣固網公告取得台灣大哥大(股)公司一筆使用權資產(補充公告取消租賃案),"1.標的物之名稱及性質（如坐落台中市北區ＸＸ段ＸＸ小段土地）:
桃園市中壢區吉林路2*號3樓
2.事實發生日:115/6/30~115/6/30
3.董事會通過日期: 民國114年11月12日
4.其他核決日期:
核決層級:董事長授權經理部門依內部管理辦法規定辦理
民國115年6月30日
5.交易單位數量（如ＸＸ平方公尺，折合ＸＸ坪）、每單位價格及交易總金額:
交易單位數量：57.51坪
每單位價格：每坪租金每個月450元(含稅)
租金總金額：每個月25,880元(含稅)
使用權資產金額：390,133元
(本次更新) 於115/6/30取消租賃
6.交易相對人及其與公司之關係（交易相對人如屬自然人，且非公司之關
係人者，得免揭露其姓名）:
台灣大哥大(股)公司，母公司
7.交易相對人為關係人者，並應公告選定關係人為交易對象之原因及前次移轉之
所有人、前次移轉之所有人與公司及交易相對人間相互之關係、前次移轉日期
及移轉金額:
選定關係人為交易對象之原因：地點符合需求。
前次移轉之所有人：中華民國(經濟部)
前次移轉之所有人與公司及交易相對人間相互之關係：非關係人
前次移轉日期及移轉金額： 89/3/9，3,525,635元(土地)、19,464,429元(房屋)、
合計金額22,990,064元
(本次更新) 於115/6/30取消租賃
8.交易標的最近五年內所有權人曾為公司之關係人者，尚應公告關係
人之取得及處分日期、價格及交易當時與公司之關係:
不適用
9.預計處分利益（或損失）（取得資產者不適用）（遞延者應列表說明
認列情形）:
不適用
10.交付或付款條件（含付款期間及金額）、契約限制條款及其他重要約定
事項:
交付或付款條件：月付
租期：114/8/1~115/11/30
契約限制條款及其他重要約定：無
(本次更新)於115/6/30取消租賃
11.本次交易之決定方式（如招標、比價或議價）、價格決定之參考依據及
決策單位:
董事長授權經理部門依內部管理辦法規定辦理
12.專業估價者事務所或公司名稱及其估價金額:
不適用
13.專業估價師姓名:
不適用
14.專業估價師開業證書字號:
不適用
15.估價報告是否為限定價格、特定價格或特殊價格:否或不適用
16.是否尚未取得估價報告:否或不適用
17.尚未取得估價報告之原因:
不適用
18.估價結果有重大差異時，其差異原因及會計師意見:
不適用
19.會計師事務所名稱:
不適用
20.會計師姓名:
不適用
21.會計師開業證書字號:
不適用
22.經紀人及經紀費用:
無
23.取得或處分之具體目的或用途:
地點符合需求。
24.本次交易表示異議之董事之意見:
無
25.本次交易為關係人交易:是
26.監察人承認或審計委員會同意日期:
民國114年11月12日
27.本次交易係向關係人取得不動產或其使用權資產:是
28.依「公開發行公司取得或處分資產處理準則」第十六條規定
評估之價格:不適用
29.依前項評估之價格較交易價格為低者，依同準則第十七條規
定評估之價格:不適用
30.前已就同一件事件發布重大訊息日期:
114年7月31日
31.其他敘明事項:
(本次更新)無",material_event,NEGATIVE,HIGH
,2323,中環,公告本公司處分有價證券,"1.證券名稱:
上詮 普通股
2.交易日期:115/6/3~115/6/30
3.董事會通過日期: 不適用
4.其他核決日期:
核決層級:董事長核決
民國115年06月30日
5.交易數量、每單位價格及交易總金額:
交易數量(仟股):373
每單位價格(元):807.80
交易總金額(元):301,307,616
6.處分利益（或損失）（取得有價證券者不適用）:
處分利益4,737,604元
7.與交易標的公司之關係:
無
8.迄目前為止，累積持有本交易證券（含本次交易）之數量、金額、持股
比例及權利受限情形（如質押情形）:
持有餘額:676,892股、金額:476,628,699元    
持股比例:0.60%、權利受限情形: 無
9.迄目前為止，依「公開發行公司取得或處分資產處理準則」第三條所列之有價證券投
資（含本次交易）占公司最近期財務報表中總資產及歸屬於母公司業主之權益之比例
暨最近期財務報表中營運資金數額:
占總資產比例:82.70% 
占歸屬於母公司業主之權益比例:118.78%
營運資金數額:8,285,327仟元
10.取得或處分之具體目的:
投資組合
11.本次交易表示異議董事之意見:
無
12.本次交易為關係人交易:
否
13.交易相對人及其與公司之關係:
不適用
14.監察人承認或審計委員會同意日期:
不適用
15.前已就同一件事件發布重大訊息日期: 不適用
16.其他敘明事項:
已於115/03/31授權有權交易人在115年第二季期間，得於集中交易市場進行有價證券交易",material_event,NEGATIVE,HIGH
,6670,復盛應用,公告本公司資安長異動,"1.人員變動別（請輸入發言人、代理發言人、重要營運主管(如:執行長、營運長、
行銷長及策略長等)、財務主管、會計主管、公司治理主管、資訊安全長、研發主管、
內部稽核主管或訴訟及非訟代理人）:資訊安全長
2.發生變動日期:115/06/30
3.舊任者姓名、級職及簡歷:陳俊智 / 資合中心經理
4.新任者姓名、級職及簡歷:無
5.異動情形（請輸入「辭職」、「職務調整」、「資遣」、「退休」、「死亡」、「新
任」或「解任」）:辭職
6.異動原因:辭職
7.生效日期:115/07/01
8.其他應敘明事項:新任資安長待最近期董事會委任後公告。",material_event,NEGATIVE,HIGH
,3016,嘉晶,公告本公司董事會決議發行國內第六次無擔保轉換公司債,"1.董事會決議日期:115/06/30
2.名稱﹝XX公司第X次（有、無）擔保公司債﹞:
嘉晶電子股份有限公司國內第六次無擔保轉換公司債
3.是否採總括申報發行公司債(是/否):否
4.發行總額:發行總面額為新台幣參億伍仟萬元
5.每張面額:新台幣壹拾萬元整
6.發行價格:票面金額之100%~101%發行
7.發行期間:三年
8.發行利率:0%
9.擔保品之種類、名稱、金額及約定事項:無擔保
10.募得價款之用途及運用計畫:購置機器設備及相關廠務工程
11.承銷方式:採詢價圈購方式辦理公開承銷
12.公司債受託人:凱基商業銀行股份有限公司
13.承銷或代銷機構:凱基證券股份有限公司
14.發行保證人:不適用
15.代理還本付息機構:永豐金證券股份有限公司股務代理部
16.簽證機構:不適用
17.能轉換股份者，其轉換辦法:
轉換辦法將依相關法令規定辦理，並報相關主管機關核准後另行公告。
18.賣回條件:
轉換辦法將依相關法令規定辦理，並報相關主管機關核准後另行公告。
19.買回條件:
轉換辦法將依相關法令規定辦理，並報相關主管機關核准後另行公告。
20.附有轉換、交換或認股者，其換股基準日:
轉換辦法將依相關法令規定辦理，並報相關主管機關核准後另行公告。
21.附有轉換、交換或認股者，對股權可能稀釋情形:
轉換辦法將依相關法令規定辦理，並報相關主管機關核准後另行公告。
22.現金減資後再行募資之合理性及必要性
(募資當年度及前一年度有辦理現金減資者適用):不適用
23.其他應敘明事項:
本次募集與發行國內第六次無擔保轉換公司債之重要內容，包括但不限發行金額、
發行價格、發行期間、發行條件、發行及轉換辦法之訂定、本次計畫所需資金總額、
資金來源、計畫項目、資金運用進度、預計可能產生效益及其他發行相關事宜，如遇
有法令變更，經主管機關修正或因應主客觀環境因素需要而需修正或調整時，擬授權
本公司董事長全權處理之。",material_event,NEUTRAL,LOW
,2882,國泰金,代子公司國泰人壽公告除息基準日,"1.董事會、股東會決議或公司決定日期:115/06/30
2.除權、息類別（請填入「除權」、「除息」或「除權息」）:除息
3.發放股利種類及金額:本公司114年度盈餘分派案，業經115年6月29日董事會
（代行股東會）通過，分配現金股利新台幣5,000,000,000元。
4.除權（息）交易日:115/07/07
5.最後過戶日:115/07/08
6.停止過戶起始日期:115/07/09
7.停止過戶截止日期:115/07/13
8.除權（息）基準日:115/07/13
9.其他應敘明事項:無",material_event,POSITIVE,LOW
,2891,中信金,"代子公司台灣人壽保險股份有限公司公告參與投資新設合資
公司(公司名稱未定)以投資高雄市鳥松區都更案","1.標的物之名稱及性質（屬特別股者，並應標明特別股約定發行條件，如股息率等）:
新設合資公司之普通股股票
2.事實發生日:115/6/30~115/6/30
3.董事會通過日期: 民國115年6月30日
4.其他核決日期: 不適用
5.交易單位數量、每單位價格及交易總金額:
總股數不超過9.243億股、每股新臺幣10元、
投資總金額不超過新臺幣92.43億元
6.交易相對人及其與公司之關係（交易相對人如屬自然人，且非公司之
關係人者，得免揭露其姓名）:
新設合資公司，非關係人
7.交易相對人為關係人者，並應公告選定關係人為交易對象之原因及前次移
轉之所有人、前次移轉之所有人與公司及交易相對人間相互之關係、前次
移轉日期及移轉金額:
不適用
8.交易標的最近五年內所有權人曾為公司之關係人者，尚應公告關係人之取
得及處分日期、價格及交易當時與公司之關係:
不適用
9.本次係處分債權之相關事項（含處分之債權附隨擔保品種類、處分債權
如有屬對關係人債權者尚需公告關係人名稱及本次處分該關係人之債權
帳面金額:
不適用
10.處分利益（或損失）（取得有價證券者不適用）（遞延者應列表說明
認列情形）:
不適用
11.交付或付款條件（含付款期間及金額）、契約限制條款及其他重要約定
事項:
交付或付款條件(含付款期間及金額)：依合約約定辦理；
契約限制條款及其他重要約定事項：依合約約定辦理
12.本次交易之決定方式、價格決定之參考依據及決策單位:
交易決定方式、價格參考：依合約約定辦理
決策單位：董事會
13.取得或處分有價證券標的公司每股淨值:
不適用
14.迄目前為止，累積持有本交易證券（含本次交易）之數量、金額、持股
比例及權利受限情形（如質押情形）:
母公司：無持有此交易證券
本公司：9.243億股、92.43億元總資本額、99.9%、無
子公司：無持有此交易證券
15.迄目前為止，依「公開發行公司取得或處分資產處理準則」第三條所列
之有價證券投資（含本次交易）占公司最近期財務報表中總資產及歸屬
於母公司業主之權益之比例暨最近期財務報表中營運資金數額:
佔總資產比例87.06%、佔歸屬於母公司業主之權益比例1019.22% 、
營運資金：不適用
16.經紀人及經紀費用:
不適用
17.取得或處分之具體目的或用途:
依保險法之規定，為壽險資金之運用
18.本次交易表示異議董事之意見:
無
19.本次交易為關係人交易:否
20.監察人承認或審計委員會同意日期:
不適用
21.本次交易會計師出具非合理性意見:不適用
22.會計師事務所名稱:
不適用
23.會計師姓名:
不適用
24.會計師開業證書字號:
不適用
25.是否涉及營運模式變更:否
26.營運模式變更說明:
不適用
27.過去一年及預計未來一年內與交易相對人交易情形:
過去一年交易：無
預計未來一年內交易：依本公司投資決策決定
28.資金來源:
自有資金
29.前已就同一件事件發布重大訊息日期: 不適用
30.其他敘明事項:
無",material_event,NEGATIVE,HIGH
,2891,中信金,"代台灣人壽公告決議投資
StepStone Secondary Opportunities Fund VI Offshore Feeder 
A, L.P.","1.標的物之名稱及性質（屬特別股者，並應標明特別股約定發行條件，
如股息率等）:
StepStone Secondary Opportunities Fund VI Offshore Feeder A, L.P.；為私募基金
2.事實發生日:115/06/30
3.交易單位數量、每單位價格及交易總金額:
不適用、不適用、不超過美元200,000,000元
4.交易相對人及其與公司之關係（交易相對人如屬自然人，且非公司
之關係人者，得免揭露其姓名）:
StepStone Secondaries VI (GP), LLC、非關係人
5.交易相對人為關係人者，並應公告選定關係人為交易對象之原因及
前次移轉之所有人、前次移轉之所有人與公司及交易相對人間相互之
關係、前次移轉日期及移轉金額:
不適用
6.交易標的最近五年內所有權人曾為公司之關係人者，尚應公告
關係人之取得及處分日期、價格及交易當時與公司之關係:
不適用
7.本次係處分債權之相關事項（含處分之債權附隨擔保品種類、處分
債權如有屬對關係人債權者尚需公告關係人名稱及本次處分該關係人
之債權帳面金額:
不適用
8.處分利益（或損失）（取得有價證券者不適用）（遞延者應列表
說明認列情形）:
不適用
9.交付或付款條件（含付款期間及金額）、契約限制條款及其他重要
約定事項:
交付或付款條件（含付款期間及金額）：依合約約定辦理；
契約限制條款及其他重要約定事項：依合約約定辦理
10.本次交易之決定方式、價格決定之參考依據及決策單位:
本次交易之決定方式、價格決定之參考依據：依合約約定辦理
決策單位：董事會
11.取得或處分有價證券標的公司每股淨值:不適用
12.有價證券標的公司私募參考價格與每股交易金額差距達20%以上:不適用
13.迄目前為止，累積持有本交易證券（含本次交易）之數量、金額、
持股比例及權利受限情形（如質押情形）:
母公司：無持有此交易證券
本公司：不適用、不超過美元200,000,000元、預計約3.3%、無
子公司：無持有此交易證券
14.迄目前為止，私募有價證券投資（含本次交易）占公司最近期財
務報表中總資產及歸屬於母公司業主之權益之比例暨最近期財務報表中營運資金數額:
佔總資產比例3%、佔歸屬於母公司業主之權益比例34%、
營運資金：不適用
15.經理人及經紀費用:
不適用
16.取得或處分之具體目的或用途:
依保險法之規定，為壽險資金之運用
17.本次交易表示異議董事之意見:
無
18.本次交易為關係人交易:
否
19.董事會通過日期:
民國115年6月30日
20.監察人承認或審計委員會同意日期:
民國115年6月29日
21.本次交易會計師出具非合理性意見:否
22.會計師事務所名稱:
青田會計師事務所
23.會計師姓名:
許明雄
24.會計師開業證書字號:
北市會證字第3723號
25.其他敘明事項:
無",material_event,NEGATIVE,HIGH
,3016,嘉晶,公告本公司董事會決議現金增資發行新股事宜,"1.董事會決議日期:115/06/30
2.增資資金來源:現金增資發行新股
3.是否採總括申報發行新股(是，請併敘明預定發行期間/否):否
4.全案發行總金額及股數(如屬盈餘或公積轉增資，發行股數則不含配發給員工部分):
發行普通股上限2,900仟股，發行總金額視發行價格而定。
5.採總括申報發行新股案件，本次發行金額及股數:不適用
6.採總括申報發行新股案件，本次發行後，剩餘之金額及股數餘額:不適用
7.每股面額:新台幣10元
8.發行價格:
實際發行價格俟經主管機關申報生效後，授權董事長視發行時市場狀況決定之。
9.員工認購股數或配發金額:
依公司法第267條規定，保留增資發行股份總數之15%，由本公司員工認購。
10.公開銷售股數:
依證券交易法第28條之1規定，提撥增資發行股份總數之10%，對外辦理公開承銷。
11.原股東認購或無償配發比例:
增資發行股份總數之75%，由原股東按認股基準日之股東名冊記載持股比例認購。
12.畸零股及逾期未認購股份之處理方式:
認購不足一股之畸零股，由股東自停止過戶起五日內至本公司股務代理機構辦理拼湊
一整股認購。原股東及員工放棄認購或拼湊不足一股之畸零股部分，擬授權董事長洽
特定人認購。
13.本次發行新股之權利義務:與原已發行之股份相同。
14.本次增資資金用途:購置機器設備及相關廠務工程。
15.現金減資後再行募資之合理性及必要性
(募資當年度及前一年度有辦理現金減資者適用):不適用
16.其他應敘明事項:
1.本次現金增資計畫之重要內容，包括但不限於議定發行價格、發行條件、募集金額
、資金來源、計畫項目、預定資金運用進度及預計可能產生之效益等相關事項，未來
如因主管機關核定及基於營運評估或因客觀環境需要變更時，擬授權董事長全權處理
之。
2.本次現金增資案經呈報主管機關申報生效後，擬授權董事長訂定認股基準日、實際
繳款期間、增資基準日、認股發放日及辦理與本次增資相關事項。",material_event,NEUTRAL,LOW
,3711,日月光投控,代子公司環鴻科技(股)公司公告向關係人取得不動產使用權資產,"1.標的物之名稱及性質（如坐落台中市北區ＸＸ段ＸＸ小段土地）:
坐落於南投縣南投市工業路330號之全部廠房(以下稱「標的房屋」)
2.事實發生日:115/6/30~115/6/30
3.董事會通過日期: 民國115年6月30日
4.其他核決日期: 不適用
5.交易單位數量（如ＸＸ平方公尺，折合ＸＸ坪）、每單位價格及交易總金額:
交易數量：標的房屋租賃面積合計為53,625平方公尺，約折合16,221.56坪
每單位價格(未稅)：每月每平方公尺租金新台幣110元
交易總金額(未稅)：每月租金為新台幣5,898,750元
使用權資產金額預計為新台幣203,211,423元
6.交易相對人及其與公司之關係（交易相對人如屬自然人，且非公司之關
係人者，得免揭露其姓名）:
交易相對人：環電(股)公司
與公司之關係：環鴻科技(股)公司與環電(股)公司為同一母公司間接持股100%之子公司
7.交易相對人為關係人者，並應公告選定關係人為交易對象之原因及前次移轉之
所有人、前次移轉之所有人與公司及交易相對人間相互之關係、前次移轉日期
及移轉金額:
選定關係人為交易對象之原因：營業需求
前次移轉：無移轉事項，標的房屋所有權始終屬於環電(股)公司，相關交易僅為租賃，
不涉及買賣。

前次移轉之所有人及與公司及交易相對人之關係：不適用
前次移轉日期：不適用
前次移轉金額：不適用
8.交易標的最近五年內所有權人曾為公司之關係人者，尚應公告關係
人之取得及處分日期、價格及交易當時與公司之關係:
不適用
9.預計處分利益（或損失）（取得資產者不適用）（遞延者應列表說明
認列情形）:
不適用
10.交付或付款條件（含付款期間及金額）、契約限制條款及其他重要約定
事項:
付款條件：依租賃契約書付款
租賃期間：2026/07/01~2029/06/30
(本契約存續期間內，任一方得於提前一個月告知他方後終止之)
契約限制條款：無
其他重要約定事項：
雙方得視外在環境變動、實際使用需求變更及其他影響事項，經協商合意後
調整實際使用面積、廠房租金、水電雜費。
11.本次交易之決定方式（如招標、比價或議價）、價格決定之參考依據及
決策單位:
本次交易之決定方式及決策單位：依環鴻科技(股)公司董事會決議辦理
價格決定之參考依據：參酌專業估價機構出具之估價報告書
12.專業估價者事務所或公司名稱及其估價金額:
中華徵信不動產估價師聯合事務所
總估價金額：每月租金新台幣5,937,091元
13.專業估價師姓名:
張鑫捷
14.專業估價師開業證書字號:
(112)北市估字第000320號
15.估價報告是否為限定價格、特定價格或特殊價格:否或不適用
16.是否尚未取得估價報告:否或不適用
17.尚未取得估價報告之原因:
不適用
18.估價結果有重大差異時，其差異原因及會計師意見:
不適用
19.會計師事務所名稱:
不適用
20.會計師姓名:
不適用
21.會計師開業證書字號:
不適用
22.經紀人及經紀費用:
無
23.取得或處分之具體目的或用途:
營運需求
24.本次交易表示異議之董事之意見:
無
25.本次交易為關係人交易:是
26.監察人承認或審計委員會同意日期:
民國115年06月30日
27.本次交易係向關係人取得不動產或其使用權資產:是
28.依「公開發行公司取得或處分資產處理準則」第十六條規定
評估之價格:不適用
29.依前項評估之價格較交易價格為低者，依同準則第十七條規
定評估之價格:不適用
30.前已就同一件事件發布重大訊息日期: 不適用
31.其他敘明事項:
無",material_event,NEGATIVE,HIGH
,2317,鴻海,代子公司富泰華工業(深圳)有限公司公告取得廠房之使用權資產,"1.標的物之名稱及性質（如坐落台中市北區ＸＸ段ＸＸ小段土地）:
中國深圳市龍華區福城街道興富社區富士康鴻觀科技園B區/C區部分廠房;
不動產使用權資產
2.事實發生日:115/6/30~115/6/30
3.董事會通過日期: 民國115年6月30日
4.其他核決日期: 不適用
5.交易單位數量（如ＸＸ平方公尺，折合ＸＸ坪）、每單位價格及交易總金額:
交易單位數量：58,770.19平方公尺折合17,778坪 
每單位月租金價格：人民幣19.62~21.80元/每平方公尺
合約租金總額：人民幣18,377,309.97元
使用權資產交易金額：人民幣16,315,799元
6.交易相對人及其與公司之關係（交易相對人如屬自然人，且非公司之關
係人者，得免揭露其姓名）:
富士康科技集團有限公司；關聯公司
7.交易相對人為關係人者，並應公告選定關係人為交易對象之原因及前次移轉之
所有人、前次移轉之所有人與公司及交易相對人間相互之關係、前次移轉日期
及移轉金額:
集團資源整合；不適用
8.交易標的最近五年內所有權人曾為公司之關係人者，尚應公告關係
人之取得及處分日期、價格及交易當時與公司之關係:
不適用
9.預計處分利益（或損失）（取得資產者不適用）（遞延者應列表說明
認列情形）:
不適用
10.交付或付款條件（含付款期間及金額）、契約限制條款及其他重要約定
事項:
富士康科技集團有限公司：
(1)租賃期間 2026/7/1~2027/12/31 ，租金總額人民幣 4,232,209.32元
(2)租賃期間 2026/10/1~2027/12/31 ，租金總額人民幣 14,145,100.65元
11.本次交易之決定方式（如招標、比價或議價）、價格決定之參考依據及
決策單位:
交易之決定方式：議價 
參考依據：按市場行情
決策單位：董事會
12.專業估價者事務所或公司名稱及其估價金額:
不適用
13.專業估價師姓名:
不適用
14.專業估價師開業證書字號:
不適用
15.估價報告是否為限定價格、特定價格或特殊價格:否或不適用
16.是否尚未取得估價報告:否或不適用
17.尚未取得估價報告之原因:
不適用
18.估價結果有重大差異時，其差異原因及會計師意見:
不適用
19.會計師事務所名稱:
不適用
20.會計師姓名:
不適用
21.會計師開業證書字號:
不適用
22.經紀人及經紀費用:
無
23.取得或處分之具體目的或用途:
營運需求
24.本次交易表示異議之董事之意見:
無
25.本次交易為關係人交易:是
26.監察人承認或審計委員會同意日期:
民國115年06月30日
27.本次交易係向關係人取得不動產或其使用權資產:是
28.依「公開發行公司取得或處分資產處理準則」第十六條規定
評估之價格:不適用
29.依前項評估之價格較交易價格為低者，依同準則第十七條規
定評估之價格:不適用
30.前已就同一件事件發布重大訊息日期: 不適用
31.其他敘明事項:
無",material_event,NEGATIVE,HIGH
,1314,中石化,"本公司董事會通過處分部分高雄市投資性不動產土地案
處分情形","1.事實發生日:115/06/30
2.公司名稱:中國石油化學工業開發股份有限公司
3.與公司關係(請輸入本公司或子公司):本公司
4.相互持股比例:不適用
5.發生緣由:充實營運資金
6.因應措施:無
7.其他應敘明事項(若事件發生或決議之主體係屬公開發行以上公司，本則重大訊息同時
  符合證券交易法施行細則第7條第9款所定對股東權益或證券價格有重大影響之事項):
 本次處分標的未脫標，將持續積極辦理處分活化事宜。",material_event,NEGATIVE,HIGH
,1314,中石化,"代孫公司大鷹營造工程有限公司公告向關係人
終止使用權資產租賃合約","1. 原公告日期：
114/04/16
2. 簡述原公告申報內容：
代孫公司大鷹營造工程有限公司公告向關係人取得使用權資產。
3. 變動緣由及主要內容：
配合公司業務發展需求改變辦公室租賃標的。
4. 變動後對公司財務業務之影響：
無重大財務業務影響。
5. 其他應敘明事項：
無",material_event,NEUTRAL,LOW
,2545,皇翔,公告處分有價證券,"1.證券名稱:
國巨股份有限公司
2.交易日期:115/6/30~115/6/30
3.董事會通過日期: 不適用
4.其他核決日期:
核決層級:董事長核決
民國115年6月30日
5.交易數量、每單位價格及交易總金額:
交易數量：300,000股
每股平均價格：新台幣1,128元
交易總金額：新台幣338,403仟元
6.處分利益（或損失）（取得有價證券者不適用）:
處分利益16,829仟元
7.與交易標的公司之關係:
無
8.迄目前為止，累積持有本交易證券（含本次交易）之數量、金額、持股
比例及權利受限情形（如質押情形）:
數量：0股
金額：0仟元
持股比例：0%
9.迄目前為止，依「公開發行公司取得或處分資產處理準則」第三條所列之有價證券投
資（含本次交易）占公司最近期財務報表中總資產及歸屬於母公司業主之權益之比例
暨最近期財務報表中營運資金數額:
占總資產比例:0.61%
占業主權益比例:2.266%
營運資金數額:14,739,777仟元
10.取得或處分之具體目的:
提高本公司之資金運用效益
11.本次交易表示異議董事之意見:
不適用
12.本次交易為關係人交易:
否
13.交易相對人及其與公司之關係:
不適用
14.監察人承認或審計委員會同意日期:
不適用
15.前已就同一件事件發布重大訊息日期: 不適用
16.其他敘明事項:
無",material_event,NEGATIVE,HIGH
,2545,皇翔,公告處分有價證券,"1.證券名稱:
台灣積體電路製造股份有限公司
2.交易日期:115/6/22~115/6/30
3.董事會通過日期: 不適用
4.其他核決日期:
核決層級:董事長核決
民國115年6月30日
5.交易數量、每單位價格及交易總金額:
交易數量：155,000股
每股平均價格：新台幣2,433.89元
交易總金額：新台幣377,253仟元
6.處分利益（或損失）（取得有價證券者不適用）:
處分利益7,188仟元
7.與交易標的公司之關係:
無
8.迄目前為止，累積持有本交易證券（含本次交易）之數量、金額、持股
比例及權利受限情形（如質押情形）:
數量：37,000股
金額：88,674仟元
持股比例：0.000%
9.迄目前為止，依「公開發行公司取得或處分資產處理準則」第三條所列之有價證券投
資（含本次交易）占公司最近期財務報表中總資產及歸屬於母公司業主之權益之比例
暨最近期財務報表中營運資金數額:
占總資產比例:0.682%
占業主權益比例:2.526%
營運資金數額:14,739,777仟元
10.取得或處分之具體目的:
提高本公司之資金運用效益
11.本次交易表示異議董事之意見:
不適用
12.本次交易為關係人交易:
否
13.交易相對人及其與公司之關係:
不適用
14.監察人承認或審計委員會同意日期:
不適用
15.前已就同一件事件發布重大訊息日期: 不適用
16.其他敘明事項:
無",material_event,NEGATIVE,HIGH
,2545,皇翔,公告處分有價證券,"1.證券名稱:
聯發科技股份有限公司
2.交易日期:115/6/22~115/6/30
3.董事會通過日期: 不適用
4.其他核決日期:
核決層級:董事長核決
民國115年6月30日
5.交易數量、每單位價格及交易總金額:
交易數量：90,000股
每股平均價格：新台幣4,290.82元
交易總金額：新台幣386,174仟元
6.處分利益（或損失）（取得有價證券者不適用）:
處分損失18,166仟元
7.與交易標的公司之關係:
無
8.迄目前為止，累積持有本交易證券（含本次交易）之數量、金額、持股
比例及權利受限情形（如質押情形）:
數量：163,000股
金額：736,082千元
持股比例：0.006%
9.迄目前為止，依「公開發行公司取得或處分資產處理準則」第三條所列之有價證券投
資（含本次交易）占公司最近期財務報表中總資產及歸屬於母公司業主之權益之比例
暨最近期財務報表中營運資金數額:
占總資產比例:0.698%
占業主權益比例:2.586%
營運資金數額:14,739,777仟元
10.取得或處分之具體目的:
提高本公司之資金運用效益
11.本次交易表示異議董事之意見:
不適用
12.本次交易為關係人交易:
否
13.交易相對人及其與公司之關係:
不適用
14.監察人承認或審計委員會同意日期:
不適用
15.前已就同一件事件發布重大訊息日期: 不適用
16.其他敘明事項:
無",material_event,NEGATIVE,HIGH
,4590,富田-創,"【更正】公告本公司115年股東常會改選董事(含獨立董事)
當選名單之選任時持有股數","1.發生變動日期:115/06/26
2.選任或變動人員別（請輸入法人董事、法人監察人、獨立董事、自然人董事
  或自然人監察人）:法人董事、獨立董事及自然人董事
3.舊任者職稱及姓名:
3-1.董事：張金鋒
3-2.董事：中盈投資開發股份有限公司代表人: 李家丞
3-3.董事：張榆柔
3-4.獨立董事：陳于格
3-5.獨立董事：翁國樑
3-6.獨立董事：趙貴祥
3-7.獨立董事：王春生
4.舊任者簡歷:
4-1.董事：張金鋒，富田電機(股)公司董事長兼總經理
4-2.董事：中盈投資開發(股)公司/代表人李家丞，
簡歷: 中國鋼鐵(股)公司業務部門助理副總
4-3.董事：張榆柔，簡歷:法商汎球生物科技(股)公司財務專員
4-4.獨立董事：陳于格，簡歷:偉豐聯合會計師事務所所長
4-5.獨立董事：翁國樑，簡歷:和緯車輛技術(股)公司總經理
4-6.獨立董事：趙貴祥，簡歷:勤益科技大學電機工程系(所)特聘教授兼副校長
4-7.獨立董事：王春生，簡歷:天荷影藝事業有限公司董事長
5.新任者職稱及姓名:
5-1.董事：張金鋒
5-2.董事：中盈投資開發股份有限公司代表人: 李家丞
5-3.董事：張榆柔
5-4.獨立董事：陳于格
5-5.獨立董事：翁國樑
5-6.獨立董事：趙貴祥
5-7.獨立董事：李淑娟
6.新任者簡歷:
6-1.董事：張金鋒，富田電機(股)公司董事長兼總經理
6-2.董事：中盈投資開發(股)公司/代表人李家丞，
簡歷: 中國鋼鐵(股)公司業務部門助理副總
6-3.董事：張榆柔，簡歷:法商汎球生物科技(股)公司財務專員
6-4.獨立董事：陳于格，簡歷:偉豐聯合會計師事務所所長
6-5.獨立董事：翁國樑，簡歷:和緯車輛技術(股)公司總經理
6-6.獨立董事：趙貴祥，簡歷:勤益科技大學電機工程系(所)特聘教授兼副校長
6-7.獨立董事：李淑娟，簡歷:長曜國際法律事務所主持律師
7.異動情形（請輸入「辭職」、「解任」、「任期屆滿」、「逝世」或「新任」）:
任期屆滿
8.異動原因:任期屆滿，全面改選
9.新任者選任時持股數:
9-1.董事：張金鋒                                      1,574,329股
9-2.董事：中盈投資開發股份有限公司代表人:李家丞       8,763,628股
9-3.董事：張榆柔                                        713,062股
9-4.獨立董事：陳于格                                          0股
9-5.獨立董事：翁國樑                                          0股
9-6.獨立董事：趙貴祥                                          0股
9-7.獨立董事：李淑娟                                          0股
10.原任期（例xx/xx/xx ~ xx/xx/xx）:112/06/30~115/06/29
11.新任生效日期:115/06/26
12.同任期董事變動比率:任期屆滿全面改選，不適用
13.同任期獨立董事變動比率:任期屆滿全面改選，不適用
14.同任期監察人變動比率:不適用
15.屬三分之一以上董事發生變動（請輸入是或否）:否
16.其他應敘明事項(若事件發生或決議之主體係屬公開發行以上公司，本則重大訊息同時
   符合證券交易法施行細則第7條第6款所定對股東權益或證券價格有重大影響之事項):無。",material_event,NEUTRAL,LOW
,2352,佳世達,"公告本公司終止間接取得Eastech Holding Limited 
(東科控股股份有限公司)共計約35%之股權","1. 原公告日期：
115/01/22
2. 簡述原公告申報內容：
擬取得Above Vantage Limited（高優有限公司，以下簡稱「高優」）
100%股權，本交易完成後，將間接取得Eastech Holding Limited 
(以下簡稱「東科」)約35%股權，
總投資金額為約新台幣32億元之等值美金。
3. 變動緣由及主要內容：
雙方經審慎評估本投資案相關交易細節後，考量未能取得共同共識，
爰決定不再繼續推動本投資案。
4. 變動後對公司財務業務之影響：
無。
5. 其他應敘明事項：
無。",material_event,NEUTRAL,LOW
,2314,台揚,"修正本公司董事會通過115年第1次現金增資私募案因股款
未於繳款期間內收足事宜補充說明","1.事實發生日:115/06/30
2.原公告申報日期:115/06/26
3.簡述原公告申報內容:本公司董事會決議115年第1次現金增資私募普通股之股款
繳納期間為115年06月26日至115年06月30日,增資金額為1,000,000,000元。
4.變動緣由及主要內容:本次原預計於繳款期間內收足股款新台幣1,000,000,000元
，現修正實際募集總額為新台幣30,010,500元，並授權董事長全權處理後續相關事宜。
5.變動後對公司財務業務之影響:不適用。
6.其他應敘明事項:無。",material_event,NEUTRAL,LOW
,3702,大聯大,公告本公司115年度股東常會重要決議事項,"1.股東常會日期:115/06/30
2.重要決議事項一、盈餘分配或盈虧撥補:
通過承認民國114年度盈餘分配案。
3.重要決議事項二、章程修訂:
通過公司章程修訂。
4.重要決議事項三、營業報告書及財務報表:
通過承認114年度營業報告書及財務報告。
5.重要決議事項四、董監事選舉:
本公司第七屆董事任期屆滿，第八屆董事全面改選，
選舉結果-第八屆董事當選名單如下(共計八席董事、含三席獨立董事)：
董事:黃偉祥、葉福海、張蓉崗、童至祥、曾國棟。
獨立董事:劉鏡清、陳永清、于卓民。
6.重要決議事項五、其他事項:
(1)通過辦理現金增資發行普通股參與發行海外存託憑證案
(2)通過解除本公司董事童至祥競業禁止之限制案
(3)通過解除本公司董事黃偉祥競業禁止之限制案
(4)通過解除本公司董事曾國棟競業禁止之限制案
(5)通過解除本公司董事葉福海競業禁止之限制案
(6)通過解除本公司獨立董事于卓民競業禁止之限制案
(7)通過解除本公司獨立董事陳永清競業禁止之限制案
7.其他應敘明事項:
本公司提名獨立董事候選人林群先生因個人因素辭選，故本次選舉選
出董事8人(含獨立董事3人)，本公司將於最近一次股東會補選缺額。",material_event,NEUTRAL,LOW
,3702,大聯大,公告本公司第八屆董事(含獨立董事)名單,"1.發生變動日期:115/06/30
2.選任或變動人員別（請輸入法人董事、法人監察人、獨立董事、自然人董事
  或自然人監察人）:自然人董事、獨立董事
3.舊任者職稱及姓名:
董事：黃偉祥、葉福海、曾國棟、張蓉崗、林再林、
獨立董事：陳永清、黃日燦、楊鎧蟬、于卓民
4.舊任者簡歷:
黃偉祥：大聯大控股所屬轉投資公司董事長、董事
葉福海：大聯大控股所屬轉投資公司董事
曾國棟：大聯大控股所屬轉投資公司董事長、董事
張蓉崗：大聯大控股所屬轉投資公司董事、執行長
林再林：大聯大控股所屬轉投資公司董事
獨立董事：
陳永清：匯僑(股)公司董事
黃日燦：台灣創生平台(股)公司創辦人暨董事長
楊鎧蟬：宜鼎國際(股)有限公司獨立董事
于卓民：宜特科技(股)公司獨立董事
5.新任者職稱及姓名:
董事：黃偉祥、葉福海、張蓉崗、童至祥、曾國棟、
獨立董事：劉鏡清、陳永清、于卓民
6.新任者簡歷:
黃偉祥：大聯大控股所屬轉投資公司董事長、董事
葉福海：大聯大控股所屬轉投資公司董事
張蓉崗：大聯大控股所屬轉投資公司董事、執行長
童至祥：安碁資訊(股)公司獨立董事
曾國棟：大聯大控股所屬轉投資公司董事長、董事
獨立董事：
劉鏡清：前行政院政務委員兼國家發展委員會主任委員
陳永清：匯僑(股)公司董事
于卓民：宜特科技(股)公司獨立董事
7.異動情形（請輸入「辭職」、「解任」、「任期屆滿」、「逝世」或「新任」）:
任期屆滿
8.異動原因:
本公司現任第七屆董事及獨立董事於115年5月30日任期屆滿，於115年股東
常會全面改選，本次選舉董事8席，其中獨立董事3席，審計委員會及薪酬委
員會委員由全體獨立董事組成。
9.新任者選任時持股數:
董事：
黃偉祥：41,411,507股
葉福海：1,196,537股
張蓉崗：7,806,020股
童至祥：0股
曾國棟：9,654,480股
獨立董事：
劉鏡清：0股
陳永清：0股
于卓民：0股
10.原任期（例xx/xx/xx ~ xx/xx/xx）:
112/05/31~115/05/30
11.新任生效日期:115/06/30
12.同任期董事變動比率:任期屆滿全面改選，不適用
13.同任期獨立董事變動比率:任期屆滿全面改選，不適用
14.同任期監察人變動比率:不適用
15.屬三分之一以上董事發生變動（請輸入是或否）:是
16.其他應敘明事項(若事件發生或決議之主體係屬公開發行以上公司，本則重大訊息同時
   符合證券交易法施行細則第7條第6款所定對股東權益或證券價格有重大影響之事項):
本公司提名獨立董事候選人林群先生因個人因素辭選，故本次選舉選
出董事8席(含獨立董事3席)，本公司將於最近一次股東會補選缺額。",material_event,NEUTRAL,LOW
,3701,大眾控,"代重要子公司廣上科技(廣州)股份有限公司公告遞交中國
大陸之新三板(全國中小企業股份轉讓系統)掛牌上市申請文件","1.申請海外證券市場掛牌交易之子公司名稱:廣上科技(廣州)股份有限公司
2.與公司關係及持股(或出資額)比例:本公司間接持股79.85%之子公司
3.申請海外證券市場掛牌交易之送件日期:115/06/30
4.申請海外證券市場掛牌之交易所:全國中小企業股份轉讓系統
5.其他應敘明事項:
本案業經本公司115年3月25日召開之115年股東臨時會決議通過。",material_event,NEUTRAL,LOW
,1218,泰山,公告本公司總經理異動,"1.董事會決議日期或發生變動日期:115/06/30
2.人員別（請輸入董事長或總經理）:總經理
3.舊任者姓名:沈怡君
4.舊任者簡歷:總經理
5.新任者姓名:蔡國樑
6.新任者簡歷:泰山企業大宗事業處副總經理
7.異動情形（請輸入「辭職」、「解任」、「任期屆滿」、「職務調整」、「資遣」、
「退休」、「逝世」或「新任」）:職務調整
8.異動原因:職務調整
9.新任生效日期:115/07/01
10.其他應敘明事項(若事件發生或決議之主體係屬公開發行以上公司，本則重大訊息同時
   符合證券交易法施行細則第7條第6款所定對股東權益或證券價格有重大影響之事項):無",material_event,NEUTRAL,LOW
,1218,泰山,"本公司油品代製廠商通報提供予本公司的沙拉油原料
中特定批次檢驗之結果未符合法規標準","1.事實發生日:115/06/30
2.公司名稱:泰山企業股份有限公司
3.與公司關係(請輸入本公司或子公司):本公司
4.相互持股比例:不適用
5.發生緣由:本公司於今日（6/30）接獲油品代製廠中聯油脂通報其提供予本公司
  使用之沙拉油原料（批號0409315），於依法規進行第三方檢驗時，
  苯駢芘（BaP）檢測結果未符合我國法規標準。
6.因應措施:本公司接獲通知後，立即啟動最高等級食品安全應變機制：第一時間不但
 預防性下架使用該批原料之所有產品出貨，庫存封存，除4月生產的商品批次外，再
 擴大下架相關商品至4-6月生產批次範圍，並同步依法向主管機關完成通報，以最
 嚴謹的態度保障消費者權益。
 本次為上游供應商單一事件，公司亦已積極啟動溯源檢驗的全面檢討；即使非同批次
 的其他產品亦進行預防性下架，未來需經第三方公正單位 SGS 完成檢驗，嚴格
 要求在未確認每一項產品安全無虞之前，絕不讓任何一項商品重新上市。
7.其他應敘明事項(若事件發生或決議之主體係屬公開發行以上公司，本則重大訊息同時
  符合證券交易法施行細則第7條第9款所定對股東權益或證券價格有重大影響之事項):
 本次異常批次之金額對公司財務並無重大影響。",material_event,NEUTRAL,LOW
,3702,大聯大,公告本公司115年股東常會通過解除本公司董事競業禁止之限制,"1.股東會決議日:115/06/30
2.許可從事競業行為之董事姓名及職稱:
(1)童至祥-大聯大控股(股)公司 董事
(2)黃偉祥-大聯大控股(股)公司 董事
(3)曾國棟-大聯大控股(股)公司 董事
(4)葉福海-大聯大控股(股)公司 董事
(5)于卓民-大聯大控股(股)公司 獨立董事
(6)陳永清-大聯大控股(股)公司 獨立董事
3.許可從事競業行為之項目:
(1)童至祥-安碁資訊股份有限公司 獨立董事、展籐有限公司 董事、
全國電子股份有限公司 獨立董事
(2)黃偉祥-鑫聯大投資控股股份有限公司 董事(法人代表)、
台驊國際控股股份有限公司 董事(法人代表)、鳳凰創新創業投資股份有限公司
董事、鳳凰貳創新創業投資股份有限公司 董事、鳳凰陸創新創業投資股份有限
公司 董事、台企再造管理顧問股份有限公司 董事
(3)曾國棟-駿躍投資股份有限公司 董事
(4)葉福海-海佑有限公司 董事、明基材料股份有限公司 獨立董事、神腦國際
企業股份有限公司 獨立董事、全國電子股份有限公司 獨立董事、配客永續整合
股份有限公司 董事(法人代表)、泰科動力股份有限公司 董事(法人代表)
(5)于卓民-宜特科技股份有限公司 獨立董事、艾訊股份有限公司 獨立董事、
松川精密股份有限公司 獨立董事
(6)陳永清-匯僑股份有限公司 董事
4.許可從事競業行為之期間:115/06/30~118/06/29
5.決議情形（請依公司法第209條說明表決結果）:
本議案經個別投票表決照案通過
6.所許可之競業行為如屬大陸地區事業之營業者，董事姓名及職稱
（非屬大陸地區事業之營業者，以下請輸〝不適用〞）:不適用
7.所擔任該大陸地區事業之公司名稱及職務:不適用
8.所擔任該大陸地區事業地址:不適用
9.所擔任該大陸地區事業營業項目:不適用
10.對本公司財務業務之影響程度:不適用
11.董事如有對該大陸地區事業從事投資者，其投資金額及持股比例:不適用
12.其他應敘明事項:無",material_event,NEUTRAL,LOW
,3711,日月光投控,"代子公司Universal Scientific Industrial (France)公告
2026年股東常會重要決議事項","1.股東常會日期:115/06/30
2.重要決議事項一、盈餘分配或盈虧撥補:通過本公司2025年度盈餘分配案
3.重要決議事項二、章程修訂:無
4.重要決議事項三、營業報告書及財務報表:
(1)聽取《2025年度董事長管理報告及會計師審計報告》
(2)承認《2025年度公司財務報告》
5.重要決議事項四、董監事選舉:無
6.重要決議事項五、其他事項:
(1)本公司無簽署關於《法國商業法第227-10條》規範之合約
(2)更換會計師事務所及簽證會計師案
(3)授權完成上述議案之相關法律程序
7.其他應敘明事項:無",material_event,NEUTRAL,LOW
,3702,大聯大,公告本公司董事會選任董事長、副董事長,"1.董事會決議日期或發生變動日期:115/06/30
2.人員別（請輸入董事長或總經理）:董事長、副董事長
3.舊任者姓名:
董事長-黃偉祥；副董事長-葉福海
4.舊任者簡歷:
董事長-黃偉祥：大聯大控股所屬轉投資公司董事長、董事
副董事長-葉福海：大聯大控股所屬轉投資公司董事
5.新任者姓名:
董事長-黃偉祥、副董事長-葉福海
6.新任者簡歷:
董事長-黃偉祥：大聯大控股所屬轉投資公司董事長、董事
副董事長-葉福海：大聯大控股所屬轉投資公司董事
7.異動情形（請輸入「辭職」、「解任」、「任期屆滿」、「職務調整」、「資遣」、
「退休」、「逝世」或「新任」）:任期屆滿
8.異動原因:
本公司現任第七屆董事於115年5月30日任期屆滿，於115年股東常會全面改
選，新任董事會選任董事長、副董事長。
9.新任生效日期:115/06/30
10.其他應敘明事項(若事件發生或決議之主體係屬公開發行以上公司，本則重大訊息同時
   符合證券交易法施行細則第7條第6款所定對股東權益或證券價格有重大影響之事項):無",material_event,NEUTRAL,LOW
,3702,大聯大,"公告本公司審計委員會、薪酬委員會及提名委員會
成員異動","1.發生變動日期:115/06/30
2.功能性委員會名稱:審計委員會、薪酬委員會、提名委員會
3.舊任者姓名:
審計委員會、薪酬委員會:
(1)陳永清;(2)黃日燦;(3)楊鎧蟬;(4)于卓民
提名委員會:
(1)黃日燦;(2)黃偉祥;(3)楊鎧蟬;(4)于卓民;(5)張蓉崗
4.舊任者簡歷:
審計委員會、薪酬委員會:
(1)陳永清:匯僑(股)公司董事
(2)黃日燦:台灣創生平台(股)公司創辦人暨董事長
(3)楊鎧蟬:宜鼎國際(股)有限公司獨立董事
(4)于卓民:宜特科技股份有限公司獨立董事
提名委員會:
(1)黃日燦：台灣創生平台(股)公司創辦人暨董事長
(2)黃偉祥：大聯大控股股份有限公司董事長
(3)楊鎧蟬：宜鼎國際(股)有限公司獨立董事
(4)于卓民：宜特科技股份有限公司獨立董事
(5)張蓉崗：大聯大控股股份有限公司董事、執行長
5.新任者姓名:
審計委員會、薪酬委員會:
(1)劉鏡清;(2)陳永清;(3)于卓民
提名委員會:
(1)劉鏡清;(2)黃偉祥;(3)張蓉崗;(4)于卓民;(5)陳永清
6.新任者簡歷:
審計委員會、薪酬委員會:
(1)劉鏡清:前行政院政務委員兼國家發展委員會主任委員
(2)陳永清:匯僑(股)公司董事
(3)于卓民:宜特科技股份有限公司獨立董事
提名委員會:
(1)劉鏡清：前行政院政務委員兼國家發展委員會主任委員
(2)黃偉祥：大聯大控股股份有限公司董事長
(3)張蓉崗：大聯大控股股份有限公司董事、執行長
(4)于卓民：宜特科技股份有限公司獨立董事
(5)陳永清：匯僑(股)公司董事
7.異動情形（請輸入「辭職」、「解任」、「任期屆滿」、「逝世」或「新任」）:
任期屆滿
8.異動原因:
本公司現任第七屆獨立董事於115年5月30日任期屆滿，
於115年股東常會全面改選第八屆獨立董事，
審計委員會及薪酬委員會委員由全體獨立董事組成，
審計委員會召集人由陳永清獨立董事擔任，
薪酬委員會召集人由于卓民獨立董事擔任，
提名委員會召集人由劉鏡清獨立董事擔任。
9.原任期（例xx/xx/xx ~ xx/xx/xx）:112/05/31~115/05/30
10.新任生效日期:115/06/30
11.其他應敘明事項:無",material_event,NEUTRAL,LOW
,1225,福懋油,"本公司油品代製廠通報，供應本公司之特定批次沙拉油，
檢驗結果未符合法規標準。","1.事實發生日:115/06/30
2.公司名稱:福懋油脂股份有限公司
3.與公司關係(請輸入本公司或子公司):本公司
4.相互持股比例:不適用
5.發生緣由:
本公司於115/6/30接獲代製廠「中聯油脂股份有限公司」回收通報，
其供應之部分沙拉油(批號: 0409315)之苯駢芘(BaP)未符合法規標準。
6.因應措施:
一、本公司於接獲代製廠通報後，該批次相關成品均停止出貨，立即展開該批次
產品流向盤查與下架回收作業，並於115年6月30日完成主管機關通報。
二、此為上游供應商單一事件，為恪守食安高標準，立即實施嚴格自主加強管理，
確認品質合乎法規標準方可放行出貨，以最嚴謹的態度保障消費者權益。
7.其他應敘明事項(若事件發生或決議之主體係屬公開發行以上公司，本則重大訊息同時
  符合證券交易法施行細則第7條第9款所定對股東權益或證券價格有重大影響之事項):
本次異常批次之金額對公司財務並無重大影響。",material_event,NEUTRAL,LOW
,2379,瑞昱,代子公司Leading Enterprises Limited公告處分Pictet Short Term Money Market Fund,"1.標的物之名稱及性質（屬特別股者，並應標明特別股約定發行條件，如股息率等）:
Pictet Short Term Money Market Fund (ISIN: LU0128497707)
2.事實發生日:115/6/30~115/6/30
3.董事會通過日期: 不適用
4.其他核決日期:
核決層級:總經理
民國115年06月30日
5.交易數量、每單位價格及交易總金額:
交易數量：56,834.78016單位
每單位價格：US$ 175.9486
交易總金額：US$ 10,000,000
6.交易相對人及其與公司之關係（交易相對人如屬自然人，且非公司之
關係人者，得免揭露其姓名）:
無
7.交易相對人為關係人者，並應公告選定關係人為交易對象之原因及前次移
轉之所有人、前次移轉之所有人與公司及交易相對人間相互之關係、前次
移轉日期及移轉金額:
不適用
8.交易標的最近五年內所有權人曾為公司之關係人者，尚應公告關係人之取
得及處分日期、價格及交易當時與公司之關係:
不適用
9.本次係處分債權之相關事項（含處分之債權附隨擔保品種類、處分債權
如有屬對關係人債權者尚需公告關係人名稱及本次處分該關係人之債權
帳面金額:
不適用
10.處分利益（或損失）（取得有價證券者不適用）（原遞延者應列表說明
認列情形）:
US$ 907,242.23
11.交付或付款條件（含付款期間及金額）、契約限制條款及其他重要約定
事項:
依合約約定
12.本次交易之決定方式、價格決定之參考依據及決策單位:
依公司核決權限辦理
13.取得或處分有價證券標的公司每股淨值:
不適用
14.迄目前為止，累積持有本交易證券（含本次交易）之數量、金額、持股
比例及權利受限情形（如質押情形）:
數量：482,697.00452  
金額：US$ 84,929,862.17
持股比例：不適用
權益受限：無
15.迄目前為止，依「公開發行公司取得或處分資產處理準則」第三條所列
之有價證券投資（含本次交易）占公司最近期財務報表中總資產及歸屬
於母公司業主之權益之比例暨最近期財務報表中營運資金數額（註二）:
佔總資產比例：6.25 %
佔歸屬於母公司業主之權益比例：19.78 %
營運資金：NT$ 13,893,106仟元
16.經紀人及經紀費用:
不適用
17.取得或處分之具體目的或用途:
固定收益投資
18.本次交易表示異議董事之意見:
不適用
19.本次交易為關係人交易:否
20.監察人承認或審計委員會同意日期:
不適用
21.本次交易會計師出具非合理性意見:不適用
22.會計師事務所名稱:
不適用
23.會計師姓名:
不適用
24.會計師開業證書字號:
不適用
25.是否涉及營運模式變更:否
26.營運模式變更說明:
不適用
27.過去一年及預計未來一年內與交易相對人交易情形:
115年5月13日代子公司Leading Enterprises Limited
公告處分Pictet Short Term Money Market Fund
交易數量：118,231.32787單位
每單位價格：US$ 175.0805
交易總金額：US$ 20,700,000
28.資金來源:
不適用
29.前已就同一件事件發布重大訊息日期: 不適用
30.其他敘明事項:
無",material_event,NEGATIVE,HIGH
,1218,泰山,"（補充說明）本公司油品代製廠商通報提供予本公司的沙拉
油原料中特定批次檢驗之結果未符合法規標準","1.事實發生日:115/06/30
2.公司名稱:泰山企業股份有限公司
3.與公司關係(請輸入本公司或子公司):本公司
4.相互持股比例:不適用
5.發生緣由:本公司於今日（6/30）接獲油品代製廠中聯油脂通報其提供予本公司
  使用之沙拉油原料（批號0409315），於依法規進行第三方檢驗時，
  苯駢芘（BaP）檢測結果未符合我國法規標準。
6.因應措施:本公司接獲通知後，立即啟動最高等級食品安全應變機制：第一時間不但
 預防性下架使用該批原料之沙拉油及調合油共9個產品之出貨，庫存封存，另除4月
 生產的商品批次外，再擴大下架此9個產品4-6月生產批次範圍，並同步依法向主
 管機關完成通報，以最嚴謹的態度保障消費者權益。
 本次為上游供應商單一事件，公司亦已積極啟動溯源檢驗的全面檢討；即使非同批次
 的其他產品亦進行預防性下架，未來需經第三方公正單位 SGS 完成檢驗，嚴格
 要求在未確認每一項產品安全無虞之前，絕不讓任何一項商品重新上市。
7.其他應敘明事項(若事件發生或決議之主體係屬公開發行以上公司，本則重大訊息同時
  符合證券交易法施行細則第7條第9款所定對股東權益或證券價格有重大影響之事項):
 本次異常批次之金額對公司財務並無重大影響。",material_event,NEUTRAL,LOW
,6908,宏碁遊戲-創,代子公司Winking Studios Limited公告庫藏股執行情形,"1.事實發生日:115/06/30
2.公司名稱:Winking Studios Limited
3.與公司關係(請輸入本公司或子公司):子公司
4.相互持股比例:57.19%
5.發生緣由:無
6.因應措施:無
7.其他應敘明事項(若事件發生或決議之主體係屬公開發行以上公司，本則重大訊息同時
  符合證券交易法施行細則第7條第9款所定對股東權益或證券價格有重大影響之事項):
每日股票回購指示的生效日期: 2026/06/30
授權購買的最大股份數量: 44,193,811
透過市場收購方式進行的購買: 是
購買日期: 2026/06/30
購買股份總數: 275,600
註銷股份數量:0
庫存股數量: 664,600
每股最高價格: SGD 0.22095
每股最低價格: SGD 0.22095
股份已支付或應付的總對價(包括印花稅、清算費用等): SGD 61,052.15
截至目前累計購買股數: 664,600
已發行股份數量(不包括購買後的庫存股): 441,273,518
購買後持有的庫存股數量: 664,600",material_event,NEUTRAL,LOW
