stock_id,stock_name,year_month,revenue,revenue_yoy,revenue_mom,accumulated_revenue,accumulated_revenue_yoy,revenue_data_month,requested_revenue_month,latest_available_month,revenue_source_status
1101,台泥,202605,12612013.0,-0.059289218784111405,3.265468208769286,58084626.0,-3.63083235275394,202605,202607,202605,OK_WITH_FALLBACK
1102,亞泥,202605,6296531.0,-1.155981889962417,10.57294468183896,26820476.0,-8.278297583764248,202605,202607,202605,OK_WITH_FALLBACK
1103,嘉泥,202605,230485.0,-7.503350964355371,11.011838822475461,1126476.0,-11.526188099410083,202605,202607,202605,OK_WITH_FALLBACK
1104,環泥,202605,655816.0,1.9763460455974597,3.1223710962499154,3050822.0,-6.714900924282693,202605,202607,202605,OK_WITH_FALLBACK
1108,幸福,202605,335095.0,-13.762221061273229,3.7860321924235993,1638672.0,-18.553814695952074,202605,202607,202605,OK_WITH_FALLBACK
1109,信大,202605,348178.0,-14.512022353007614,2.347497883548114,1543711.0,-15.699716853110383,202605,202607,202605,OK_WITH_FALLBACK
1110,東泥,202605,233647.0,-10.648509323420985,-1.643850609550751,1053842.0,-16.796780010548023,202605,202607,202605,OK_WITH_FALLBACK
1201,味全,202605,1825310.0,-5.08156399016136,1.7701088671593177,8619939.0,-4.173858310152951,202605,202607,202605,OK_WITH_FALLBACK
1203,味王,202605,432673.0,-10.047941389260796,-1.1489552252445727,2183227.0,-13.088339323895196,202605,202607,202605,OK_WITH_FALLBACK
1210,大成,202605,9065705.0,10.160866102072843,-0.3599840764226202,44729141.0,5.260299152079415,202605,202607,202605,OK_WITH_FALLBACK
1213,大飲,202605,22834.0,14.29572529782761,-10.10236220472441,125317.0,12.618174628850785,202605,202607,202605,OK_WITH_FALLBACK
1215,卜蜂,202605,2488775.0,1.6546826649413626,7.424437837539193,11981862.0,3.9036284914280253,202605,202607,202605,OK_WITH_FALLBACK
1216,統一,202605,59180335.0,2.698137955165315,2.957943396972859,291676878.0,3.029530865721399,202605,202607,202605,OK_WITH_FALLBACK
1217,愛之味,202605,376355.0,-14.60625463720336,-5.120428773829872,1939235.0,-3.1927543640350002,202605,202607,202605,OK_WITH_FALLBACK
1218,泰山,202605,821022.0,-1.424326287542698,-2.767787037552419,4318537.0,4.664707416358625,202605,202607,202605,OK_WITH_FALLBACK
1219,福壽,202605,1115075.0,-6.859444902923164,-8.734241346091673,5972242.0,-1.1204624169504316,202605,202607,202605,OK_WITH_FALLBACK
1220,台榮,202605,239785.0,-12.603966963836626,-19.89864774579759,1234633.0,-4.9650690920735014,202605,202607,202605,OK_WITH_FALLBACK
1225,福懋油,202605,1031005.0,2.2697627174461847,-7.131475431395174,5422365.0,3.333175796738154,202605,202607,202605,OK_WITH_FALLBACK
1227,佳格,202605,2282197.0,5.440383507442792,18.156778750597333,11984199.0,8.213575593837419,202605,202607,202605,OK_WITH_FALLBACK
1229,聯華,202605,786408.0,-8.840017248814144,30.12050584990296,4006990.0,-8.756630075866308,202605,202607,202605,OK_WITH_FALLBACK
1231,聯華食,202605,986344.0,-3.1455903407182793,-2.1471507073007885,5342869.0,3.900880446883918,202605,202607,202605,OK_WITH_FALLBACK
1232,大統益,202605,1831688.0,9.902576850406835,-3.0956479783642172,9615949.0,8.082454671668579,202605,202607,202605,OK_WITH_FALLBACK
1233,天仁,202605,188910.0,-3.792581878924612,9.03896103896104,935964.0,2.138665118522512,202605,202607,202605,OK_WITH_FALLBACK
1234,黑松,202605,694368.0,-22.716790283948747,1.2720850117990916,3708346.0,-5.586742234355734,202605,202607,202605,OK_WITH_FALLBACK
1235,興泰,202605,7962.0,-37.97616265482589,-46.42712959224869,81794.0,46.88959126499533,202605,202607,202605,OK_WITH_FALLBACK
1236,宏亞,202605,107321.0,-4.286211171261159,-12.21042471042471,775056.0,2.874026251554613,202605,202607,202605,OK_WITH_FALLBACK
1256,鮮活果汁-KY,202605,475678.0,23.65197002269354,4.416103257529195,2072196.0,46.77365775365465,202605,202607,202605,OK_WITH_FALLBACK
1301,台塑,202605,14951422.0,0.6692623624404568,-18.41536565647394,75262816.0,-3.789434629271584,202605,202607,202605,OK_WITH_FALLBACK
1303,南亞,202605,28830982.0,31.352602342197276,4.153246510127104,125108684.0,13.038717238575769,202605,202607,202605,OK_WITH_FALLBACK
1304,台聚,202605,3720859.0,-1.4252420815984075,-15.68369832881522,18881444.0,-4.701645083172749,202605,202607,202605,OK_WITH_FALLBACK
1305,華夏,202605,973037.0,20.693795483271582,-18.391561354128577,4839073.0,18.023320900300213,202605,202607,202605,OK_WITH_FALLBACK
1307,三芳,202605,876393.0,9.148413885522775,-10.68660981436037,4810459.0,3.7186151759706254,202605,202607,202605,OK_WITH_FALLBACK
1308,亞聚,202605,521633.0,10.422823224582766,1.8691096000093739,2335561.0,-4.565339265341881,202605,202607,202605,OK_WITH_FALLBACK
1309,台達化,202605,974076.0,-20.619478329748993,-22.84625980088918,5572495.0,-18.481220016495406,202605,202607,202605,OK_WITH_FALLBACK
1310,台苯,202605,516855.0,-38.614556350900195,-42.017157415416094,3592895.0,-9.778756884184983,202605,202607,202605,OK_WITH_FALLBACK
1312,國喬,202605,1593246.0,5.817960107541736,-36.001031537822854,11588232.0,17.811674671424043,202605,202607,202605,OK_WITH_FALLBACK
1313,聯成,202605,5371028.0,4.710403453651217,-8.635351657653294,25749422.0,3.8335187525729615,202605,202607,202605,OK_WITH_FALLBACK
1314,中石化,202605,1290220.0,-23.82838213684584,-17.105429696509834,6939022.0,-30.146279609090197,202605,202607,202605,OK_WITH_FALLBACK
1315,達新,202605,233648.0,3.4344149807428392,77.66017306142312,762838.0,-17.109945550423177,202605,202607,202605,OK_WITH_FALLBACK
1316,上曜,202605,720420.0,152.96178992534956,5.334571267737431,3291684.0,138.94580810199872,202605,202607,202605,OK_WITH_FALLBACK
1319,東陽,202605,1847625.0,2.5393063872532426,-8.034113924460176,9487402.0,-17.00779185697848,202605,202607,202605,OK_WITH_FALLBACK
1321,大洋,202605,361973.0,13.394733956737621,2.800529377016404,1610610.0,-1.4157699511550186,202605,202607,202605,OK_WITH_FALLBACK
1323,永裕,202605,181398.0,4.335672380075923,-2.779445182866698,899575.0,2.403987901513677,202605,202607,202605,OK_WITH_FALLBACK
1324,地球,202605,55577.0,4.102122239496507,8.51067983911906,276588.0,-9.535194821760902,202605,202607,202605,OK_WITH_FALLBACK
1325,恆大,202605,20068.0,-31.196214900401138,-17.972613938279174,101772.0,-27.123001238820184,202605,202607,202605,OK_WITH_FALLBACK
1326,台化,202605,27386895.0,15.45293772932748,-14.685400624558717,141237771.0,10.63219857925148,202605,202607,202605,OK_WITH_FALLBACK
1337,再生-KY,202605,45413.0,-9.613279461815576,7.951411999619664,239825.0,-18.436303284654155,202605,202607,202605,OK_WITH_FALLBACK
1338,廣華-KY,202605,426707.0,6.2435419576676106,-6.86486569073182,2053108.0,-1.438689016296565,202605,202607,202605,OK_WITH_FALLBACK
1339,昭輝,202605,146731.0,14.653299785900701,3.9723649247121346,682016.0,-12.52100344520634,202605,202607,202605,OK_WITH_FALLBACK
1340,勝悅-KY,202605,6790.0,-70.784389656211,28.671593708546524,23502.0,-79.09093335468546,202605,202607,202605,OK_WITH_FALLBACK
1341,富林-KY,202605,198457.0,14.539578102905953,-25.351974933893032,1145225.0,5.211299954065227,202605,202607,202605,OK_WITH_FALLBACK
1342,八貫,202605,337474.0,37.20016912494105,-3.3753933282368873,1604022.0,26.646780341910034,202605,202607,202605,OK_WITH_FALLBACK
1402,遠東新,202605,23426660.0,19.43789600671313,2.351313848713414,107591959.0,4.018480051327095,202605,202607,202605,OK_WITH_FALLBACK
1409,新纖,202605,4373931.0,35.13216838957235,7.2218775302886975,18501156.0,8.568258408702382,202605,202607,202605,OK_WITH_FALLBACK
1410,南染,202605,20575.0,37.075283144570285,-10.957718440299477,93972.0,8.935361216730039,202605,202607,202605,OK_WITH_FALLBACK
1413,宏洲,202605,178752.0,-16.458145414947165,-20.20320612118263,840673.0,-19.106632179793618,202605,202607,202605,OK_WITH_FALLBACK
1414,東和,202605,45981.0,11.124268935182947,-0.5127872257561988,205651.0,-7.428213888626307,202605,202607,202605,OK_WITH_FALLBACK
1416,廣豐,202605,40522.0,61.12127236580517,20.744934445768774,180372.0,34.7376913251014,202605,202607,202605,OK_WITH_FALLBACK
1417,嘉裕,202605,21313.0,-10.249715753568871,-3.1755406142104308,117134.0,16.540807290889372,202605,202607,202605,OK_WITH_FALLBACK
1418,東華,202605,1051.0,206.4139941690962,89.71119133574007,2253.0,-36.19371282922685,202605,202607,202605,OK_WITH_FALLBACK
1419,新紡,202605,383133.0,2.147280972808395,-4.702528859140531,2238219.0,29.63556740708478,202605,202607,202605,OK_WITH_FALLBACK
1423,利華,202605,6117.0,17.906707787201235,46.86674669867947,41515.0,4.086749404538047,202605,202607,202605,OK_WITH_FALLBACK
1432,大魯閣,202605,65979.0,-38.66754666468357,-0.8162713087399657,330586.0,-40.24632714442709,202605,202607,202605,OK_WITH_FALLBACK
1434,福懋,202605,2497994.0,5.625479396216586,-3.3516325991315554,12061936.0,-5.595008577657048,202605,202607,202605,OK_WITH_FALLBACK
1435,中福,202605,498.0,0.0,-0.20040080160320642,2492.0,0.0,202605,202607,202605,OK_WITH_FALLBACK
1436,華友聯,202605,110845.0,44.62130602126688,106.27314513277629,237207.0,-48.41049419635187,202605,202607,202605,OK_WITH_FALLBACK
1437,勤益控,202605,61704.0,-0.6104730763655107,8.13501104062248,292553.0,-8.92129423521757,202605,202607,202605,OK_WITH_FALLBACK
1438,三地開發,202605,1117.0,,-90.68079425996997,390580.0,161966.39004149378,202605,202607,202605,OK_WITH_FALLBACK
1439,雋揚,202605,11667.0,-38.27963815267418,110.97649186256781,93109.0,-41.76210461792503,202605,202607,202605,OK_WITH_FALLBACK
1440,南紡,202605,1117882.0,-13.433878339303774,8.880969240314366,5517240.0,-17.77879777772479,202605,202607,202605,OK_WITH_FALLBACK
1441,大東,202605,94130.0,-1.277425850568444,-28.517185340441365,514946.0,-17.96852847188813,202605,202607,202605,OK_WITH_FALLBACK
1442,名軒,202605,199199.0,-18.6810091443501,167.97110417563496,575611.0,-70.25418337769798,202605,202607,202605,OK_WITH_FALLBACK
1443,立益物流,202605,79128.0,-2.267674522009782,-1.6823637583559057,386360.0,-7.694586529755093,202605,202607,202605,OK_WITH_FALLBACK
1444,力麗,202605,1072308.0,81.0245545323328,72.045777986712,3838241.0,24.004031977979196,202605,202607,202605,OK_WITH_FALLBACK
1445,大宇,202605,56545.0,-12.209473831296869,132.00804201542755,251971.0,-24.288697585673294,202605,202607,202605,OK_WITH_FALLBACK
1446,宏和,202605,77509.0,-1.8388824862907005,23.123967467276657,321155.0,-57.597926601919184,202605,202607,202605,OK_WITH_FALLBACK
1447,力鵬,202605,1615677.0,-45.56331500781842,-50.422490350244914,12946166.0,3.9370406197863046,202605,202607,202605,OK_WITH_FALLBACK
1449,佳和,202605,283816.0,98.71730241416009,-24.78048961483315,1453524.0,44.35003336829059,202605,202607,202605,OK_WITH_FALLBACK
1451,年興,202605,525245.0,-18.984180749131607,2.3127478709395914,2566621.0,1.2772205458571027,202605,202607,202605,OK_WITH_FALLBACK
1452,宏益,202605,121121.0,14.964643348678278,-17.904661203630276,596995.0,1.681592582120922,202605,202607,202605,OK_WITH_FALLBACK
1453,大將,202605,125.0,0.8064516129032258,-0.7936507936507936,628.0,1.2903225806451613,202605,202607,202605,OK_WITH_FALLBACK
1454,台富,202605,126202.0,7.83177825626303,1.547324970429437,544661.0,-19.75268443323393,202605,202607,202605,OK_WITH_FALLBACK
1455,集盛,202605,543385.0,-4.870072461104021,-8.72418623870779,2404446.0,-21.040197665009824,202605,202607,202605,OK_WITH_FALLBACK
1456,怡華,202605,28675.0,-69.04350642340495,-55.2617208830642,311717.0,1.1168635694220077,202605,202607,202605,OK_WITH_FALLBACK
1457,宜進,202605,249333.0,-8.69498346620184,-15.618781389178432,1192101.0,-16.353827014442476,202605,202607,202605,OK_WITH_FALLBACK
1459,聯發,202605,82210.0,-3.47766871741887,-12.869755068731253,408738.0,-24.07282535401214,202605,202607,202605,OK_WITH_FALLBACK
1460,宏遠,202605,465096.0,-7.36043692946306,9.126231816048803,2589169.0,-20.649345713965232,202605,202607,202605,OK_WITH_FALLBACK
1463,強盛新,202605,15813.0,0.809639168685452,-24.35057168827441,99530.0,-85.47997204825323,202605,202607,202605,OK_WITH_FALLBACK
1464,得力,202605,990946.0,4.571644449697349,-12.275697716211024,5106856.0,-6.650997776706619,202605,202607,202605,OK_WITH_FALLBACK
1465,偉全,202605,27068.0,18.688064544418136,-25.47767193436485,161871.0,9.408520388507005,202605,202607,202605,OK_WITH_FALLBACK
1466,聚隆,202605,192089.0,4.595153825210999,2.498852758182769,927329.0,-15.506254145740547,202605,202607,202605,OK_WITH_FALLBACK
1467,南緯,202605,371278.0,-11.554147410548383,-10.277279691449616,1967717.0,-0.9985590401114127,202605,202607,202605,OK_WITH_FALLBACK
1468,昶和,202605,44428.0,-37.473787910773346,4.706464613136622,214484.0,-45.86266516904981,202605,202607,202605,OK_WITH_FALLBACK
1470,大統新創,202605,55312.0,-18.40443736354517,8.670111397080493,297516.0,-13.955768413198332,202605,202607,202605,OK_WITH_FALLBACK
1471,首利,202605,6792.0,-66.10609311841908,-15.13182556541297,36809.0,-56.158363010517036,202605,202607,202605,OK_WITH_FALLBACK
1472,三洋實業,202605,354164.0,35.049781313036945,15.283257164433682,1575700.0,4.504843886065379,202605,202607,202605,OK_WITH_FALLBACK
1473,台南,202605,431104.0,-1.5220425477480028,13.848087760717888,2768907.0,-17.889873841515907,202605,202607,202605,OK_WITH_FALLBACK
1474,弘裕,202605,231333.0,4.684091916988714,-8.24087993685271,1174472.0,-4.715421298497316,202605,202607,202605,OK_WITH_FALLBACK
1475,業旺,202605,125355.0,5.818743563336766,0.30486341158961067,598199.0,-6.593579898380141,202605,202607,202605,OK_WITH_FALLBACK
1476,儒鴻,202605,3059191.0,0.6873564784598791,-6.275331117864203,15944280.0,0.8886384012595419,202605,202607,202605,OK_WITH_FALLBACK
1477,聚陽,202605,2708741.0,8.844709275669455,3.9443535627849005,14211683.0,-3.8238648956382417,202605,202607,202605,OK_WITH_FALLBACK
1503,士電,202605,3049512.0,8.354818261667951,-10.424497210084349,18012615.0,14.891707164738252,202605,202607,202605,OK_WITH_FALLBACK
1504,東元,202605,5685648.0,10.55212011300114,1.0480069952440871,25510806.0,7.192093297117473,202605,202607,202605,OK_WITH_FALLBACK
1506,正道,202605,105801.0,9.010262116716122,3.0485726251814045,498597.0,11.058222389525806,202605,202607,202605,OK_WITH_FALLBACK
1512,瑞利,202605,83531.0,-5.942032249346906,9.002766468316109,481415.0,3.5107410011460223,202605,202607,202605,OK_WITH_FALLBACK
1513,中興電,202605,2392022.0,3.6162698572560394,3.6540759033789967,11190358.0,2.325232220096636,202605,202607,202605,OK_WITH_FALLBACK
1514,亞力,202605,799732.0,-30.827827257260537,-6.815578665268432,4197709.0,10.770090213425327,202605,202607,202605,OK_WITH_FALLBACK
1515,力山,202605,422351.0,8.141234909295745,29.809565960376442,1798063.0,-0.5547281030345231,202605,202607,202605,OK_WITH_FALLBACK
1516,川飛,202605,9678.0,-15.996875271243816,29.55823293172691,43373.0,29.917627677100494,202605,202607,202605,OK_WITH_FALLBACK
1517,利奇,202605,190652.0,32.52422460413452,10.30803767733574,798933.0,-11.126672354739993,202605,202607,202605,OK_WITH_FALLBACK
1519,華城,202605,1476965.0,-9.328183887046146,-34.326609469731494,8482435.0,3.8984414808137027,202605,202607,202605,OK_WITH_FALLBACK
1521,大億,202605,328362.0,23.047002349555385,-6.2915230245884795,1682530.0,15.929496830168555,202605,202607,202605,OK_WITH_FALLBACK
1522,堤維西,202605,2113362.0,39.56097003684228,-4.172259061493369,11022393.0,40.12199917038327,202605,202607,202605,OK_WITH_FALLBACK
1524,耿鼎,202605,188066.0,18.841825224803948,-14.478524817534845,970155.0,-13.89220493931258,202605,202607,202605,OK_WITH_FALLBACK
1525,江申,202605,119243.0,29.384127948612225,11.232066565922278,508180.0,7.705872129743844,202605,202607,202605,OK_WITH_FALLBACK
1526,日馳,202605,54615.0,-10.433442117519721,4.789040465089506,268701.0,-18.214109611556513,202605,202607,202605,OK_WITH_FALLBACK
1527,鑽全,202605,205906.0,-13.532467423393006,-13.061505398136303,1072133.0,-17.37034456607857,202605,202607,202605,OK_WITH_FALLBACK
1528,恩德,202605,241744.0,-16.58333419598831,0.27958684199610073,1194918.0,8.694026694174056,202605,202607,202605,OK_WITH_FALLBACK
1529,樂事綠能,202605,119546.0,158.34377836365994,236.0960386853721,403626.0,-8.228649642919668,202605,202607,202605,OK_WITH_FALLBACK
1530,亞崴,202605,86654.0,-43.01403374939169,-59.379160338264796,744791.0,-10.338198098636397,202605,202607,202605,OK_WITH_FALLBACK
1531,高林股,202605,131713.0,-4.898301046232048,5.1030179224054,604516.0,-10.843871028638343,202605,202607,202605,OK_WITH_FALLBACK
1532,勤美,202605,1217993.0,26.03639140629689,10.8844955636843,5609378.0,12.235327355322426,202605,202607,202605,OK_WITH_FALLBACK
1533,車王電,202605,482812.0,54.893890056303235,1.2538981152730622,2248045.0,62.99606584097181,202605,202607,202605,OK_WITH_FALLBACK
1535,中宇,202605,581509.0,-45.63512430806224,-3.7596859453250935,3389046.0,-22.21179908652322,202605,202607,202605,OK_WITH_FALLBACK
1536,和大,202605,394750.0,12.161455669587554,-2.5813775573159594,1993370.0,-0.9152577589133619,202605,202607,202605,OK_WITH_FALLBACK
1537,廣隆,202605,577620.0,8.80957852818289,0.36331792142533215,2867146.0,-1.5796908173756035,202605,202607,202605,OK_WITH_FALLBACK
1538,正峰,202605,3520.0,-65.38499360802439,-61.780673181324644,23490.0,-52.388673814784035,202605,202607,202605,OK_WITH_FALLBACK
1539,巨庭,202605,105864.0,-14.814725407362703,0.8353415184737157,452826.0,-25.401061590012752,202605,202607,202605,OK_WITH_FALLBACK
1540,喬福,202605,49442.0,-2.8835199371439795,39.21049667755378,171189.0,-24.767299798722018,202605,202607,202605,OK_WITH_FALLBACK
1541,錩泰,202605,214691.0,-44.72766873313699,6.8433363192992935,1014441.0,-36.30863697578708,202605,202607,202605,OK_WITH_FALLBACK
1558,伸興,202605,813081.0,-1.5951376139016606,15.912998354855173,3440715.0,-1.7335287211191597,202605,202607,202605,OK_WITH_FALLBACK
1560,中砂,202605,829267.0,17.780558404040463,-0.130908022361547,3952897.0,24.517713602426284,202605,202607,202605,OK_WITH_FALLBACK
1563,巧新,202605,635255.0,18.7354794333638,6.698837029621816,3102564.0,2.8599959287842247,202605,202607,202605,OK_WITH_FALLBACK
1568,倉佑,202605,93701.0,5.267829056756392,-14.287413099158433,453396.0,-0.5398622813733254,202605,202607,202605,OK_WITH_FALLBACK
1582,信錦,202605,610794.0,-10.759776634260517,-20.77200064337711,3497161.0,-5.665908144350142,202605,202607,202605,OK_WITH_FALLBACK
1583,程泰,202605,221590.0,-18.53548425046322,-49.687348158373936,1594434.0,10.058803998865198,202605,202607,202605,OK_WITH_FALLBACK
1587,吉茂,202605,214381.0,4.4283696234594965,8.291827889637615,1166421.0,18.009714582294208,202605,202607,202605,OK_WITH_FALLBACK
1589,永冠-KY,202605,760800.0,14.314048096644052,-0.5815093106827834,3259377.0,9.038912587268712,202605,202607,202605,OK_WITH_FALLBACK
1590,亞德客-KY,202605,3909466.0,40.38875400710227,-9.968618280893445,18265305.0,27.299409553868497,202605,202607,202605,OK_WITH_FALLBACK
1597,直得,202605,137546.0,51.38068037992098,-10.628122908585278,625851.0,44.125930651093064,202605,202607,202605,OK_WITH_FALLBACK
1598,岱宇,202605,402138.0,5.122574776103016,-11.174087637997376,2490932.0,-11.167362618590886,202605,202607,202605,OK_WITH_FALLBACK
1603,華電,202605,444858.0,-5.96817116296373,-22.676692356628113,2324457.0,-2.6117053301228887,202605,202607,202605,OK_WITH_FALLBACK
1604,聲寶,202605,778972.0,-9.721145365769988,-4.445703827461256,3967092.0,-3.613498850896432,202605,202607,202605,OK_WITH_FALLBACK
1605,華新,202605,17459111.0,11.130693995600756,12.418114429438717,74047891.0,-5.3630528138921845,202605,202607,202605,OK_WITH_FALLBACK
1608,華榮,202605,1119629.0,7.832588367750069,7.4749605954549905,5614506.0,16.303642395423676,202605,202607,202605,OK_WITH_FALLBACK
1609,大亞,202605,3135375.0,21.980848768452017,0.3374904674783804,14653075.0,18.198947015957703,202605,202607,202605,OK_WITH_FALLBACK
1611,中電,202605,86945.0,-4.358300240905541,1.3628520798358514,425140.0,-9.310818536310656,202605,202607,202605,OK_WITH_FALLBACK
1612,宏泰,202605,661950.0,-13.626850247395561,-1.6868951505106133,3254584.0,1.124191097261592,202605,202607,202605,OK_WITH_FALLBACK
1614,三洋電,202605,439234.0,-19.33970926346254,-9.966834611710786,2189349.0,-9.26151726698972,202605,202607,202605,OK_WITH_FALLBACK
1615,大山,202605,479598.0,14.849839674127786,-3.6671319962639726,2295216.0,-3.201963275877121,202605,202607,202605,OK_WITH_FALLBACK
1616,億泰,202605,475294.0,-5.279163943051193,8.226255615745263,2217357.0,5.2808080769712875,202605,202607,202605,OK_WITH_FALLBACK
1617,榮星,202605,344911.0,37.88056861428252,-11.362415676196594,1645192.0,23.29400126652003,202605,202607,202605,OK_WITH_FALLBACK
1618,合機,202605,615760.0,153.16268341919277,233.3910858924936,1966626.0,-7.777041541987246,202605,202607,202605,OK_WITH_FALLBACK
1623,大東電,202605,355869.0,-32.723907684396785,-25.452477313290263,2695577.0,-0.4695208384026396,202605,202607,202605,OK_WITH_FALLBACK
1626,艾美特-KY,202605,1010772.0,-7.67409550898942,5.257830512287016,3806269.0,-8.763523904856141,202605,202607,202605,OK_WITH_FALLBACK
1702,南僑,202605,1887464.0,-1.3151090887511718,-4.043030213676735,9669817.0,-1.3543880581667156,202605,202607,202605,OK_WITH_FALLBACK
1707,葡萄王,202605,787637.0,-4.80600723711086,-2.325307420249309,3871986.0,-1.6685175840537858,202605,202607,202605,OK_WITH_FALLBACK
1708,東鹼,202605,538697.0,18.3827165106022,-22.68187872455248,2789049.0,13.182001902430631,202605,202607,202605,OK_WITH_FALLBACK
1709,和益,202605,902779.0,5.380384411558027,19.40352399368316,4082365.0,-3.0591806169890576,202605,202607,202605,OK_WITH_FALLBACK
1710,東聯,202605,1293230.0,-28.895704205953553,-46.651876505176695,9063189.0,-10.258738178818136,202605,202607,202605,OK_WITH_FALLBACK
1711,永光,202605,719158.0,9.417415608106976,-0.34531975334303333,3486258.0,4.695985179076647,202605,202607,202605,OK_WITH_FALLBACK
1712,興農,202605,1743868.0,11.427485183942748,-8.88063086128952,8452922.0,2.9232518836358676,202605,202607,202605,OK_WITH_FALLBACK
1713,國化,202605,46485.0,12.174227799227799,14.41335007014694,199548.0,9.848176243270322,202605,202607,202605,OK_WITH_FALLBACK
1714,和桐,202605,3477938.0,84.84705467169664,9.242837524924019,13941648.0,55.43173027911526,202605,202607,202605,OK_WITH_FALLBACK
1717,長興,202605,3860946.0,14.875533400654927,-8.797750454777484,18337371.0,6.80962375022396,202605,202607,202605,OK_WITH_FALLBACK
1718,中纖,202605,3777928.0,9.135080779698061,-15.015981484018404,19645522.0,1.4856389884188566,202605,202607,202605,OK_WITH_FALLBACK
1720,生達,202605,580979.0,-5.0150902307513725,-14.221953182096692,2909476.0,0.18549706982120728,202605,202607,202605,OK_WITH_FALLBACK
1721,三晃,202605,118880.0,5.216575504929814,-22.42841855244956,665352.0,-12.48304845084873,202605,202607,202605,OK_WITH_FALLBACK
1722,台肥,202605,962347.0,-1.0157145178776041,-21.276030077746658,5934372.0,9.248762099867433,202605,202607,202605,OK_WITH_FALLBACK
1723,中碳,202605,636660.0,58.440530673495445,-12.944551479707435,2645794.0,1.2679768481696474,202605,202607,202605,OK_WITH_FALLBACK
1725,元禎,202605,773475.0,18.09716191209073,-26.41427580649611,4024369.0,14.59787210352957,202605,202607,202605,OK_WITH_FALLBACK
1726,永記,202605,827132.0,-4.202488484706694,-12.984766874263592,4428768.0,4.8093666475291,202605,202607,202605,OK_WITH_FALLBACK
1727,中華化,202605,227219.0,39.0722356195909,21.80581316808011,933098.0,19.373743860829695,202605,202607,202605,OK_WITH_FALLBACK
1730,花仙子,202605,193465.0,3.719568748760233,-0.39335011764463595,1039243.0,0.6993040873001262,202605,202607,202605,OK_WITH_FALLBACK
1731,美吾華,202605,137146.0,13.146496605093597,3.0073154977392558,722634.0,8.126459810600563,202605,202607,202605,OK_WITH_FALLBACK
1732,毛寶,202605,63254.0,6.298524518535946,-0.9117112601040166,297429.0,7.3413765351676545,202605,202607,202605,OK_WITH_FALLBACK
1733,五鼎,202605,145664.0,-18.08714038284185,-3.5574064633169358,816424.0,-11.627408553184903,202605,202607,202605,OK_WITH_FALLBACK
1734,杏輝,202605,300796.0,10.338907821034368,3.20282988118479,1418493.0,5.126663988770623,202605,202607,202605,OK_WITH_FALLBACK
1735,日勝化,202605,203851.0,10.470384219368125,-23.3677428085951,1069576.0,5.20550747845383,202605,202607,202605,OK_WITH_FALLBACK
1736,喬山,202605,4061045.0,1.6425819883131096,1.5748301310478374,19857288.0,8.139637468171781,202605,202607,202605,OK_WITH_FALLBACK
1737,臺鹽,202605,249347.0,-21.140636069223763,-5.29028582280885,1302122.0,-6.418029299480245,202605,202607,202605,OK_WITH_FALLBACK
1752,南光,202605,186759.0,7.453180288254078,-5.075123002480381,913130.0,-2.0134285803198435,202605,202607,202605,OK_WITH_FALLBACK
1760,寶齡富錦,202605,234475.0,1.7779398295851618,62.1250674152642,898392.0,6.055637207160944,202605,202607,202605,OK_WITH_FALLBACK
1762,中化生,202605,72426.0,-27.213707853876688,-44.704957207533916,564632.0,53.89848617826791,202605,202607,202605,OK_WITH_FALLBACK
1773,勝一,202605,1171778.0,28.38799804971047,-1.1654063993184856,5401690.0,18.31825977627322,202605,202607,202605,OK_WITH_FALLBACK
1776,展宇,202605,81134.0,-2.212848017355671,-17.8739169163495,455245.0,0.9712420098210999,202605,202607,202605,OK_WITH_FALLBACK
1783,和康生,202605,73604.0,-4.436452396099765,20.130569609923292,325742.0,6.072407796961191,202605,202607,202605,OK_WITH_FALLBACK
1786,科妍,202605,73354.0,1.0483104431556762,16.007717611336034,341908.0,0.5363380811799437,202605,202607,202605,OK_WITH_FALLBACK
1789,神隆,202605,175224.0,-33.246982811166646,-31.284166934642624,1089930.0,-7.279376673225583,202605,202607,202605,OK_WITH_FALLBACK
1795,美時,202605,2324237.0,105.7915926237789,-24.678498454997236,14054401.0,66.66869452589481,202605,202607,202605,OK_WITH_FALLBACK
1802,台玻,202605,3919507.0,17.71436620259749,-0.268114046560293,18093367.0,8.633064368933532,202605,202607,202605,OK_WITH_FALLBACK
1805,寶徠,202605,115.0,0.8771929824561403,0.8771929824561403,103923.0,7.248784817180776,202605,202607,202605,OK_WITH_FALLBACK
1806,冠軍,202605,258031.0,-16.89474921655335,-7.980813808352056,1202352.0,-18.80169642615954,202605,202607,202605,OK_WITH_FALLBACK
1808,潤隆,202605,1754456.0,87447.70459081836,-21.897721510872938,9393029.0,13923.213699202772,202605,202607,202605,OK_WITH_FALLBACK
1809,中釉,202605,190866.0,0.9873015873015873,-11.551757694838596,998951.0,-0.726648997329724,202605,202607,202605,OK_WITH_FALLBACK
1810,和成,202605,389922.0,-6.695572896102684,5.242389318189793,1792892.0,-7.416092393254859,202605,202607,202605,OK_WITH_FALLBACK
1817,凱撒衛,202605,238415.0,6.771789658477164,6.792833146696529,1073193.0,0.44748655013234595,202605,202607,202605,OK_WITH_FALLBACK
1903,士紙,202605,12333.0,-7.37514081862561,-8.556387632535033,65008.0,-0.854075158613958,202605,202607,202605,OK_WITH_FALLBACK
1904,正隆,202605,3847992.0,12.886912777076633,-2.8029092503633533,18229154.0,6.662147211594521,202605,202607,202605,OK_WITH_FALLBACK
1905,華紙,202605,1584361.0,3.070260466338704,-0.009592852819762287,7563186.0,-5.9628505822127815,202605,202607,202605,OK_WITH_FALLBACK
1906,寶隆,202605,224804.0,3.2508749529224805,-8.48121414933418,1294513.0,-3.145042303007449,202605,202607,202605,OK_WITH_FALLBACK
1907,永豐餘,202605,6501840.0,7.5336964848747865,-4.260864494719935,31257405.0,2.857632790076435,202605,202607,202605,OK_WITH_FALLBACK
1909,榮成,202605,4390751.0,12.677921753307327,0.9103823159866876,19501103.0,7.174745518343046,202605,202607,202605,OK_WITH_FALLBACK
2002,中鋼,202605,29955286.0,2.185116865329625,-3.030426434155132,140008603.0,-1.904368325230151,202605,202607,202605,OK_WITH_FALLBACK
2006,東和鋼鐵,202605,5419143.0,4.565386856637865,0.5288244281379785,24422211.0,-3.354708661008509,202605,202607,202605,OK_WITH_FALLBACK
2007,燁興,202605,448127.0,-6.906107763035164,12.762450680409051,1896125.0,-26.811112552147506,202605,202607,202605,OK_WITH_FALLBACK
2008,高興昌,202605,156870.0,-16.31323720051854,4.380285719989088,657138.0,-21.563483234582165,202605,202607,202605,OK_WITH_FALLBACK
2009,第一銅,202605,292286.0,12.540187973833056,-0.06530428033657347,1383832.0,21.83174789035572,202605,202607,202605,OK_WITH_FALLBACK
2010,春源,202605,2139816.0,0.7292672869110361,-0.13459653707938582,10711496.0,8.758375179829855,202605,202607,202605,OK_WITH_FALLBACK
2012,春雨,202605,663723.0,-16.47416665827704,-5.231302142752095,3145461.0,-12.093491987147688,202605,202607,202605,OK_WITH_FALLBACK
2013,中鋼構,202605,1683483.0,-6.068163900015567,-9.337399683121992,8164268.0,-9.363294715933641,202605,202607,202605,OK_WITH_FALLBACK
2014,中鴻,202605,1948459.0,4.263690750115049,-3.9907856808494913,8492040.0,-14.079754697438624,202605,202607,202605,OK_WITH_FALLBACK
2015,豐興,202605,2662945.0,-8.29093897140464,9.769253091987132,11493467.0,-11.892780177700589,202605,202607,202605,OK_WITH_FALLBACK
2017,官田鋼,202605,235624.0,-2.1060022518311707,-7.044709465403718,1159236.0,-4.167651800107469,202605,202607,202605,OK_WITH_FALLBACK
2020,美亞,202605,308904.0,-10.154268562254229,-24.428450154982055,1736820.0,-5.483555862721997,202605,202607,202605,OK_WITH_FALLBACK
2022,聚亨,202605,849409.0,24.16009378416778,-24.939998586122794,5448025.0,51.794978529244915,202605,202607,202605,OK_WITH_FALLBACK
2023,燁輝,202605,6070225.0,-2.7781670599974215,1.3350015984294492,28374799.0,-9.131481353087462,202605,202607,202605,OK_WITH_FALLBACK
2024,志聯,202605,86666.0,11.190085189366725,-5.837742696031031,412137.0,-2.5512677128677055,202605,202607,202605,OK_WITH_FALLBACK
2025,千興,202605,237728.0,562.3794928949568,18.392207054886278,817312.0,152.7873314363479,202605,202607,202605,OK_WITH_FALLBACK
2027,大成鋼,202605,11666070.0,42.52832192783732,-5.95552075910997,55288079.0,27.71102045805753,202605,202607,202605,OK_WITH_FALLBACK
2028,威致,202605,1015879.0,25.12689698834432,69.6408562539973,3964984.0,1.8887657995679281,202605,202607,202605,OK_WITH_FALLBACK
2029,盛餘,202605,1122093.0,-8.749780432109608,-9.675074560185465,5476162.0,-12.301328589161335,202605,202607,202605,OK_WITH_FALLBACK
2030,彰源,202605,1192320.0,37.913644350007694,18.25767501554691,4837839.0,8.397015151440465,202605,202607,202605,OK_WITH_FALLBACK
2031,新光鋼,202605,1553140.0,24.809848883603006,-8.734973918653935,7844004.0,-4.2401193652895754,202605,202607,202605,OK_WITH_FALLBACK
2032,新鋼,202605,287424.0,28.673307218802464,-8.307466543314245,1384605.0,9.017577702104207,202605,202607,202605,OK_WITH_FALLBACK
2033,佳大,202605,57573.0,-1.9416483572632977,-9.649728508207527,296813.0,0.42054335690361,202605,202607,202605,OK_WITH_FALLBACK
2034,允強,202605,1149326.0,-9.196877068957617,5.871483235782334,5068460.0,-14.957355017798944,202605,202607,202605,OK_WITH_FALLBACK
2038,海光,202605,697855.0,-18.30576848335573,-4.930474479154604,3369400.0,-20.433692342823246,202605,202607,202605,OK_WITH_FALLBACK
2049,上銀,202605,2480198.0,28.174282436357245,0.2443665546821699,11333638.0,15.368468670312009,202605,202607,202605,OK_WITH_FALLBACK
2059,川湖,202605,3791303.0,172.0525806692346,46.05010532025215,11837185.0,74.15584946766846,202605,202607,202605,OK_WITH_FALLBACK
2062,橋椿,202605,594567.0,13.193936763227635,-4.119571755470374,2844369.0,11.436291705811879,202605,202607,202605,OK_WITH_FALLBACK
2069,運錩,202605,916906.0,10.658455136490742,6.830762490984866,4078048.0,-9.446135740376823,202605,202607,202605,OK_WITH_FALLBACK
2072,世紀風電,202605,1542251.0,81.08636484255565,-5.81443210826524,7127915.0,56.24608174520713,202605,202607,202605,OK_WITH_FALLBACK
2101,南港,202605,2151553.0,158.74753164663522,4.50311607355789,9634143.0,158.86577952131768,202605,202607,202605,OK_WITH_FALLBACK
2102,泰豐,202605,16436.0,-20.429899302865994,24.884127345946357,70721.0,-38.65976251810604,202605,202607,202605,OK_WITH_FALLBACK
2103,台橡,202605,4060755.0,32.962123645536494,3.931940818949157,18298749.0,9.475907192544312,202605,202607,202605,OK_WITH_FALLBACK
2104,國際中橡,202605,963845.0,-30.82460427678914,-31.638174445729785,5887100.0,-18.72853666361668,202605,202607,202605,OK_WITH_FALLBACK
2105,正新,202605,7820448.0,1.2229412407306066,-9.484424110856942,39808418.0,2.9735152768224853,202605,202607,202605,OK_WITH_FALLBACK
2106,建大,202605,3029537.0,-2.2064372847325116,-10.358358023073084,15098911.0,0.6445515308607116,202605,202607,202605,OK_WITH_FALLBACK
2107,厚生,202605,108467.0,6.6046173351548445,1.3501896806264133,542993.0,-9.164621589656344,202605,202607,202605,OK_WITH_FALLBACK
2108,南帝,202605,1084546.0,15.924545887926188,-17.203403028646637,4990122.0,21.82730632495309,202605,202607,202605,OK_WITH_FALLBACK
2109,華豐,202605,434108.0,3.8876378143075603,6.185347621575213,1931215.0,-3.432248838040758,202605,202607,202605,OK_WITH_FALLBACK
2114,鑫永銓,202605,140873.0,7.230502230273874,0.5445721219042181,669345.0,8.356469302683232,202605,202607,202605,OK_WITH_FALLBACK
2115,六暉-KY,202605,311583.0,32.46675396231549,-7.595330877773626,1444540.0,8.621177121682427,202605,202607,202605,OK_WITH_FALLBACK
2201,裕隆,202605,5720734.0,-2.9564296347965806,-1.7732799222528808,28593405.0,-2.644234084032025,202605,202607,202605,OK_WITH_FALLBACK
2204,中華,202605,2779423.0,5.915786328844569,-1.4165621217006266,15014829.0,10.819468932886036,202605,202607,202605,OK_WITH_FALLBACK
2206,三陽工業,202605,5235734.0,-6.23124663975245,-0.23768112849185855,25496755.0,-3.55335373672782,202605,202607,202605,OK_WITH_FALLBACK
2207,和泰車,202605,27815281.0,13.343705783820143,-7.775034763470636,128596503.0,7.306888264031323,202605,202607,202605,OK_WITH_FALLBACK
2208,台船,202605,1410191.0,-81.91309431325946,-27.2140324725967,8099103.0,-35.41987709280713,202605,202607,202605,OK_WITH_FALLBACK
2211,長榮鋼,202605,1404443.0,25.023189649493567,8.43294333463556,6031039.0,-5.768740704469026,202605,202607,202605,OK_WITH_FALLBACK
2227,裕日車,202605,1088227.0,-11.64722445042722,-11.695331296582559,5479762.0,-21.294260077178063,202605,202607,202605,OK_WITH_FALLBACK
2228,劍麟,202605,401997.0,2.0359108169025526,-1.5265941420134288,2033160.0,-4.059298295947874,202605,202607,202605,OK_WITH_FALLBACK
2231,為升,202605,218181.0,-24.07371963293302,-20.27442310854512,1251201.0,-11.986176100664323,202605,202607,202605,OK_WITH_FALLBACK
2233,宇隆,202605,300095.0,0.9591446757545989,0.8444731200139793,1410854.0,-2.745869546036088,202605,202607,202605,OK_WITH_FALLBACK
2236,百達-KY,202605,1067368.0,27.344137746726226,11.80234044068663,4751893.0,17.44091182860754,202605,202607,202605,OK_WITH_FALLBACK
2239,英利-KY,202605,1260516.0,-10.70252594234028,-26.52306056568073,7054633.0,-9.94479475536134,202605,202607,202605,OK_WITH_FALLBACK
2241,艾姆勒,202605,62162.0,40.21609185031466,-34.8904926000021,375070.0,35.02946693115503,202605,202607,202605,OK_WITH_FALLBACK
2243,宏旭-KY,202605,91034.0,16.980210742739654,-0.8754546048476666,741921.0,107.72616424433662,202605,202607,202605,OK_WITH_FALLBACK
2247,汎德永業,202605,3963120.0,-24.403904783468477,9.892827928514981,16523873.0,-29.624821691633137,202605,202607,202605,OK_WITH_FALLBACK
2248,華勝-KY,202605,197831.0,32.13927889175361,-15.038201050475205,1024404.0,36.25600706549281,202605,202607,202605,OK_WITH_FALLBACK
2250,IKKA-KY,202605,230876.0,-15.379822458748414,-17.41539474107804,1312816.0,-9.26917933424791,202605,202607,202605,OK_WITH_FALLBACK
2254,巨鎧精密-創,202605,1326.0,-95.87878787878788,-95.15280011697617,59080.0,-79.54853069970473,202605,202607,202605,OK_WITH_FALLBACK
2258,鴻華先進-創,202605,541356.0,58.025080566064176,10.543081409120239,1850235.0,-27.986777716412142,202605,202607,202605,OK_WITH_FALLBACK
2301,光寶科,202605,17353659.0,29.556788968120447,3.946747599051894,77456773.0,22.519544943515598,202605,202607,202605,OK_WITH_FALLBACK
2302,麗正,202605,86327.0,22.312585896654813,-12.247013977128335,401020.0,17.40011241744344,202605,202607,202605,OK_WITH_FALLBACK
2303,聯電,202605,22943755.0,17.780738526586447,1.2346041256277316,106645602.0,9.05178157772869,202605,202607,202605,OK_WITH_FALLBACK
2305,全友,202605,115955.0,97.83153907836146,-3.098702188646449,482552.0,66.25506463438163,202605,202607,202605,OK_WITH_FALLBACK
2308,台達電,202605,58961817.0,43.65246228958888,0.46031248191821217,277006121.0,37.98813294405533,202605,202607,202605,OK_WITH_FALLBACK
2312,金寶,202605,12356534.0,-8.098543912769681,1.929448666024232,60110764.0,-11.553144562097916,202605,202607,202605,OK_WITH_FALLBACK
2313,華通,202605,6761659.0,13.022231835298145,7.0681698558607975,32625005.0,11.676621658969738,202605,202607,202605,OK_WITH_FALLBACK
2314,台揚,202605,109672.0,4.0412856221303075,-43.8052099772499,688430.0,50.819348902422995,202605,202607,202605,OK_WITH_FALLBACK
2316,楠梓電,202605,382034.0,39.076208435568304,-11.09678650466933,1833714.0,31.52238309250607,202605,202607,202605,OK_WITH_FALLBACK
2317,鴻海,202605,859409333.0,39.572294783301125,3.2822309925251156,3821097773.0,31.79454347045604,202605,202607,202605,OK_WITH_FALLBACK
2321,東訊,202605,64855.0,-2.52645184561741,9.009160433649887,291939.0,0.1581594494267149,202605,202607,202605,OK_WITH_FALLBACK
2323,中環,202605,639920.0,16.915813744441238,6.341751999973411,3317141.0,12.505180716271756,202605,202607,202605,OK_WITH_FALLBACK
2324,仁寶,202605,70461810.0,22.2769309410615,-2.1081780764601072,343744607.0,7.749756797538843,202605,202607,202605,OK_WITH_FALLBACK
2327,國巨*,202605,15058220.0,47.46348011274749,7.2591700691882055,67262966.0,27.34713702048065,202605,202607,202605,OK_WITH_FALLBACK
2328,廣宇,202605,1701749.0,1.0319003923133188,-1.958752076914391,7670767.0,-19.07749764957878,202605,202607,202605,OK_WITH_FALLBACK
2329,華泰,202605,1857900.0,3.696493385225301,3.4389454672596447,8514508.0,12.28650155179285,202605,202607,202605,OK_WITH_FALLBACK
2330,台積電,202605,416975163.0,30.09498020271696,1.5217099529812539,1961803721.0,29.977884289697073,202605,202607,202605,OK_WITH_FALLBACK
2331,精英,202605,1554781.0,-16.785431385142367,-19.245160519604635,8482961.0,19.04162560836683,202605,202607,202605,OK_WITH_FALLBACK
2332,友訊,202605,1188520.0,13.065962438188159,-1.4011829999751122,5834819.0,7.957860528919265,202605,202607,202605,OK_WITH_FALLBACK
2337,旺宏,202605,6255653.0,175.7952036483169,5.803426759874463,22637044.0,110.8517314780429,202605,202607,202605,OK_WITH_FALLBACK
2338,光罩,202605,517714.0,-7.540504629100469,6.279060696697165,2543501.0,-6.122223760092272,202605,202607,202605,OK_WITH_FALLBACK
2340,台亞,202605,407468.0,5.660749200026968,27.77857917876608,1680383.0,-1.2903926924545481,202605,202607,202605,OK_WITH_FALLBACK
2342,茂矽,202605,173992.0,-3.4670247058105534,1.3762162792052672,831826.0,-8.47287171418197,202605,202607,202605,OK_WITH_FALLBACK
2344,華邦電,202605,20001444.0,181.967983155321,3.9304813473323126,77499530.0,128.57705349708792,202605,202607,202605,OK_WITH_FALLBACK
2345,智邦,202605,28622864.0,56.57862562229947,4.614580080825865,126103906.0,60.005270747875855,202605,202607,202605,OK_WITH_FALLBACK
2347,聯強,202605,67818918.0,129.27243852167018,18.28247960170225,251324074.0,65.0605772744456,202605,202607,202605,OK_WITH_FALLBACK
2348,海悅,202605,170123.0,-55.01248162134146,21.861121457837886,1617939.0,-42.61632602249114,202605,202607,202605,OK_WITH_FALLBACK
2349,錸德,202605,745406.0,-2.0186312951602536,-1.3074604021549596,3110802.0,-2.998869651306917,202605,202607,202605,OK_WITH_FALLBACK
2351,順德,202605,1156261.0,36.80243254595039,-1.6248652539351807,5147058.0,19.121036903730364,202605,202607,202605,OK_WITH_FALLBACK
2352,佳世達,202605,17244920.0,-1.7291420347296351,2.5649931713225165,85600067.0,1.3923996506229113,202605,202607,202605,OK_WITH_FALLBACK
2353,宏碁,202605,26165549.0,36.50411149686908,-16.435372252565106,129908249.0,30.976348020472148,202605,202607,202605,OK_WITH_FALLBACK
2354,鴻準,202605,8757709.0,-40.64309025132366,34.17447704610237,40567504.0,-29.590835449976,202605,202607,202605,OK_WITH_FALLBACK
2355,敬鵬,202605,1507327.0,11.822828570580729,8.382389633212032,6931367.0,4.6475484767575015,202605,202607,202605,OK_WITH_FALLBACK
2356,英業達,202605,82807865.0,35.30032995276392,-2.334058001619803,367905209.0,31.236585850687582,202605,202607,202605,OK_WITH_FALLBACK
2357,華碩,202605,69094002.0,9.298767921946755,-15.65210144175524,359379228.0,34.535214276782725,202605,202607,202605,OK_WITH_FALLBACK
2359,所羅門,202605,525755.0,66.80044416243655,47.197740049723386,1766609.0,-3.2537907497382292,202605,202607,202605,OK_WITH_FALLBACK
2360,致茂,202605,4549607.0,133.09060784010344,-6.496659484441755,21274992.0,94.4223296894021,202605,202607,202605,OK_WITH_FALLBACK
2362,藍天,202605,2405768.0,9.592350937068518,27.118139859290004,9239539.0,14.95266674877981,202605,202607,202605,OK_WITH_FALLBACK
2363,矽統,202605,349345.0,88.80451818624007,1.2230386759541498,1744487.0,107.89432287557709,202605,202607,202605,OK_WITH_FALLBACK
2364,倫飛,202605,161285.0,2.743696568945967,-8.174013049270675,675168.0,3.550674292234712,202605,202607,202605,OK_WITH_FALLBACK
2365,昆盈,202605,79164.0,25.627231611521065,-10.104244736662805,409017.0,10.22161978624901,202605,202607,202605,OK_WITH_FALLBACK
2367,燿華,202605,1533479.0,15.913777412264125,27.61869491765215,6633208.0,-8.00970049102946,202605,202607,202605,OK_WITH_FALLBACK
2368,金像電,202605,8773229.0,87.29863200632951,20.35002244929566,35405238.0,66.67303602415384,202605,202607,202605,OK_WITH_FALLBACK
2369,菱生,202605,645160.0,38.72767737149369,12.835383396499648,2906319.0,37.47063815134111,202605,202607,202605,OK_WITH_FALLBACK
2371,大同,202605,3582351.0,-14.304301397310635,-13.446471694671391,19209135.0,1.0243680065348513,202605,202607,202605,OK_WITH_FALLBACK
2373,震旦行,202605,802236.0,-4.061937187426005,-15.266994162324762,4237902.0,-3.881132822653187,202605,202607,202605,OK_WITH_FALLBACK
2374,佳能,202605,1005798.0,27.81565433535855,-6.9910366109086475,4742979.0,61.07505424378442,202605,202607,202605,OK_WITH_FALLBACK
2375,凱美,202605,496776.0,2.039449765532087,-6.111726395445972,2466340.0,6.6769436121819865,202605,202607,202605,OK_WITH_FALLBACK
2376,技嘉,202605,49053470.0,4.97583201425533,-6.149607032867125,206376745.0,44.75769803881579,202605,202607,202605,OK_WITH_FALLBACK
2377,微星,202605,15798485.0,-23.732483702530867,-3.4226268618067164,88413695.0,-7.222097406535233,202605,202607,202605,OK_WITH_FALLBACK
2379,瑞昱,202605,12523520.0,21.86767916860559,-1.5376641910978428,61665183.0,8.701287966740555,202605,202607,202605,OK_WITH_FALLBACK
2380,虹光,202605,302564.0,32.56222534754625,6.04411202899211,1232725.0,12.055212911494811,202605,202607,202605,OK_WITH_FALLBACK
2382,廣達,202605,311481017.0,94.38123673778152,-8.366729812162559,1460623387.0,82.59499806151248,202605,202607,202605,OK_WITH_FALLBACK
2383,台光電,202605,15618565.0,114.62781738634055,12.172623529960132,62609488.0,73.18092844435232,202605,202607,202605,OK_WITH_FALLBACK
2385,群光,202605,7226928.0,-11.040460314504095,-0.6299138976506791,37370708.0,-5.22040049493441,202605,202607,202605,OK_WITH_FALLBACK
2387,精元,202605,1349182.0,-12.561624721566757,0.858112749990095,7052721.0,-8.187695571003868,202605,202607,202605,OK_WITH_FALLBACK
2388,威盛,202605,1110333.0,88.0613471994038,-0.3398200730801647,4359335.0,34.31162647538102,202605,202607,202605,OK_WITH_FALLBACK
2390,云辰,202605,63164.0,20.742454074513027,22.389505706369043,263129.0,-12.650504420107756,202605,202607,202605,OK_WITH_FALLBACK
2392,正崴,202605,6047246.0,15.699453860334035,-2.81448848944149,32553966.0,-1.9301175592629924,202605,202607,202605,OK_WITH_FALLBACK
2393,億光,202605,1772220.0,10.207888960057709,1.0357155684577375,8565622.0,1.697627477000374,202605,202607,202605,OK_WITH_FALLBACK
2395,研華,202605,7733828.0,32.10034657042178,-6.477377699884865,36388565.0,23.98643312094098,202605,202607,202605,OK_WITH_FALLBACK
2397,友通,202605,1187620.0,27.028914742529047,-3.867651070381196,5453633.0,24.37819262264985,202605,202607,202605,OK_WITH_FALLBACK
2399,映泰,202605,191777.0,48.24145074516109,7.66367627409811,804538.0,3.9559542176084928,202605,202607,202605,OK_WITH_FALLBACK
2401,凌陽,202605,724384.0,28.67163672729146,5.793196313221375,3148183.0,16.382812130317514,202605,202607,202605,OK_WITH_FALLBACK
2402,毅嘉,202605,1065547.0,13.58020348666784,-0.49930245197003625,4946433.0,14.856339974727316,202605,202607,202605,OK_WITH_FALLBACK
2404,漢唐,202605,9217814.0,85.01370770897306,13.703735227035835,37613140.0,83.4020606995027,202605,202607,202605,OK_WITH_FALLBACK
2405,輔信,202605,149777.0,8.400521097199103,-10.286313267445342,736811.0,4.4732248820652725,202605,202607,202605,OK_WITH_FALLBACK
2406,國碩,202605,960589.0,121.1993165447746,-8.796673879337929,4737834.0,152.01807699959255,202605,202607,202605,OK_WITH_FALLBACK
2408,南亞科,202605,27669563.0,730.1397699033429,8.54554479406443,102247696.0,649.6230795561926,202605,202607,202605,OK_WITH_FALLBACK
2409,友達,202605,23838344.0,-1.402355265953568,7.863950399769126,114970080.0,-3.72392452195407,202605,202607,202605,OK_WITH_FALLBACK
2412,中華電,202605,19523164.0,5.392529215370197,-4.755124961075211,100009462.0,7.098166476165979,202605,202607,202605,OK_WITH_FALLBACK
2413,環科,202605,325720.0,40.951853422535336,4.593548801438595,1468535.0,11.708795764523318,202605,202607,202605,OK_WITH_FALLBACK
2414,精技,202605,4100503.0,73.47528640006362,38.20330110333373,15240866.0,36.216800493856155,202605,202607,202605,OK_WITH_FALLBACK
2415,錩新,202605,192215.0,5.870915860671087,-11.208067332477203,1025549.0,10.474246349568842,202605,202607,202605,OK_WITH_FALLBACK
2417,圓剛,202605,304749.0,3.1034319430535633,-7.771435834735555,1528491.0,15.07927604658009,202605,202607,202605,OK_WITH_FALLBACK
2419,仲琦,202605,639214.0,-27.06866257444721,41.097187609677924,3167432.0,-4.8840070472929575,202605,202607,202605,OK_WITH_FALLBACK
2420,新巨,202605,179885.0,-9.215931686736043,-11.350890507495638,930242.0,-0.41994722559719105,202605,202607,202605,OK_WITH_FALLBACK
2421,建準,202605,1692060.0,14.926774136144005,-9.58759620003516,8583021.0,18.191016761105875,202605,202607,202605,OK_WITH_FALLBACK
2423,固緯,202605,287483.0,28.06619743406985,6.778515263730672,1377342.0,23.333088578986107,202605,202607,202605,OK_WITH_FALLBACK
2424,隴華,202605,5283.0,-64.06611345395184,-64.99469917837264,57259.0,-32.89934726307525,202605,202607,202605,OK_WITH_FALLBACK
2425,承啟,202605,1777915.0,95.17088148345744,4.895205977306625,6572374.0,80.48460599503228,202605,202607,202605,OK_WITH_FALLBACK
2426,鼎元,202605,233364.0,3.124254288668723,11.394652804628317,988004.0,-7.048219011572826,202605,202607,202605,OK_WITH_FALLBACK
2427,三商電,202605,296105.0,-73.63399509908677,-35.222091934510004,2644006.0,2.4567475791548268,202605,202607,202605,OK_WITH_FALLBACK
2428,興勤,202605,867735.0,29.740991984402402,0.6185057763151944,3784067.0,15.12346956036026,202605,202607,202605,OK_WITH_FALLBACK
2429,銘旺科,202605,41035.0,19.59024276513275,41.81296654686204,179195.0,0.2820511385576218,202605,202607,202605,OK_WITH_FALLBACK
2430,燦坤,202605,1489388.0,-4.253348170519642,2.124724269936732,7244999.0,-1.9075564227948727,202605,202607,202605,OK_WITH_FALLBACK
2431,聯昌,202605,22838.0,-36.051297846722484,1.8553206672018554,107574.0,-44.726132977083545,202605,202607,202605,OK_WITH_FALLBACK
2432,倚天酷碁-創,202605,452941.0,94.03136606450563,11.096639686043659,1811610.0,55.29984809570999,202605,202607,202605,OK_WITH_FALLBACK
2433,互盛電,202605,232373.0,4.953817664461056,1.868388635357348,1138540.0,1.305581532334342,202605,202607,202605,OK_WITH_FALLBACK
2434,統懋,202605,3947.0,-9.285221788094692,-11.680465428507496,19276.0,0.794812800669316,202605,202607,202605,OK_WITH_FALLBACK
2436,偉詮電,202605,397043.0,26.11385863436977,1.679189522799793,1835260.0,30.214955499046408,202605,202607,202605,OK_WITH_FALLBACK
2438,翔耀,202605,41253.0,13.043597402241526,7.710182767624021,251885.0,39.36163149682974,202605,202607,202605,OK_WITH_FALLBACK
2439,美律,202605,3741673.0,6.059256647282186,15.723002590850651,17949200.0,14.471697859309351,202605,202607,202605,OK_WITH_FALLBACK
2440,太空梭,202605,395634.0,44.929904059959775,-2.5750385997227223,1799365.0,17.717040517457384,202605,202607,202605,OK_WITH_FALLBACK
2441,超豐,202605,1744358.0,20.9161399622076,4.785441176912287,8131397.0,19.408964031329408,202605,202607,202605,OK_WITH_FALLBACK
2442,新美齊,202605,141018.0,-20.95182039855377,-20.56353261267554,3508349.0,403.9304966841282,202605,202607,202605,OK_WITH_FALLBACK
2444,兆勁,202605,82183.0,-25.6033530679123,13.631712847740722,357906.0,-26.689403017175163,202605,202607,202605,OK_WITH_FALLBACK
2449,京元電子,202605,3776927.0,36.61229679115855,0.9059267147526407,17711888.0,37.70760941203875,202605,202607,202605,OK_WITH_FALLBACK
2450,神腦,202605,2663788.0,9.367065740421408,-10.490483312572685,14352355.0,15.801214123751741,202605,202607,202605,OK_WITH_FALLBACK
2451,創見,202605,6297950.0,469.8305876051363,-15.455258521964154,27375670.0,430.45430773580125,202605,202607,202605,OK_WITH_FALLBACK
2453,凌群,202605,543720.0,6.788489186025501,-11.380150014179959,2740321.0,6.347544978965833,202605,202607,202605,OK_WITH_FALLBACK
2454,聯發科,202605,47434191.0,4.98813360428783,1.4924621064096488,243321365.0,-1.587812604719341,202605,202607,202605,OK_WITH_FALLBACK
2455,全新,202605,320785.0,46.511957177046604,0.6873930852649917,1598690.0,28.522182615672296,202605,202607,202605,OK_WITH_FALLBACK
2457,飛宏,202605,723556.0,-10.088338981113179,-7.277184520140502,3599258.0,-8.282778656774115,202605,202607,202605,OK_WITH_FALLBACK
2458,義隆,202605,1004277.0,3.588495771475017,-12.002632183082177,5370301.0,4.0402754723589975,202605,202607,202605,OK_WITH_FALLBACK
2459,敦吉,202605,454182.0,28.03127898224912,4.723343716926794,2134295.0,7.845346692046065,202605,202607,202605,OK_WITH_FALLBACK
2460,建通,202605,427604.0,71.83340834565679,-0.3769611063738578,1987461.0,63.183650278464505,202605,202607,202605,OK_WITH_FALLBACK
2461,光群雷,202605,407887.0,9.981718562938836,-8.94200588469043,2222823.0,3.6380650076417593,202605,202607,202605,OK_WITH_FALLBACK
2462,良得電,202605,359261.0,2.494600832484587,1.5346309396293711,1677652.0,-1.674344457338444,202605,202607,202605,OK_WITH_FALLBACK
2464,盟立,202605,701693.0,30.831835504873847,7.245444277511245,3220891.0,15.164054441081456,202605,202607,202605,OK_WITH_FALLBACK
2465,麗臺,202605,704375.0,135.34394044691544,-18.412886680929088,3136904.0,118.95555631559881,202605,202607,202605,OK_WITH_FALLBACK
2466,冠西電,202605,45982.0,-33.2520431418659,-35.07384710965519,276188.0,-25.24974220595917,202605,202607,202605,OK_WITH_FALLBACK
2467,志聖,202605,1022228.0,74.55363851208284,14.70396818628617,4174931.0,76.05855108375845,202605,202607,202605,OK_WITH_FALLBACK
2468,華經,202605,188025.0,-25.38009421494819,6.853635666183616,992501.0,-20.22125817982472,202605,202607,202605,OK_WITH_FALLBACK
2471,資通,202605,79910.0,3.9385031606878074,8.474622286776983,385840.0,10.28821170397345,202605,202607,202605,OK_WITH_FALLBACK
2472,立隆電,202605,1209882.0,29.957195873188073,1.1699226768994833,5348730.0,14.556278157283494,202605,202607,202605,OK_WITH_FALLBACK
2474,可成,202605,917843.0,-48.300904156687444,-4.254018524487729,5650411.0,-25.993307138179436,202605,202607,202605,OK_WITH_FALLBACK
2476,鉅祥,202605,838717.0,48.67494611152079,3.128465929071875,3819639.0,33.42095004694626,202605,202607,202605,OK_WITH_FALLBACK
2477,美隆電,202605,129267.0,-35.7430457518939,-34.63374427330373,833148.0,-5.312147327674286,202605,202607,202605,OK_WITH_FALLBACK
2478,大毅,202605,544046.0,16.474129515131793,0.3493485221856601,2501285.0,11.088732062835039,202605,202607,202605,OK_WITH_FALLBACK
2480,敦陽科,202605,725631.0,16.384752580692762,-5.707346612054806,3916167.0,15.0339697041174,202605,202607,202605,OK_WITH_FALLBACK
2481,強茂,202605,1269313.0,13.662051161278827,-2.1647927892652916,5987867.0,11.271383701910944,202605,202607,202605,OK_WITH_FALLBACK
2482,連宇,202605,30189.0,-38.572823831034064,-27.99112680087778,185996.0,-10.370716615988087,202605,202607,202605,OK_WITH_FALLBACK
2483,百容,202605,181036.0,15.000444664659323,-3.0923972100442687,848374.0,14.122638514476963,202605,202607,202605,OK_WITH_FALLBACK
2484,希華,202605,214838.0,4.722398245186449,-8.074178034128057,1007039.0,-2.8997804482250245,202605,202607,202605,OK_WITH_FALLBACK
2485,兆赫,202605,253133.0,11.301499362441191,-33.610727905037166,1680105.0,82.19907040903304,202605,202607,202605,OK_WITH_FALLBACK
2486,一詮,202605,693513.0,31.37477765212005,3.957194722341309,2980919.0,22.68484202199662,202605,202607,202605,OK_WITH_FALLBACK
2488,漢平,202605,283019.0,26.4714162507094,-6.720609076826736,1186436.0,14.51300152209646,202605,202607,202605,OK_WITH_FALLBACK
2489,瑞軒,202605,2500299.0,8.978302399546006,6.475808182496448,10670031.0,10.32886073632668,202605,202607,202605,OK_WITH_FALLBACK
2491,吉祥全,202605,14975.0,6.025205324270745,-5.059278513916186,66692.0,-9.893940417482943,202605,202607,202605,OK_WITH_FALLBACK
2492,華新科,202605,3699917.0,16.48010018772606,-0.14123584740158968,16967516.0,12.338336067387974,202605,202607,202605,OK_WITH_FALLBACK
2493,揚博,202605,371815.0,24.908455672388886,23.776598577858266,1609521.0,4.926151727950476,202605,202607,202605,OK_WITH_FALLBACK
2495,普安,202605,139733.0,87.19923905471303,1.68686096859877,647282.0,44.102711379154506,202605,202607,202605,OK_WITH_FALLBACK
2496,卓越,202605,70655.0,2.046564025535111,-3.563726694510414,354259.0,5.100469639567208,202605,202607,202605,OK_WITH_FALLBACK
2497,怡利電,202605,454554.0,36.17963390155487,-5.94824767950474,2068694.0,15.337533452274755,202605,202607,202605,OK_WITH_FALLBACK
2498,宏達電,202605,170433.0,-22.019326677586726,12.58769438095364,974434.0,-10.079941531854343,202605,202607,202605,OK_WITH_FALLBACK
2501,國建,202605,950553.0,-1.7378153414846944,-15.337451180355465,13224776.0,85.97286620470553,202605,202607,202605,OK_WITH_FALLBACK
2504,國產,202605,1915184.0,-6.117050740942269,5.960669407916576,8755495.0,-6.9363718865306545,202605,202607,202605,OK_WITH_FALLBACK
2505,國揚,202605,56455.0,-24.510262753225913,5908.127572016461,477125.0,-36.89465490948673,202605,202607,202605,OK_WITH_FALLBACK
2506,太設,202605,164904.0,131.02269543289438,-4.416776796271823,661160.0,40.6738369557123,202605,202607,202605,OK_WITH_FALLBACK
2509,全坤建,202605,20948.0,-0.6544626766574979,2.7265594350725775,105679.0,-6.2506098913284545,202605,202607,202605,OK_WITH_FALLBACK
2511,太子,202605,679867.0,1.9847412980997126,2.519765304445252,3489812.0,10.36433894998961,202605,202607,202605,OK_WITH_FALLBACK
2514,龍邦,202605,1733591.0,-4.447755205077921,1.776459316210815,8952022.0,8.420820476660452,202605,202607,202605,OK_WITH_FALLBACK
2515,中工,202605,2270745.0,57.09899455038421,5.013367469208112,11431800.0,42.50276733448348,202605,202607,202605,OK_WITH_FALLBACK
2516,新建,202605,813810.0,-1.73584194854779,58.485737822084516,2951644.0,-25.709201516701714,202605,202607,202605,OK_WITH_FALLBACK
2520,冠德,202605,2341933.0,52.32956422871683,-10.70363128619428,9827126.0,25.429267772800692,202605,202607,202605,OK_WITH_FALLBACK
2524,京城,202605,275473.0,-0.6455964192842175,102.91325068687895,1067821.0,-56.15747851746379,202605,202607,202605,OK_WITH_FALLBACK
2527,宏璟,202605,23987.0,-10.419389774806737,-17.12903783036794,4641632.0,1906.3853239562036,202605,202607,202605,OK_WITH_FALLBACK
2528,皇普,202605,833803.0,506.23023287940146,4721.900300717095,861379.0,-80.54983396731191,202605,202607,202605,OK_WITH_FALLBACK
2530,華建,202605,20457.0,-99.40237926495308,2352.877697841727,208004.0,-94.23972953834813,202605,202607,202605,OK_WITH_FALLBACK
2534,宏盛,202605,118212.0,-84.75378311556156,258.4354154032747,360365.0,-90.15250884010209,202605,202607,202605,OK_WITH_FALLBACK
2535,達欣工,202605,2059248.0,1.4990376250409718,3.8644628599385666,11200874.0,22.792055930048193,202605,202607,202605,OK_WITH_FALLBACK
2536,宏普,202605,4047444.0,367.43058025712213,9513.19620929625,4975531.0,58.17838010197999,202605,202607,202605,OK_WITH_FALLBACK
2537,聯上發,202605,71212.0,128.48525684217282,145.91477311969058,1312787.0,290.35375415914626,202605,202607,202605,OK_WITH_FALLBACK
2538,基泰,202605,24083.0,21.662035867643343,-8.234263069654016,132879.0,6.228415195702226,202605,202607,202605,OK_WITH_FALLBACK
2539,櫻花建,202605,2952505.0,418.92924119579374,42.973534566123874,7494485.0,17.34399183311113,202605,202607,202605,OK_WITH_FALLBACK
2540,愛山林,202605,537629.0,-71.34053086457266,0.7952949734432972,2794792.0,-42.26614499196417,202605,202607,202605,OK_WITH_FALLBACK
2542,興富發,202605,4717918.0,2114.205326762877,-34.17072013990988,28076724.0,1780.7414522786555,202605,202607,202605,OK_WITH_FALLBACK
2543,皇昌,202605,1548459.0,86.14284031322353,15.572338929615814,5789378.0,42.934476141944494,202605,202607,202605,OK_WITH_FALLBACK
2545,皇翔,202605,256768.0,-86.3776183114418,-75.68328263562427,3279651.0,-15.015837758335294,202605,202607,202605,OK_WITH_FALLBACK
2546,根基,202605,2158437.0,25.43932650743708,12.101207207094912,8355860.0,14.903364596299598,202605,202607,202605,OK_WITH_FALLBACK
2547,日勝生,202605,749510.0,69.90066780612314,112.9259527563529,2705778.0,22.241457982263142,202605,202607,202605,OK_WITH_FALLBACK
2548,華固,202605,316321.0,9203.558823529413,-67.05339640996478,5482841.0,30000.69173757892,202605,202607,202605,OK_WITH_FALLBACK
2597,潤弘,202605,2922939.0,20.334134891493232,7.103887809359162,13004781.0,18.6860751099747,202605,202607,202605,OK_WITH_FALLBACK
2601,益航,202605,136487.0,-61.415575457403264,10.744452107590572,827568.0,-55.52887806026188,202605,202607,202605,OK_WITH_FALLBACK
2603,長榮,202605,34656227.0,31.4120575991778,10.513560383597147,152526951.0,-8.30827385375206,202605,202607,202605,OK_WITH_FALLBACK
2605,新興,202605,441836.0,15.672352947336455,9.571742812575172,2210677.0,27.714739140205747,202605,202607,202605,OK_WITH_FALLBACK
2606,裕民,202605,1607321.0,41.77669734206346,-4.96546447648025,7190388.0,24.28540611997406,202605,202607,202605,OK_WITH_FALLBACK
2607,榮運,202605,1768969.0,33.32034523716214,23.13220691028106,7197512.0,-2.142022246184565,202605,202607,202605,OK_WITH_FALLBACK
2608,嘉里大榮,202605,1008535.0,-5.806278678587806,-3.777588445697047,5159424.0,-0.6716195221309471,202605,202607,202605,OK_WITH_FALLBACK
2609,陽明,202605,15104168.0,22.222891160690242,6.160763027620117,67992304.0,-3.3759119095576886,202605,202607,202605,OK_WITH_FALLBACK
2610,華航,202605,21229729.0,27.7315927280026,1.7994078200589303,99041820.0,13.619790129611252,202605,202607,202605,OK_WITH_FALLBACK
2611,志信,202605,56592.0,-2.1035150844173818,-55.671831184497044,537684.0,89.33935255775955,202605,202607,202605,OK_WITH_FALLBACK
2612,中航,202605,458530.0,12.013347892894396,5.423978994755586,2131702.0,4.642516326907293,202605,202607,202605,OK_WITH_FALLBACK
2613,中櫃,202605,312421.0,4.340667414769691,6.731780975416445,1433827.0,6.444373505961307,202605,202607,202605,OK_WITH_FALLBACK
2614,東森,202605,443290.0,-4.718199814719683,9.120493108736483,2088274.0,-5.933179879188645,202605,202607,202605,OK_WITH_FALLBACK
2615,萬海,202605,13803844.0,22.897230792461055,6.751910365740014,60375479.0,1.0294395694210485,202605,202607,202605,OK_WITH_FALLBACK
2616,山隆,202605,831697.0,24.271878025747995,7.344828921385149,3589477.0,7.470947927080367,202605,202607,202605,OK_WITH_FALLBACK
2617,台航,202605,450397.0,33.30718869130774,15.927230983457608,1922499.0,11.861125722079215,202605,202607,202605,OK_WITH_FALLBACK
2618,長榮航,202605,22328735.0,22.107213035073716,1.6384287310836207,104813372.0,14.289609232288257,202605,202607,202605,OK_WITH_FALLBACK
2630,亞航,202605,361091.0,-29.253607940407758,16.42538401021448,1767378.0,-18.604946766033056,202605,202607,202605,OK_WITH_FALLBACK
2633,台灣高鐵,202605,4711037.0,3.5031737281963413,-1.8212627507878099,23400025.0,4.271903938764474,202605,202607,202605,OK_WITH_FALLBACK
2634,漢翔,202605,3452471.0,18.864271182892765,19.07655143132769,13938932.0,7.006959516641548,202605,202607,202605,OK_WITH_FALLBACK
2636,台驊控股,202605,2099285.0,10.700530067012451,11.129197813291238,8835379.0,-3.7262289715939723,202605,202607,202605,OK_WITH_FALLBACK
2637,慧洋-KY,202605,1817170.0,45.86522415148015,10.409345212923672,7802032.0,27.42045196022055,202605,202607,202605,OK_WITH_FALLBACK
2642,宅配通,202605,253199.0,-23.115533638605143,-1.31194823923762,1326500.0,-17.81227617553538,202605,202607,202605,OK_WITH_FALLBACK
2645,長榮航太,202605,1688186.0,10.640213810938805,-1.2066327053116066,8136299.0,12.307983664040307,202605,202607,202605,OK_WITH_FALLBACK
2646,星宇航空,202605,4826107.0,41.18648431214803,3.1162157657907894,23266164.0,27.76705066620333,202605,202607,202605,OK_WITH_FALLBACK
2701,萬企,202605,22159.0,-6.359871534820825,7.401124466847615,108438.0,-1.0349359325375096,202605,202607,202605,OK_WITH_FALLBACK
2702,華園,202605,121604.0,6.829482561714838,3.5985687510649176,602179.0,2.6063116498518446,202605,202607,202605,OK_WITH_FALLBACK
2704,國賓,202605,107980.0,-2.082936605094444,6.428275739714956,587970.0,1.2665858329773896,202605,202607,202605,OK_WITH_FALLBACK
2705,六福,202605,170888.0,-6.33810536469866,-0.7376944434763415,854290.0,-4.331505349009876,202605,202607,202605,OK_WITH_FALLBACK
2706,第一店,202605,29875.0,0.7079049384796898,-0.47306526301762336,149761.0,1.6838560303094086,202605,202607,202605,OK_WITH_FALLBACK
2707,晶華,202605,590127.0,2.230040848569261,15.002445712014,3049649.0,3.634207302464909,202605,202607,202605,OK_WITH_FALLBACK
2712,遠雄來,202605,43223.0,4.547323609800934,9.433627870471176,207889.0,6.871716309723322,202605,202607,202605,OK_WITH_FALLBACK
2722,夏都,202605,48493.0,-5.664818597412703,-0.8688008504027147,229599.0,-2.110850564911533,202605,202607,202605,OK_WITH_FALLBACK
2723,美食-KY,202605,1501181.0,-4.99690217126468,9.683818436350139,6896662.0,-14.188186305744173,202605,202607,202605,OK_WITH_FALLBACK
2727,王品,202605,2358781.0,15.023548125658923,22.41528739903304,10764138.0,11.259977248019124,202605,202607,202605,OK_WITH_FALLBACK
2731,雄獅,202605,2845558.0,9.761792257235818,4.318679646815788,13702980.0,12.112201708332927,202605,202607,202605,OK_WITH_FALLBACK
2739,寒舍,202605,420057.0,-3.0196058512799673,7.400693407514983,2234441.0,1.4835750775737404,202605,202607,202605,OK_WITH_FALLBACK
2748,雲品,202605,191251.0,7.848510993441717,10.264807116871436,1141627.0,5.454674775720134,202605,202607,202605,OK_WITH_FALLBACK
2753,八方雲集,202605,800344.0,13.344389102655793,5.157464744688874,3824263.0,6.562713863123143,202605,202607,202605,OK_WITH_FALLBACK
2762,世界健身-KY,202605,995839.0,7.262269566950125,2.5842851727320677,4777898.0,9.15051761934395,202605,202607,202605,OK_WITH_FALLBACK
2801,彰銀,202605,4429838.0,24.592717387788625,6.02725981553933,21013433.0,15.860216120916911,202605,202607,202605,OK_WITH_FALLBACK
2812,台中銀,202605,1962546.0,28.33019680976974,-18.324341938520583,9838090.0,23.88109186118242,202605,202607,202605,OK_WITH_FALLBACK
2816,旺旺保,202605,1450517.0,22.172359975102566,-24.482839765969832,7190540.0,27.880109751664452,202605,202607,202605,OK_WITH_FALLBACK
2820,華票,202605,417554.0,89.3969564329939,11.36287868483447,1886484.0,77.33329447916775,202605,202607,202605,OK_WITH_FALLBACK
2832,台產,202605,944599.0,30.977283473355953,6.580200388139189,4357686.0,8.203230141364621,202605,202607,202605,OK_WITH_FALLBACK
2834,臺企銀,202605,3238262.0,22.522626826954763,4.45100086476367,15183973.0,7.167328982264284,202605,202607,202605,OK_WITH_FALLBACK
2836,高雄銀,202605,442470.0,14.383579350102112,4.389615537059057,2112369.0,8.963408720914638,202605,202607,202605,OK_WITH_FALLBACK
2838,聯邦銀,202605,2349239.0,61.12684035593818,-2.080157722855434,10002472.0,32.1840567542641,202605,202607,202605,OK_WITH_FALLBACK
2845,遠東銀,202605,1222102.0,21.675436456772484,1.2775485917628944,5955011.0,16.586064829171875,202605,202607,202605,OK_WITH_FALLBACK
2849,安泰銀,202605,532466.0,15.60394706846579,-8.92365690163298,2710088.0,18.773334805899555,202605,202607,202605,OK_WITH_FALLBACK
2850,新產,202605,2558059.0,2.0901253827792536,-8.349169429026345,12272699.0,16.95348752551303,202605,202607,202605,OK_WITH_FALLBACK
2851,中再保,202605,3084054.0,1113.1485058158516,-16.226692468248736,11673199.0,203.72585364685972,202605,202607,202605,OK_WITH_FALLBACK
2852,第一保,202605,799100.0,-6.859808334712584,0.4597438157102395,3949757.0,-2.256625057597899,202605,202607,202605,OK_WITH_FALLBACK
2855,統一證,202605,4391495.0,428.43428527421696,-1.1750316739841258,14322214.0,383.3438851601268,202605,202607,202605,OK_WITH_FALLBACK
2867,三商壽,202605,13499873.0,154.9374858432906,-30.08425961771267,45017186.0,414.2343371404926,202605,202607,202605,OK_WITH_FALLBACK
2880,華南金,202605,7272247.0,72.52927583818101,0.5460021048684623,33230891.0,37.88073490992248,202605,202607,202605,OK_WITH_FALLBACK
2881,富邦金,202605,30407516.0,155.02666088498714,-43.01030763678531,150255906.0,258.38503202324597,202605,202607,202605,OK_WITH_FALLBACK
2882,國泰金,202605,25059074.0,130.63810203221996,-17.88008082524065,127597978.0,223.54067970525594,202605,202607,202605,OK_WITH_FALLBACK
2883,凱基金,202605,11583656.0,126.09044237541613,-13.983540249755139,48617013.0,179.36123729648395,202605,202607,202605,OK_WITH_FALLBACK
2884,玉山金,202605,9259083.0,24.75649862484781,-7.839375793794567,44471651.0,24.74742809497833,202605,202607,202605,OK_WITH_FALLBACK
2885,元大金,202605,21261028.0,928.42236221935,23.22542665610356,82023414.0,167.93120445448935,202605,202607,202605,OK_WITH_FALLBACK
2886,兆豐金,202605,8373125.0,25.550935912549598,-7.530972465226345,38196626.0,24.057819428222217,202605,202607,202605,OK_WITH_FALLBACK
2887,台新新光金,202605,14843474.0,317.18131813619806,-13.806905412501473,80059768.0,335.3574814056247,202605,202607,202605,OK_WITH_FALLBACK
2889,國票金,202605,1588661.0,147.9431466313739,5.741335713520274,5796295.0,140.38359054920875,202605,202607,202605,OK_WITH_FALLBACK
2890,永豐金,202605,9977463.0,82.69197880820118,4.891212874917172,45650654.0,56.17182732754353,202605,202607,202605,OK_WITH_FALLBACK
2891,中信金,202605,19217919.0,341.3211844301598,-2.4073216044226764,98769365.0,175.7452659074452,202605,202607,202605,OK_WITH_FALLBACK
2892,第一金,202605,7305350.0,36.70270168109134,-0.22623862746289733,33926748.0,25.384831216505404,202605,202607,202605,OK_WITH_FALLBACK
2897,王道銀行,202605,1047328.0,39.8639724686473,-0.08614513404011138,5265774.0,34.688374610381935,202605,202607,202605,OK_WITH_FALLBACK
2901,欣欣,202605,10952.0,-2.2230158021605213,4.513789483729363,55357.0,4.262251855200211,202605,202607,202605,OK_WITH_FALLBACK
2903,遠百,202605,2661338.0,0.8924875160929806,5.071369181242266,13639331.0,0.07500123449009029,202605,202607,202605,OK_WITH_FALLBACK
2904,匯僑,202605,37015.0,-15.934228157434534,2.4721776202868058,173749.0,-17.199294700724362,202605,202607,202605,OK_WITH_FALLBACK
2905,三商,202605,19961873.0,-19.954921526492857,-24.800663229068462,76053275.0,22.389492639429868,202605,202607,202605,OK_WITH_FALLBACK
2906,高林,202605,635846.0,-2.8658460203542284,-2.8600586341810694,3570488.0,-0.30532556472664635,202605,202607,202605,OK_WITH_FALLBACK
2908,特力,202605,2730069.0,-4.073606361761965,-4.7701285745181075,14995432.0,6.457930415222953,202605,202607,202605,OK_WITH_FALLBACK
2910,統領,202605,46811.0,0.7099675136077107,8.87038630602135,224755.0,4.628211514200723,202605,202607,202605,OK_WITH_FALLBACK
2911,麗嬰房,202605,147737.0,-23.85671949491045,21.280805161968246,712262.0,-32.795010544094126,202605,202607,202605,OK_WITH_FALLBACK
2912,統一超,202605,31643252.0,5.273595221841799,5.782070879072664,150084491.0,4.792599322334471,202605,202607,202605,OK_WITH_FALLBACK
2913,農林,202605,34203.0,-19.273525454931672,-8.305407361732929,193444.0,-11.013179382202084,202605,202607,202605,OK_WITH_FALLBACK
2915,潤泰全,202605,173007.0,-21.82559227143948,10.200454797347652,748614.0,-30.034897783327196,202605,202607,202605,OK_WITH_FALLBACK
2923,鼎固-KY,202605,737837.0,133.58068386512642,27.09866792530184,3387465.0,149.57727987056475,202605,202607,202605,OK_WITH_FALLBACK
2929,淘帝-KY,202605,138235.0,-0.4479428476778268,-6.290250416909582,706219.0,-6.754012559217927,202605,202607,202605,OK_WITH_FALLBACK
2939,永邑-KY,202605,29017.0,5.516363636363637,32.558245774326174,127144.0,-9.218521295205456,202605,202607,202605,OK_WITH_FALLBACK
2945,三商家購,202605,1730905.0,40.91932312677329,4.535368835034014,7223817.0,22.500238257467974,202605,202607,202605,OK_WITH_FALLBACK
3002,歐格,202605,79350.0,49.16815490177648,7.696901423743536,343927.0,27.75416960736971,202605,202607,202605,OK_WITH_FALLBACK
3003,健和興,202605,533532.0,52.800068734427356,10.98024940456999,2277436.0,30.333657817463656,202605,202607,202605,OK_WITH_FALLBACK
3004,豐達科,202605,469131.0,56.16201695665634,11.860054221478286,2092608.0,32.12627399775476,202605,202607,202605,OK_WITH_FALLBACK
3005,神基,202605,3696019.0,15.066505358534927,3.7360503656143704,16567195.0,3.201989837025376,202605,202607,202605,OK_WITH_FALLBACK
3006,晶豪科,202605,4466516.0,296.8056658653291,-3.618880662410937,16367640.0,223.45963977566015,202605,202607,202605,OK_WITH_FALLBACK
3008,大立光,202605,4592691.0,42.67433115160191,-14.351755067955349,25495089.0,15.331144665418257,202605,202607,202605,OK_WITH_FALLBACK
3010,華立,202605,8026366.0,28.130640679862807,-0.07968611563113931,37901643.0,18.46171411482962,202605,202607,202605,OK_WITH_FALLBACK
3011,今皓,202605,41109.0,-40.30321072273935,14.045941297231316,224274.0,-38.24732020672888,202605,202607,202605,OK_WITH_FALLBACK
3013,晟銘電,202605,1005975.0,1.7102096940529392,-23.866194917980057,5250411.0,21.2310989535458,202605,202607,202605,OK_WITH_FALLBACK
3014,聯陽,202605,593458.0,-8.244083373146005,-5.670202231331789,2956642.0,-2.2869344423583393,202605,202607,202605,OK_WITH_FALLBACK
3015,全漢,202605,1114721.0,-9.793971272506575,3.6711564877651366,5235087.0,-4.810957885867417,202605,202607,202605,OK_WITH_FALLBACK
3016,嘉晶,202605,433764.0,37.28272841209758,1.6650260160315005,1919407.0,25.112000057360717,202605,202607,202605,OK_WITH_FALLBACK
3017,奇鋐,202605,15871396.0,60.64003400775296,1.535027238997485,80540791.0,90.30830564253387,202605,202607,202605,OK_WITH_FALLBACK
3018,隆銘綠能,202605,9740.0,-38.482915429798524,-64.22800058763038,118132.0,-52.31729271108313,202605,202607,202605,OK_WITH_FALLBACK
3019,亞光,202605,2624000.0,16.24280570440305,5.380595030887277,11323353.0,16.244733578620586,202605,202607,202605,OK_WITH_FALLBACK
3021,鴻名,202605,250550.0,-9.852374493133237,-3.7157163773590707,1215118.0,1.1882426516572857,202605,202607,202605,OK_WITH_FALLBACK
3022,威強電,202605,888586.0,92.4008479108611,39.28728180176565,3118892.0,7.500180953989433,202605,202607,202605,OK_WITH_FALLBACK
3023,信邦,202605,3010681.0,17.525901573046514,1.7194812601443077,14294116.0,7.010012249829443,202605,202607,202605,OK_WITH_FALLBACK
3024,憶聲,202605,56668.0,-57.56509236863585,-18.31050886550382,383659.0,-61.5983096245701,202605,202607,202605,OK_WITH_FALLBACK
3025,星通,202605,57718.0,134.58787189074948,49.52462371441155,220106.0,63.49927946398063,202605,202607,202605,OK_WITH_FALLBACK
3026,禾伸堂,202605,1291187.0,21.343722335100754,-9.546854038452782,6337203.0,12.26998853773777,202605,202607,202605,OK_WITH_FALLBACK
3027,盛達,202605,148745.0,-8.365932542738333,64.74138885812383,591318.0,-52.57238646754038,202605,202607,202605,OK_WITH_FALLBACK
3028,增你強,202605,6525822.0,102.54268456763282,-6.715695390849169,31243022.0,99.53000030399198,202605,202607,202605,OK_WITH_FALLBACK
3029,零壹,202605,2340238.0,27.407179154385464,-1.0618702055294025,11582374.0,8.539207093373221,202605,202607,202605,OK_WITH_FALLBACK
3030,德律,202605,1070802.0,14.745300841513975,-3.719402104717992,4624385.0,29.968550454177535,202605,202607,202605,OK_WITH_FALLBACK
3031,佰鴻,202605,119006.0,32.23035811509017,-3.6021805869440193,527752.0,18.89546475503459,202605,202607,202605,OK_WITH_FALLBACK
3032,偉訓,202605,902535.0,12.720498973377762,-4.441573979470293,4542357.0,9.729953149813822,202605,202607,202605,OK_WITH_FALLBACK
3033,威健,202605,11695609.0,27.80869711746565,2.542419840026373,53958724.0,20.27372861633104,202605,202607,202605,OK_WITH_FALLBACK
3034,聯詠,202605,9412486.0,9.354217221888721,2.0321915972828664,41782805.0,-6.832557056991234,202605,202607,202605,OK_WITH_FALLBACK
3035,智原,202605,929698.0,-45.06817894447011,-3.8582927959230946,4485208.0,-58.58549763703594,202605,202607,202605,OK_WITH_FALLBACK
3036,文曄,202605,197924567.0,152.69225498874076,-6.205658559957126,903217218.0,103.50094623545083,202605,202607,202605,OK_WITH_FALLBACK
3037,欣興,202605,14059973.0,32.37498119348985,0.9126511763774944,65439243.0,26.754301570489243,202605,202607,202605,OK_WITH_FALLBACK
3038,全台,202605,237431.0,-7.168299024495142,-3.8456709877818143,1216721.0,-6.800382995021065,202605,202607,202605,OK_WITH_FALLBACK
3040,遠見,202605,10376.0,-14.403563768355056,-0.07704160246533127,55949.0,1.9924894268630597,202605,202607,202605,OK_WITH_FALLBACK
3041,揚智,202605,173813.0,97.9444020544591,45.28122100652797,645725.0,26.69919866889564,202605,202607,202605,OK_WITH_FALLBACK
3042,晶技,202605,1217159.0,10.495521748524347,-5.551994710981852,5845075.0,5.531532670121147,202605,202607,202605,OK_WITH_FALLBACK
3043,科風,202605,69452.0,3.741765874497737,-27.781301666857303,353486.0,-12.806054237522261,202605,202607,202605,OK_WITH_FALLBACK
3044,健鼎,202605,8654212.0,46.5691978844015,5.524590321849432,37819576.0,28.660511690156433,202605,202607,202605,OK_WITH_FALLBACK
3045,台灣大,202605,16440683.0,3.9034933380656756,4.922867027150663,81888290.0,3.1550548588122465,202605,202607,202605,OK_WITH_FALLBACK
3046,建碁,202605,803612.0,3.5342317503671827,15.091910316727176,3319858.0,13.129437197868441,202605,202607,202605,OK_WITH_FALLBACK
3047,訊舟,202605,276427.0,-8.162872055203207,9.427501464696848,1289764.0,-32.96110408835368,202605,202607,202605,OK_WITH_FALLBACK
3048,益登,202605,13850848.0,61.74280101762106,5.906223448603225,60431492.0,26.294131791809715,202605,202607,202605,OK_WITH_FALLBACK
3049,精金,202605,33072.0,-72.73783910774786,0.6666057894256232,316813.0,-44.9589467576104,202605,202607,202605,OK_WITH_FALLBACK
3050,鈺德,202605,99800.0,-4.722808290452233,-3.236440497197929,481982.0,-4.781829640034217,202605,202607,202605,OK_WITH_FALLBACK
3051,力特,202605,200178.0,36.60483970028252,14.06088854194563,752059.0,-4.811695092238079,202605,202607,202605,OK_WITH_FALLBACK
3052,夆典,202605,304465.0,-40.70118922877365,-37.37388489045855,1661752.0,1.0905662099067723,202605,202607,202605,OK_WITH_FALLBACK
3054,立萬利,202605,58176.0,786.0188851660067,-32.361353331008026,280067.0,876.2513943112102,202605,202607,202605,OK_WITH_FALLBACK
3055,蔚華科,202605,22650.0,-75.03967204443269,-82.04390325112374,232861.0,25.091188431021795,202605,202607,202605,OK_WITH_FALLBACK
3056,富華新,202605,80008.0,2.3774792066538706,0.6668512041067969,444011.0,-87.36682861763525,202605,202607,202605,OK_WITH_FALLBACK
3057,喬鼎,202605,40612.0,-24.870504661832175,-25.680300118949585,262986.0,14.266224060620807,202605,202607,202605,OK_WITH_FALLBACK
3058,立德,202605,267301.0,1.024985921561365,-13.187748248659497,1351900.0,-1.61588933588724,202605,202607,202605,OK_WITH_FALLBACK
3059,華晶科,202605,794302.0,1.7508845374400808,3.1210159659959857,3584855.0,8.508927149880348,202605,202607,202605,OK_WITH_FALLBACK
3060,銘異,202605,380842.0,27.795469264351077,6.6939722312493695,1819043.0,12.015003128217508,202605,202607,202605,OK_WITH_FALLBACK
3062,建漢,202605,244235.0,-33.043926430151686,-19.99796911748328,1661505.0,9.109194892798815,202605,202607,202605,OK_WITH_FALLBACK
3090,日電貿,202605,1629431.0,19.99550780243168,-11.602794110147745,7965128.0,20.82921031453773,202605,202607,202605,OK_WITH_FALLBACK
3092,鴻碩,202605,155913.0,16.208158489047232,18.53437134125017,704907.0,-5.62192645036732,202605,202607,202605,OK_WITH_FALLBACK
3094,聯傑,202605,19740.0,16.494541162584834,1.0700936971993242,86476.0,2.2440823854903167,202605,202607,202605,OK_WITH_FALLBACK
3130,一零四,202605,257163.0,10.464257179921134,4.951638574868383,1145896.0,6.715987710715686,202605,202607,202605,OK_WITH_FALLBACK
3135,凌航,202605,1841758.0,234.46859359450252,-52.19870717108415,9652396.0,283.2136137681272,202605,202607,202605,OK_WITH_FALLBACK
3138,耀登,202605,139198.0,6.88874043017193,-18.017068243525788,703765.0,17.52000093513034,202605,202607,202605,OK_WITH_FALLBACK
3149,正達,202605,182215.0,-6.739105956536426,7.0756989904450736,942471.0,7.518911932171447,202605,202607,202605,OK_WITH_FALLBACK
3150,鈺寶-創,202605,28811.0,-4.838816224071872,-8.391096979332273,141349.0,-4.558406482106685,202605,202607,202605,OK_WITH_FALLBACK
3164,景岳,202605,27810.0,-3.256105197244834,-26.399364827312425,154765.0,-7.957417704957031,202605,202607,202605,OK_WITH_FALLBACK
3167,大量,202605,955547.0,120.27058178079602,10.765583794592402,3764428.0,124.08296555919725,202605,202607,202605,OK_WITH_FALLBACK
3168,眾福科,202605,300005.0,9.827573583247913,-3.9796568290130234,1482104.0,7.44049323469606,202605,202607,202605,OK_WITH_FALLBACK
3189,景碩,202605,4199867.0,33.02062993597388,3.1320729048976763,19377151.0,29.268133388570565,202605,202607,202605,OK_WITH_FALLBACK
3209,全科,202605,4710620.0,32.0901111738293,-32.176560770441974,28723449.0,32.31137678100845,202605,202607,202605,OK_WITH_FALLBACK
3229,晟鈦,202605,127130.0,59.79938659560561,-14.415930633347696,618596.0,50.938184728451034,202605,202607,202605,OK_WITH_FALLBACK
3231,緯創,202605,290183471.0,39.239764585408004,2.3801729523300077,1419923673.0,106.20615681672773,202605,202607,202605,OK_WITH_FALLBACK
3257,虹冠電,202605,60201.0,-43.10085725357504,19.595923475773287,241058.0,-40.63488154459932,202605,202607,202605,OK_WITH_FALLBACK
3266,昇陽,202605,168336.0,18.8788373127688,3.076320172430685,840408.0,73.61326587738525,202605,202607,202605,OK_WITH_FALLBACK
3296,勝德,202605,176230.0,24.954798454284397,20.435736398614065,655859.0,0.05736228094397566,202605,202607,202605,OK_WITH_FALLBACK
3305,昇貿,202605,1348799.0,71.36506452239956,-7.935705110090904,6539123.0,62.24907879043217,202605,202607,202605,OK_WITH_FALLBACK
3308,聯德,202605,517.0,-6.846846846846847,0.5836575875486382,2600.0,-5.2823315118397085,202605,202607,202605,OK_WITH_FALLBACK
3311,閎暉,202605,213025.0,13.747403606384058,6.925231393177666,939611.0,-4.572561987499924,202605,202607,202605,OK_WITH_FALLBACK
3312,弘憶股,202605,1982063.0,18.30146696318685,-18.495370379889145,10074561.0,7.226120846496379,202605,202607,202605,OK_WITH_FALLBACK
3321,同泰,202605,236870.0,36.449782539819694,16.18051706632791,881655.0,8.321671706045903,202605,202607,202605,OK_WITH_FALLBACK
3338,泰碩,202605,325460.0,2.9122529644268775,0.254131563140142,1509552.0,-5.722588514352843,202605,202607,202605,OK_WITH_FALLBACK
3346,麗清,202605,732327.0,-2.518349515338518,6.634758475279646,3113306.0,-13.73893200286936,202605,202607,202605,OK_WITH_FALLBACK
3356,奇偶,202605,77320.0,-4.0623371466858575,-27.945054842647732,465890.0,8.399450894622955,202605,202607,202605,OK_WITH_FALLBACK
3376,新日興,202605,802260.0,-16.739055304919624,-11.566388040419362,4062150.0,-14.97007316657589,202605,202607,202605,OK_WITH_FALLBACK
3380,明泰,202605,1800533.0,-7.9737577962763915,64.62091255274309,8208826.0,1.7890148861374782,202605,202607,202605,OK_WITH_FALLBACK
3406,玉晶光,202605,1628911.0,30.240049764171875,-29.61964881353589,10083599.0,19.666494114106374,202605,202607,202605,OK_WITH_FALLBACK
3413,京鼎,202605,1972949.0,16.747587321819225,5.536390669122293,9403962.0,13.049029023447911,202605,202607,202605,OK_WITH_FALLBACK
3416,融程電,202605,370977.0,52.42017987518027,-5.046660557879056,1708347.0,32.00359768097935,202605,202607,202605,OK_WITH_FALLBACK
3419,譁裕,202605,179682.0,12.10226847345961,25.34758313742178,758752.0,5.799690166336894,202605,202607,202605,OK_WITH_FALLBACK
3432,台端,202605,29520.0,217.9663937957777,74.2826780021254,114042.0,219.79473374274417,202605,202607,202605,OK_WITH_FALLBACK
3437,榮創,202605,129967.0,8.096846097544747,12.228209246498455,594254.0,-17.927179766233873,202605,202607,202605,OK_WITH_FALLBACK
3443,創意,202605,4674012.0,132.1328905238472,8.849000461803623,20415857.0,90.64292104800927,202605,202607,202605,OK_WITH_FALLBACK
3447,展達,202605,290500.0,34.19997413012547,-4.932700205842794,1419632.0,13.176344158028755,202605,202607,202605,OK_WITH_FALLBACK
3450,聯鈞,202605,960221.0,49.91272715918316,9.391365767243688,3924887.0,-1.9224747933503272,202605,202607,202605,OK_WITH_FALLBACK
3481,群創,202605,20647675.0,10.2755602535801,-2.776983190295815,108529648.0,15.88490956399029,202605,202607,202605,OK_WITH_FALLBACK
3494,誠研,202605,84226.0,-1.2521396581236663,3.6946752847029853,413631.0,8.516147650654563,202605,202607,202605,OK_WITH_FALLBACK
3501,維熹,202605,442283.0,-7.11443026384044,2.9810468473502842,2131723.0,-13.54309293135111,202605,202607,202605,OK_WITH_FALLBACK
3504,揚明光,202605,248949.0,16.06500972068758,2.2188917859122546,1177451.0,6.7735807137578155,202605,202607,202605,OK_WITH_FALLBACK
3515,華擎,202605,3665115.0,-16.489111911787926,33.67097111375244,19775521.0,-1.0417984927824466,202605,202607,202605,OK_WITH_FALLBACK
3518,柏騰,202605,18495.0,-32.28003368606056,2.5449101796407185,98474.0,-24.587226221473426,202605,202607,202605,OK_WITH_FALLBACK
3528,安馳,202605,1000344.0,66.83049346499516,-9.795540743065212,5611000.0,91.43865586931267,202605,202607,202605,OK_WITH_FALLBACK
3530,晶相光,202605,199683.0,26.6140384249572,-13.50696941082706,972492.0,45.09954880756285,202605,202607,202605,OK_WITH_FALLBACK
3532,台勝科,202605,1217609.0,24.429031727329118,4.207375937996385,5694824.0,14.179370809116667,202605,202607,202605,OK_WITH_FALLBACK
3533,嘉澤,202605,3041077.0,8.979020367559261,-10.342409030510817,15817038.0,17.23171645068249,202605,202607,202605,OK_WITH_FALLBACK
3535,晶彩科,202605,110652.0,2229.0254683224584,458.5099939430648,455763.0,499.8539070006186,202605,202607,202605,OK_WITH_FALLBACK
3543,州巧,202605,269070.0,2.767900451831963,-6.864289150954825,1394697.0,-5.050116517584522,202605,202607,202605,OK_WITH_FALLBACK
3545,敦泰,202605,901113.0,-14.777086328213665,-5.495864258319464,4328481.0,-16.16470178538883,202605,202607,202605,OK_WITH_FALLBACK
3550,聯穎,202605,391681.0,36.57033870529083,-12.59734811462643,1847624.0,25.397563344425492,202605,202607,202605,OK_WITH_FALLBACK
3557,嘉威,202605,334491.0,78.61048517146,27.31213817830269,2028434.0,-17.816909483025814,202605,202607,202605,OK_WITH_FALLBACK
3563,牧德,202605,349020.0,5.144557951214516,1.680101849073424,1555936.0,6.966882900819196,202605,202607,202605,OK_WITH_FALLBACK
3576,聯合再生,202605,324464.0,27.62616528340479,43.94967191804828,1069894.0,-26.397553129720997,202605,202607,202605,OK_WITH_FALLBACK
3583,辛耘,202605,971001.0,1.4858092465914494,-1.824286887135456,5080367.0,8.952153300904538,202605,202607,202605,OK_WITH_FALLBACK
3588,通嘉,202605,143352.0,21.71373261559884,0.10265004713522573,683612.0,16.468920585809986,202605,202607,202605,OK_WITH_FALLBACK
3591,艾笛森,202605,215701.0,5.153830028908638,-7.301927010812577,1030033.0,2.2243504495742443,202605,202607,202605,OK_WITH_FALLBACK
3592,瑞鼎,202605,2272067.0,17.82355405929586,-2.003773951111159,10027992.0,2.375683326073039,202605,202607,202605,OK_WITH_FALLBACK
3593,力銘,202605,68560.0,-45.22386628743089,-8.565941613432377,276524.0,-46.689030267977635,202605,202607,202605,OK_WITH_FALLBACK
3596,智易,202605,4615776.0,4.228010288725148,1.9168180625856157,21928858.0,1.4841945523242595,202605,202607,202605,OK_WITH_FALLBACK
3605,宏致,202605,1108233.0,15.336773976002922,-1.4556247849241022,5054378.0,12.234786317972855,202605,202607,202605,OK_WITH_FALLBACK
3607,谷崧,202605,266288.0,-8.439236397645375,7.943508504531967,1151580.0,-5.032632198752109,202605,202607,202605,OK_WITH_FALLBACK
3617,碩天,202605,1085436.0,21.494283107885003,5.618598532247926,5038450.0,5.457470402125873,202605,202607,202605,OK_WITH_FALLBACK
3622,洋華,202605,137674.0,-0.8783676760695206,0.10907187109159129,638617.0,1.6553171032985365,202605,202607,202605,OK_WITH_FALLBACK
3645,達邁,202605,225738.0,-0.36237801190859775,-4.795684685102632,1026985.0,4.239048903748499,202605,202607,202605,OK_WITH_FALLBACK
3652,精聯,202605,249438.0,42.38547820875075,-3.1617116102833274,1127802.0,21.22510445139772,202605,202607,202605,OK_WITH_FALLBACK
3653,健策,202605,2313449.0,37.748425995281856,0.09951759925474299,9929814.0,20.321318465233453,202605,202607,202605,OK_WITH_FALLBACK
3661,世芯-KY,202605,1935098.0,-33.45035389894114,-9.263344763540998,8254522.0,-50.051981018048586,202605,202607,202605,OK_WITH_FALLBACK
3665,貿聯-KY,202605,7352121.0,41.348642262125516,-0.4176376532160903,35592444.0,28.371157966111475,202605,202607,202605,OK_WITH_FALLBACK
3669,圓展,202605,218354.0,-5.577873584342689,-5.877839562050088,1139405.0,15.392717347822344,202605,202607,202605,OK_WITH_FALLBACK
3673,TPK-KY,202605,6149316.0,-2.596249174153994,-9.619973650189511,30839856.0,16.61502217983459,202605,202607,202605,OK_WITH_FALLBACK
3679,新至陞,202605,343815.0,-14.255252821248208,-3.3633049544523175,1726797.0,-12.759831460674157,202605,202607,202605,OK_WITH_FALLBACK
3686,達能,202605,9029.0,27.889518413597735,338.0883066472586,34763.0,9.873889819526534,202605,202607,202605,OK_WITH_FALLBACK
3694,海華,202605,988129.0,-9.422081993480708,10.22345222080185,4906352.0,11.35268830724056,202605,202607,202605,OK_WITH_FALLBACK
3701,大眾控,202605,615397.0,-32.0179091814934,-17.93207559247489,3369038.0,-29.877448225621812,202605,202607,202605,OK_WITH_FALLBACK
3702,大聯大,202605,138023979.0,82.90674676519687,8.391942572240044,581862320.0,39.84386199206386,202605,202607,202605,OK_WITH_FALLBACK
3703,欣陸,202605,2655799.0,3.1638265333670508,23.24356507135535,11171823.0,-9.580770085879395,202605,202607,202605,OK_WITH_FALLBACK
3704,合勤控,202605,2406584.0,31.130697842698783,-16.472191746636877,11597969.0,6.603202755550335,202605,202607,202605,OK_WITH_FALLBACK
3705,永信,202605,657963.0,-3.201873693409266,-5.172155364992434,3192678.0,-10.415469466916882,202605,202607,202605,OK_WITH_FALLBACK
3706,神達,202605,13638501.0,49.30087981162376,17.238890866963416,57135509.0,37.27390791151965,202605,202607,202605,OK_WITH_FALLBACK
3708,上緯投控,202605,132546.0,70.6022421582382,22.08344846642719,429926.0,-14.410906325525469,202605,202607,202605,OK_WITH_FALLBACK
3711,日月光投控,202605,63033313.0,28.568740836032276,1.2630402245039276,298942572.0,19.869047059780403,202605,202607,202605,OK_WITH_FALLBACK
3712,永崴投控,202605,1291272.0,11.035135088654616,-21.339205760339187,8885794.0,-13.923301423059248,202605,202607,202605,OK_WITH_FALLBACK
3714,富采,202605,2089663.0,8.119646179604828,-0.4954127654022467,9435214.0,-1.4964269122153144,202605,202607,202605,OK_WITH_FALLBACK
3715,定穎投控,202605,2516224.0,69.11391792521879,21.807508987102914,10218332.0,34.318355180717255,202605,202607,202605,OK_WITH_FALLBACK
3716,中化控股,202605,659301.0,-4.414775165566755,-2.420177221147542,3564551.0,-2.6975686068549396,202605,202607,202605,OK_WITH_FALLBACK
3717,聯嘉投控,202605,549985.0,,-5.139672705697294,2980061.0,,202605,202607,202605,OK_WITH_FALLBACK
4104,佳醫,202605,701668.0,-0.7552955553543949,-11.253498734574265,3835248.0,8.205326856292587,202605,202607,202605,OK_WITH_FALLBACK
4106,雃博,202605,186403.0,-9.52935637773798,-15.92751119670571,991332.0,4.232350835209273,202605,202607,202605,OK_WITH_FALLBACK
4108,懷特,202605,11870.0,18.451252370022953,21.65624679717126,56144.0,11.41229932728752,202605,202607,202605,OK_WITH_FALLBACK
4119,旭富,202605,60926.0,-47.12432197873726,-31.31073981375003,525423.0,-18.06716202624418,202605,202607,202605,OK_WITH_FALLBACK
4133,亞諾法,202605,29887.0,0.5213238261805462,2.690351841671248,146896.0,-2.548793270442755,202605,202607,202605,OK_WITH_FALLBACK
4137,麗豐-KY,202605,285203.0,-14.582515955710363,-18.23331928520847,1552063.0,5.89855575789789,202605,202607,202605,OK_WITH_FALLBACK
4142,國光生,202605,6774.0,51.88340807174888,-70.21763024840624,111835.0,38.884059410858875,202605,202607,202605,OK_WITH_FALLBACK
4148,全宇生技-KY,202605,276164.0,21.75469535314346,-23.71265590254278,1171060.0,16.034192166953847,202605,202607,202605,OK_WITH_FALLBACK
4155,訊映,202605,139231.0,-2.958006621362607,9.458333333333334,650075.0,-6.77736414009889,202605,202607,202605,OK_WITH_FALLBACK
4164,承業醫,202605,543502.0,80.21161108919033,78.55624583178651,2008378.0,29.048752999111993,202605,202607,202605,OK_WITH_FALLBACK
4169,泰宗,202605,57163.0,-17.163476169084294,-3.344549466529142,289195.0,4.952676121764629,202605,202607,202605,OK_WITH_FALLBACK
4178,永笙-KY,202605,30172.0,5.000870019140421,-7.654638386435283,150652.0,-4.735647302091172,202605,202607,202605,OK_WITH_FALLBACK
4190,佐登-KY,202605,177842.0,1.7606500157354161,-1.1439688715953307,911955.0,-3.6746959318507098,202605,202607,202605,OK_WITH_FALLBACK
4195,基米-創,202605,49960.0,-28.241073223980926,8.15491524689888,247947.0,1.0304867613622473,202605,202607,202605,OK_WITH_FALLBACK
4306,炎洲,202605,1398619.0,40.04059179513059,8.935027751339277,5949344.0,18.201854205479727,202605,202607,202605,OK_WITH_FALLBACK
4414,如興,202605,1253159.0,15.007966021431168,3.073639362060882,5765375.0,3.1337195095554824,202605,202607,202605,OK_WITH_FALLBACK
4426,利勤,202605,65715.0,-8.28716173781977,-25.27631219867188,370841.0,-0.3383499059392636,202605,202607,202605,OK_WITH_FALLBACK
4438,廣越,202605,1635438.0,-9.953898832907633,8.55395080338279,5914561.0,4.453806445004477,202605,202607,202605,OK_WITH_FALLBACK
4439,冠星-KY,202605,787275.0,15.559062052768706,14.869616729212506,3286678.0,8.358535397677201,202605,202607,202605,OK_WITH_FALLBACK
4440,宜新實業,202605,73465.0,-10.342933854039542,-30.831732760893306,474403.0,22.229751316589542,202605,202607,202605,OK_WITH_FALLBACK
4441,振大環球,202605,381811.0,-35.23929223233125,-52.35438431858001,3073136.0,14.559481809967165,202605,202607,202605,OK_WITH_FALLBACK
4526,東台,202605,627503.0,49.954595638313634,42.69539511085844,2142934.0,-11.759708892778773,202605,202607,202605,OK_WITH_FALLBACK
4532,瑞智,202605,2025378.0,16.661444281372905,-12.84967114958875,10390779.0,-1.9820220772008692,202605,202607,202605,OK_WITH_FALLBACK
4536,拓凱,202605,802168.0,20.70300039122453,-6.800511211804345,3979829.0,-3.073623616760995,202605,202607,202605,OK_WITH_FALLBACK
4540,全球傳動,202605,243012.0,22.966223908918405,-4.423818138912924,1285533.0,49.48388394627323,202605,202607,202605,OK_WITH_FALLBACK
4545,銘鈺,202605,161252.0,-20.509129628899316,-27.565605656326085,912128.0,-6.932361974144704,202605,202607,202605,OK_WITH_FALLBACK
4551,智伸科,202605,760526.0,26.740814313139932,-1.53282450654807,3804837.0,16.655429860715728,202605,202607,202605,OK_WITH_FALLBACK
4552,力達-KY,202605,314242.0,0.7176213049233501,-1.849677040516735,1372859.0,-4.5781476111504205,202605,202607,202605,OK_WITH_FALLBACK
4555,氣立,202605,160086.0,17.7761101792178,-1.1582963905113546,727275.0,9.893804453927029,202605,202607,202605,OK_WITH_FALLBACK
4557,永新-KY,202605,307688.0,-19.60892409710011,6.692002815641374,1359461.0,-26.652286253666816,202605,202607,202605,OK_WITH_FALLBACK
4560,強信-KY,202605,168341.0,21.97474150985777,-3.2756461084106134,794398.0,9.036580327522335,202605,202607,202605,OK_WITH_FALLBACK
4562,穎漢,202605,36967.0,-47.97190789844058,-42.40823829999377,277934.0,-13.810897137718237,202605,202607,202605,OK_WITH_FALLBACK
4564,元翎,202605,65308.0,-42.74040822052325,1.2103460566894477,323476.0,-37.69698650611135,202605,202607,202605,OK_WITH_FALLBACK
4566,時碩工業,202605,456478.0,9.950453672859355,-5.135601321723228,2292217.0,7.944367763479171,202605,202607,202605,OK_WITH_FALLBACK
4569,六方科-KY,202605,167869.0,14.591041271314866,11.658086230062125,817571.0,6.966828116945476,202605,202607,202605,OK_WITH_FALLBACK
4571,鈞興-KY,202605,259046.0,7.218807557790608,9.988960597826088,1278785.0,-2.295785634989338,202605,202607,202605,OK_WITH_FALLBACK
4572,駐龍,202605,76456.0,21.857766727232157,45.95853537474705,311656.0,6.517013684771761,202605,202607,202605,OK_WITH_FALLBACK
4576,大銀微系統,202605,335388.0,48.040185034782304,-1.9479551294982327,1532483.0,44.82348349466486,202605,202607,202605,OK_WITH_FALLBACK
4581,光隆精密-KY,202605,93834.0,8.199670214360665,-16.166498405239036,485000.0,2.594910869349083,202605,202607,202605,OK_WITH_FALLBACK
4582,聚恆-創,202605,250216.0,117.07702184512345,15.889564585079825,708411.0,150.12393017540887,202605,202607,202605,OK_WITH_FALLBACK
4583,台灣精銳,202605,285609.0,6.889595808383233,-16.61951847537638,1486485.0,11.539105111941671,202605,202607,202605,OK_WITH_FALLBACK
4585,達明,202605,155710.0,27.051086433251466,9.536136865652743,781300.0,5.5427148779700355,202605,202607,202605,OK_WITH_FALLBACK
4588,玖鼎電力,202605,98980.0,33.36567093792527,743.4597358329783,330072.0,9.555831413758538,202605,202607,202605,OK_WITH_FALLBACK
4590,富田-創,202605,108581.0,10.982664867737848,47.99100449775113,449496.0,-21.343489650321015,202605,202607,202605,OK_WITH_FALLBACK
4720,德淵,202605,331300.0,15.219553589438613,-8.785048787471641,1638414.0,8.341009406357971,202605,202607,202605,OK_WITH_FALLBACK
4722,國精化,202605,295438.0,-6.723917470440589,-22.801268885648735,1565370.0,-2.420460304488408,202605,202607,202605,OK_WITH_FALLBACK
4736,泰博,202605,319237.0,-15.038244327224533,-13.297229472266205,1761838.0,0.9646390698020922,202605,202607,202605,OK_WITH_FALLBACK
4737,華廣,202605,141700.0,-13.452964098554903,0.2674742785978121,688286.0,-13.91033634813802,202605,202607,202605,OK_WITH_FALLBACK
4739,康普,202605,1159552.0,140.95338036510228,12.919033039630417,4557168.0,121.41758390187826,202605,202607,202605,OK_WITH_FALLBACK
4746,台耀,202605,358654.0,-4.919275735001723,8.505147621626364,1753201.0,-10.81946649398927,202605,202607,202605,OK_WITH_FALLBACK
4755,三福化,202605,375961.0,-5.763321084636324,-3.7921592712011876,1906820.0,-5.093009666793752,202605,202607,202605,OK_WITH_FALLBACK
4763,材料*-KY,202605,952051.0,-22.69207189576981,8.476061344939954,4541125.0,-34.05883079839765,202605,202607,202605,OK_WITH_FALLBACK
4764,雙鍵,202605,312100.0,42.494498370056526,-7.219406335003047,1471331.0,27.13743307560167,202605,202607,202605,OK_WITH_FALLBACK
4766,南寶,202605,2204492.0,12.342709443854432,-3.529194504141761,10326070.0,8.645679653767106,202605,202607,202605,OK_WITH_FALLBACK
4770,上品,202605,347267.0,-26.07219343548957,-28.698317793852237,1892911.0,6.772925670591447,202605,202607,202605,OK_WITH_FALLBACK
4771,望隼,202605,381003.0,33.1349719405405,-9.322782174094128,1831905.0,32.55060265896405,202605,202607,202605,OK_WITH_FALLBACK
4807,日成-KY,202605,214673.0,48.79225378958531,24.018186229765796,1002675.0,27.3205759853718,202605,202607,202605,OK_WITH_FALLBACK
4904,遠傳,202605,9501988.0,13.726679089405058,-0.3954312662092174,46846209.0,9.032049870663792,202605,202607,202605,OK_WITH_FALLBACK
4906,正文,202605,1270893.0,-11.921228355297126,10.640103841563265,5521591.0,-31.781332225675964,202605,202607,202605,OK_WITH_FALLBACK
4912,聯德控股-KY,202605,610245.0,30.9592021992313,-0.8615087694217185,2966323.0,20.26314733226111,202605,202607,202605,OK_WITH_FALLBACK
4915,致伸,202605,5453871.0,12.671482553377157,-0.26423106182520406,26840840.0,9.867171308504894,202605,202607,202605,OK_WITH_FALLBACK
4916,事欣科,202605,450454.0,104.34962097326625,6.051310061659655,1932824.0,42.11962076414818,202605,202607,202605,OK_WITH_FALLBACK
4919,新唐,202605,2712656.0,2.087854106875791,7.7466690816420565,13218201.0,-2.086754497862986,202605,202607,202605,OK_WITH_FALLBACK
4927,泰鼎-KY,202605,993802.0,4.156068194942708,8.124674962953936,4671770.0,-8.234655851232255,202605,202607,202605,OK_WITH_FALLBACK
4930,燦星網,202605,473743.0,4.7128669977741975,14.273894753092376,2287954.0,-9.732834591956987,202605,202607,202605,OK_WITH_FALLBACK
4934,太極,202605,19764.0,281.10296953335904,36.93618790272293,72574.0,153.94170544805627,202605,202607,202605,OK_WITH_FALLBACK
4935,茂林-KY,202605,307491.0,-34.29230203774617,-6.288742739069748,1681084.0,-29.04447393390534,202605,202607,202605,OK_WITH_FALLBACK
4938,和碩,202605,95962959.0,11.994940683024831,10.062851106987564,427257595.0,-7.3173753994178625,202605,202607,202605,OK_WITH_FALLBACK
4942,嘉彰,202605,448276.0,-4.545967527282406,-1.9244232856092693,2245988.0,-5.911677152166682,202605,202607,202605,OK_WITH_FALLBACK
4943,康控-KY,202605,199057.0,56.132933831142346,3.5337012321663557,923042.0,46.31185674454288,202605,202607,202605,OK_WITH_FALLBACK
4949,有成精密,202605,306611.0,25.84901943078552,-2.9804132519064646,1410258.0,35.66551965299068,202605,202607,202605,OK_WITH_FALLBACK
4952,凌通,202605,265421.0,20.385984805533507,-5.615000835671435,1133435.0,13.202901995721314,202605,202607,202605,OK_WITH_FALLBACK
4956,光鋐,202605,124094.0,-0.9277000702561154,-0.8152564860846908,609964.0,11.785037514340484,202605,202607,202605,OK_WITH_FALLBACK
4958,臻鼎-KY,202605,16201199.0,37.39933169500997,6.613060936502736,72125646.0,10.17898513208826,202605,202607,202605,OK_WITH_FALLBACK
4960,誠美材,202605,687826.0,-7.405527726809515,-2.480983943572112,3215985.0,-10.820843063085396,202605,202607,202605,OK_WITH_FALLBACK
4961,天鈺,202605,1756453.0,0.1203870855210019,-0.7549941660569043,8027487.0,-2.6631360599986493,202605,202607,202605,OK_WITH_FALLBACK
4967,十銓,202605,2555598.0,112.58579427342201,26.842848457023738,13615179.0,77.27049729091536,202605,202607,202605,OK_WITH_FALLBACK
4968,立積,202605,330076.0,6.818292142249205,0.0009088898516388799,1590347.0,6.7402140916007065,202605,202607,202605,OK_WITH_FALLBACK
4976,佳凌,202605,84114.0,-4.525487792420063,-10.308058135443213,432918.0,-0.183761225689681,202605,202607,202605,OK_WITH_FALLBACK
4977,眾達-KY,202605,81963.0,-11.231087476850098,41.24002688218366,348294.0,-25.49223462970094,202605,202607,202605,OK_WITH_FALLBACK
4989,榮科,202605,323360.0,33.87208955718213,-14.757659315340774,1679748.0,61.08580448537831,202605,202607,202605,OK_WITH_FALLBACK
4994,傳奇,202605,97009.0,-4.750262648875274,-9.785085231235644,514997.0,2.0442656732979314,202605,202607,202605,OK_WITH_FALLBACK
4999,鑫禾,202605,138216.0,-19.27389963554808,-12.060112870694976,685374.0,-10.991776751531145,202605,202607,202605,OK_WITH_FALLBACK
5007,三星,202605,528745.0,6.4252258852750375,2.6781032868955283,2570599.0,-5.221240243196507,202605,202607,202605,OK_WITH_FALLBACK
5203,訊連,202605,164834.0,-14.786726427725823,-13.611278530436833,940973.0,-3.871995913676414,202605,202607,202605,OK_WITH_FALLBACK
5215,科嘉-KY,202605,258743.0,30.813059920321948,-29.642943574153584,1372174.0,38.33124317000488,202605,202607,202605,OK_WITH_FALLBACK
5222,全訊,202605,59688.0,-12.441138934119614,-34.278069566940836,328203.0,-17.289843275514034,202605,202607,202605,OK_WITH_FALLBACK
5225,東科-KY,202605,893014.0,11.800879870398145,6.962387679275973,4051030.0,-8.586199348757653,202605,202607,202605,OK_WITH_FALLBACK
5234,達興材料,202605,418193.0,10.827750333919901,1.872815191045176,2029998.0,7.684775055301226,202605,202607,202605,OK_WITH_FALLBACK
5243,乙盛-KY,202605,1016352.0,-2.687797293053396,-2.8073775782746444,5200706.0,-6.793625190979923,202605,202607,202605,OK_WITH_FALLBACK
5244,弘凱,202605,75630.0,10.109774917741607,13.837169047368183,303290.0,-5.486807293305952,202605,202607,202605,OK_WITH_FALLBACK
5258,虹堡,202605,754698.0,35.651414304998106,4.666092506376092,3075523.0,12.529316677192009,202605,202607,202605,OK_WITH_FALLBACK
5269,祥碩,202605,896666.0,-19.400374294153497,-6.473661538012227,5353360.0,11.892075823155107,202605,202607,202605,OK_WITH_FALLBACK
5283,禾聯碩,202605,618555.0,-2.460735461082377,-20.428144706272818,2619313.0,-1.994082931010807,202605,202607,202605,OK_WITH_FALLBACK
5284,jpp-KY,202605,413067.0,43.319547280839934,4.697440524770996,1987105.0,46.71694797619575,202605,202607,202605,OK_WITH_FALLBACK
5285,界霖,202605,522199.0,18.503835156356374,-10.294506687555614,2461699.0,10.413558756435224,202605,202607,202605,OK_WITH_FALLBACK
5288,豐祥-KY,202605,813884.0,68.50112005035051,10.06717218230479,3614468.0,21.799077088765674,202605,202607,202605,OK_WITH_FALLBACK
5292,華懋,202605,226644.0,45.036380041851444,49.74529741729599,1001557.0,-7.79724834408127,202605,202607,202605,OK_WITH_FALLBACK
5306,桂盟,202605,447549.0,8.732379994460722,-9.952073591784504,2246719.0,4.3006779231402374,202605,202607,202605,OK_WITH_FALLBACK
5388,中磊,202605,6482310.0,69.95652184172461,-5.513315688499792,29989267.0,55.27975193155594,202605,202607,202605,OK_WITH_FALLBACK
5434,崇越,202605,6542058.0,18.609055545241464,-3.4529932996203976,31854785.0,17.564172738088615,202605,202607,202605,OK_WITH_FALLBACK
5469,瀚宇博,202605,5591841.0,3.602628157705025,3.417899720993062,26692861.0,26.718412305398424,202605,202607,202605,OK_WITH_FALLBACK
5471,松翰,202605,301143.0,27.335884479587307,-8.3189230001096,1392306.0,24.98707314445761,202605,202607,202605,OK_WITH_FALLBACK
5484,慧友,202605,80908.0,152.31709598952162,50.330732069862506,314609.0,92.03264339471772,202605,202607,202605,OK_WITH_FALLBACK
5515,建國,202605,668115.0,22.375918806197603,5.719082490996437,3315367.0,28.250073498692498,202605,202607,202605,OK_WITH_FALLBACK
5519,隆大,202605,172901.0,88.65151498619764,47.10847166327755,967409.0,-2.528158661804875,202605,202607,202605,OK_WITH_FALLBACK
5521,工信,202605,1071485.0,27.751037581864942,22.56202251329442,4558560.0,16.035996776438473,202605,202607,202605,OK_WITH_FALLBACK
5522,遠雄,202605,646613.0,191.64415257562706,182.23927438116814,6538841.0,643.5739953148809,202605,202607,202605,OK_WITH_FALLBACK
5525,順天,202605,315207.0,406.8044054988343,-47.24365958856993,2611618.0,1055.9616865699388,202605,202607,202605,OK_WITH_FALLBACK
5531,鄉林,202605,77260.0,55.16237222099492,73.11225632982298,263970.0,14.325683325176596,202605,202607,202605,OK_WITH_FALLBACK
5533,皇鼎,202605,139940.0,144.78729359082004,40.97191441350687,581631.0,7.616376207983096,202605,202607,202605,OK_WITH_FALLBACK
5534,長虹,202605,498821.0,452.5877921790185,132.1252902607344,1590618.0,13.290185830553817,202605,202607,202605,OK_WITH_FALLBACK
5538,東明-KY,202605,1171741.0,22.371971877467303,-9.092312645711383,5618633.0,8.161354401823251,202605,202607,202605,OK_WITH_FALLBACK
5546,永固-KY,202605,135662.0,-40.92122510658497,24.645803855271136,442624.0,-56.56188173224884,202605,202607,202605,OK_WITH_FALLBACK
5607,遠雄港,202605,461231.0,38.95764667602629,6.045229434999931,2110196.0,36.26132365257494,202605,202607,202605,OK_WITH_FALLBACK
5608,四維航,202605,294434.0,13.88158301875116,11.162961033273303,1327925.0,1.385192344985654,202605,202607,202605,OK_WITH_FALLBACK
5706,鳳凰,202605,273358.0,-2.011334592732526,-2.196095829636202,1262257.0,-6.524892862458873,202605,202607,202605,OK_WITH_FALLBACK
5871,中租-KY,202605,8371058.0,1.2994213956545742,5.294433068688199,40319444.0,-2.2323911852361893,202605,202607,202605,OK_WITH_FALLBACK
5876,上海商銀,202605,4250508.0,5.2843452220243385,0.8052069034539089,22227207.0,-0.8654468031244108,202605,202607,202605,OK_WITH_FALLBACK
5880,合庫金,202605,6305060.0,37.424632406229016,3.466343891941796,28313199.0,24.950524123891725,202605,202607,202605,OK_WITH_FALLBACK
5906,台南-KY,202605,132595.0,8.224913890203888,-3.055405267082925,699632.0,-3.1778520471356706,202605,202607,202605,OK_WITH_FALLBACK
5907,大洋-KY,202605,238159.0,2.702108299948683,-4.031221414957105,1199900.0,-4.1016734853395205,202605,202607,202605,OK_WITH_FALLBACK
6005,群益證,202605,3798596.0,155.54062108558796,-18.271430105174062,15575029.0,134.80726693594198,202605,202607,202605,OK_WITH_FALLBACK
6024,群益期,202605,-244632.0,-200.50864031159355,-255.52729954479565,597390.0,-55.67639517076819,202605,202607,202605,OK_WITH_FALLBACK
6108,競國,202605,442828.0,26.540362908987,-15.615805600865894,1971180.0,17.32411174235097,202605,202607,202605,OK_WITH_FALLBACK
6112,邁達特,202605,2237161.0,13.844870683162553,2.0108414627584628,10448446.0,24.117945503286407,202605,202607,202605,OK_WITH_FALLBACK
6115,鎰勝,202605,728177.0,24.737823031831248,-1.4058438041594454,3328535.0,10.974878298996552,202605,202607,202605,OK_WITH_FALLBACK
6116,彩晶,202605,960203.0,-10.140301228384422,-7.189728848323051,5010200.0,0.7216893388638926,202605,202607,202605,OK_WITH_FALLBACK
6117,迎廣,202605,270068.0,-6.893009080817205,-11.37175111577842,1413899.0,11.581292462516188,202605,202607,202605,OK_WITH_FALLBACK
6120,達運,202605,1319690.0,-10.23268121102792,-1.504204967145429,7185865.0,-10.121142365982177,202605,202607,202605,OK_WITH_FALLBACK
6128,上福,202605,430244.0,-4.686330023615524,1.788811000205828,2192952.0,-4.368071930041075,202605,202607,202605,OK_WITH_FALLBACK
6133,金橋,202605,116817.0,5.359188275084555,-7.704159029138487,567576.0,5.657848442709468,202605,202607,202605,OK_WITH_FALLBACK
6136,富爾特,202605,46695.0,-24.889010423368937,-7.301530581859329,268790.0,14.143151368452344,202605,202607,202605,OK_WITH_FALLBACK
6139,亞翔,202605,8587728.0,103.26334632527379,0.6100644883140193,37471871.0,75.2296518472431,202605,202607,202605,OK_WITH_FALLBACK
6141,柏承,202605,181668.0,32.10873074741481,-7.1744273385485595,869812.0,11.398818405013262,202605,202607,202605,OK_WITH_FALLBACK
6142,友勁,202605,168521.0,1.6245846575045078,22.860059052965408,736232.0,-3.4443504547570805,202605,202607,202605,OK_WITH_FALLBACK
6152,百一,202605,185453.0,78.63452035793752,-26.961127958725534,770859.0,28.54441429888791,202605,202607,202605,OK_WITH_FALLBACK
6153,嘉聯益,202605,542157.0,9.581125165233631,19.98021563628638,2174194.0,-4.007611596647189,202605,202607,202605,OK_WITH_FALLBACK
6155,鈞寶,202605,68544.0,43.29256820319849,2.1748527986882316,299529.0,14.397399859451863,202605,202607,202605,OK_WITH_FALLBACK
6164,華興,202605,57972.0,-25.898278220188413,-33.125692137320044,328549.0,-10.729598574060287,202605,202607,202605,OK_WITH_FALLBACK
6165,浪凡,202605,277774.0,8.722914579158317,5.306775445832828,1388844.0,6.597916463591073,202605,202607,202605,OK_WITH_FALLBACK
6166,凌華,202605,1440425.0,79.45933891237368,-4.655351360510896,6395022.0,45.217841909066465,202605,202607,202605,OK_WITH_FALLBACK
6168,宏齊,202605,182082.0,3.2784653605744687,-5.501292284697065,875317.0,7.012855230422211,202605,202607,202605,OK_WITH_FALLBACK
6176,瑞儀,202605,3678889.0,-11.742912950792851,-0.7309273640931933,19430963.0,-4.032485492732463,202605,202607,202605,OK_WITH_FALLBACK
6177,達麗,202605,432847.0,149.18224366317995,-18.250393311160593,5806551.0,540.6620723440313,202605,202607,202605,OK_WITH_FALLBACK
6183,關貿,202605,228545.0,15.775849404517661,5.205374775015306,1109723.0,9.352569737054745,202605,202607,202605,OK_WITH_FALLBACK
6184,大豐電,202605,175329.0,-0.435557877521352,-6.199041280575232,912541.0,2.5741873117215954,202605,202607,202605,OK_WITH_FALLBACK
6189,豐藝,202605,2506671.0,6.000939629045279,-5.428376644420994,12549109.0,-3.7194992598150747,202605,202607,202605,OK_WITH_FALLBACK
6191,精成科,202605,3298678.0,-2.483354923696641,2.855412768287382,15845851.0,35.4672634372333,202605,202607,202605,OK_WITH_FALLBACK
6192,巨路,202605,522488.0,-14.97873199053598,-40.02656109568537,3190732.0,3.697815240536739,202605,202607,202605,OK_WITH_FALLBACK
6196,帆宣,202605,6973777.0,64.89222551092452,5.18815616491086,27912133.0,26.75489089581158,202605,202607,202605,OK_WITH_FALLBACK
6197,佳必琪,202605,808198.0,41.776437546815984,0.10379508521601269,3641615.0,20.91218330657733,202605,202607,202605,OK_WITH_FALLBACK
6201,亞弘電,202605,276656.0,-14.219981520411263,11.130927992416026,1223499.0,-13.28704386183748,202605,202607,202605,OK_WITH_FALLBACK
6202,盛群,202605,312543.0,6.62775147040762,-1.9011299435028248,1456728.0,7.73364335650372,202605,202607,202605,OK_WITH_FALLBACK
6205,詮欣,202605,129279.0,-6.6220286463411995,23.03731691300334,526880.0,-17.433492966928267,202605,202607,202605,OK_WITH_FALLBACK
6206,飛捷,202605,630682.0,45.24213086212773,-1.599540670334231,2781853.0,24.24943924006421,202605,202607,202605,OK_WITH_FALLBACK
6209,今國光,202605,408564.0,70.65666417439758,-1.496488423732614,1981682.0,55.92683953560652,202605,202607,202605,OK_WITH_FALLBACK
6213,聯茂,202605,3802864.0,29.30658521499901,8.23670046990582,16459405.0,20.945186262687304,202605,202607,202605,OK_WITH_FALLBACK
6214,精誠,202605,4461226.0,45.79751218839444,6.2793096030319875,20627555.0,27.596688526040264,202605,202607,202605,OK_WITH_FALLBACK
6215,和椿,202605,290668.0,37.908326176999466,-12.590516515505088,1396305.0,59.415019871148644,202605,202607,202605,OK_WITH_FALLBACK
6216,居易,202605,49271.0,-21.114651211194545,-4.365295031055901,237670.0,-33.099513312822474,202605,202607,202605,OK_WITH_FALLBACK
6224,聚鼎,202605,247076.0,-5.509004478336858,-8.319573130684201,1229807.0,-2.540911504354648,202605,202607,202605,OK_WITH_FALLBACK
6225,天瀚,202605,4063.0,87.32134624250807,188.97581792318636,11546.0,-38.09779112159554,202605,202607,202605,OK_WITH_FALLBACK
6226,光鼎,202605,55348.0,-2.1342056405269205,-13.545766947828804,271072.0,0.860622341949479,202605,202607,202605,OK_WITH_FALLBACK
6230,尼得科超眾,202605,870889.0,21.945922482356895,5.12828250881814,3920566.0,11.723551486720353,202605,202607,202605,OK_WITH_FALLBACK
6235,華孚,202605,523900.0,-1.5504997641646825,1.0738249854341024,2679015.0,3.739037567338998,202605,202607,202605,OK_WITH_FALLBACK
6239,力成,202605,7917615.0,30.234448209551132,4.519658783088061,36807022.0,34.86902008025447,202605,202607,202605,OK_WITH_FALLBACK
6243,迅杰,202605,25419.0,-58.20205873647515,-6.866229436119151,142738.0,-51.30971670276816,202605,202607,202605,OK_WITH_FALLBACK
6257,矽格,202605,1976452.0,23.707393769602607,1.5791012819372914,9215955.0,17.477412639132254,202605,202607,202605,OK_WITH_FALLBACK
6269,台郡,202605,1681968.0,-6.087929500955609,-15.15945735319709,9131486.0,2.1937300192289917,202605,202607,202605,OK_WITH_FALLBACK
6271,同欣電,202605,1038227.0,7.625652428563284,0.29172909379476764,4892671.0,-0.13065739797251397,202605,202607,202605,OK_WITH_FALLBACK
6272,驊陞,202605,264500.0,-18.560757677457495,-16.430227929049423,1285353.0,-23.78974592490875,202605,202607,202605,OK_WITH_FALLBACK
6277,宏正,202605,415622.0,9.204082061630302,-5.494275611946747,2148588.0,8.725626924190195,202605,202607,202605,OK_WITH_FALLBACK
6278,台表科,202605,4348041.0,2.4344442229921226,-3.500814509363529,21408905.0,1.9703090710968023,202605,202607,202605,OK_WITH_FALLBACK
6281,全國電,202605,1779465.0,-8.603509139572044,6.062773469420598,7871409.0,-1.7643925595916328,202605,202607,202605,OK_WITH_FALLBACK
6282,康舒,202605,2940031.0,26.191390833365165,-6.7286037197128925,14672914.0,24.15334419776653,202605,202607,202605,OK_WITH_FALLBACK
6283,淳安,202605,116785.0,9.299104343512807,-26.37621040952189,698249.0,0.20982021765618475,202605,202607,202605,OK_WITH_FALLBACK
6285,啟碁,202605,12167707.0,34.82240255362084,6.724853929556742,52724894.0,11.586937912606627,202605,202607,202605,OK_WITH_FALLBACK
6405,悅城,202605,165.0,230.0,,242.0,-37.789203084832906,202605,202607,202605,OK_WITH_FALLBACK
6409,旭隼,202605,1850129.0,0.2754401378393071,4.853232711474225,7819216.0,-11.795709209349734,202605,202607,202605,OK_WITH_FALLBACK
6412,群電,202605,2707555.0,-10.17620698166338,2.7163999951440694,13127370.0,-9.141189380083109,202605,202607,202605,OK_WITH_FALLBACK
6414,樺漢,202605,15579250.0,35.27093824462834,6.971440546215054,67632029.0,16.79389935189188,202605,202607,202605,OK_WITH_FALLBACK
6415,矽力*-KY,202605,1911109.0,31.59125446617003,-5.110955757713578,8784259.0,23.209320207289643,202605,202607,202605,OK_WITH_FALLBACK
6416,瑞祺電通,202605,349990.0,16.499069645133694,11.000459872187248,1723027.0,-1.5070950364469484,202605,202607,202605,OK_WITH_FALLBACK
6426,統新,202605,67251.0,70.173840431185,-3.6946341882545,291351.0,63.74381080306411,202605,202607,202605,OK_WITH_FALLBACK
6431,光麗-KY,202605,27782.0,-23.243541925680343,-33.37170539846991,154924.0,-12.632736500775412,202605,202607,202605,OK_WITH_FALLBACK
6438,迅得,202605,592379.0,10.130752369921563,-7.203861107891084,2975528.0,15.582719040884161,202605,202607,202605,OK_WITH_FALLBACK
6442,光聖,202605,1725672.0,116.02033931403635,94.67464766329098,5317792.0,34.238557659078786,202605,202607,202605,OK_WITH_FALLBACK
6443,元晶,202605,116046.0,-40.169212763653796,61.91486096189533,593847.0,-41.805836202959846,202605,202607,202605,OK_WITH_FALLBACK
6446,藥華藥,202605,2458451.0,108.47280556481272,19.1006690795711,9644008.0,70.30680982975338,202605,202607,202605,OK_WITH_FALLBACK
6449,鈺邦,202605,443477.0,12.274363661220171,-4.338944589207752,2035304.0,22.088841007085495,202605,202607,202605,OK_WITH_FALLBACK
6451,訊芯-KY,202605,624107.0,4.891403908887854,-2.6533337076793977,2818605.0,-12.772982387514297,202605,202607,202605,OK_WITH_FALLBACK
6456,GIS-KY,202605,3197938.0,-50.87751690403772,-17.86256687280189,23168885.0,-16.171028594074183,202605,202607,202605,OK_WITH_FALLBACK
6464,台數科,202605,358125.0,1.2204393920979517,-8.242483249849473,1787420.0,-1.393462383577015,202605,202607,202605,OK_WITH_FALLBACK
6472,保瑞,202605,2114486.0,40.1907588185842,42.46225180108648,7594760.0,-9.110579120933302,202605,202607,202605,OK_WITH_FALLBACK
6477,安集,202605,69759.0,-1.2178025743780003,-14.762771715888125,376603.0,33.031547936543824,202605,202607,202605,OK_WITH_FALLBACK
6491,晶碩,202605,716194.0,36.70824703894939,6.2057163533260375,3276207.0,22.255835891985807,202605,202607,202605,OK_WITH_FALLBACK
6504,南六,202605,594460.0,6.099195590831128,-0.0628746843657222,2780274.0,-0.7195693510806396,202605,202607,202605,OK_WITH_FALLBACK
6505,台塑化,202605,57777216.0,26.874056674591955,-6.087473152450197,281289027.0,6.124004001706351,202605,202607,202605,OK_WITH_FALLBACK
6515,穎崴,202605,1073481.0,119.79410445881783,8.483488187369003,5043430.0,46.47712328703467,202605,202607,202605,OK_WITH_FALLBACK
6525,捷敏-KY,202605,548577.0,18.953830274433614,1.648946223488821,2445520.0,14.719484890035787,202605,202607,202605,OK_WITH_FALLBACK
6526,達發,202605,2051151.0,12.894510021058148,1.1482514130618098,9534481.0,8.181999827307848,202605,202607,202605,OK_WITH_FALLBACK
6531,愛普*,202605,748539.0,89.34296229779807,-6.915269328531564,3653448.0,104.70798649866197,202605,202607,202605,OK_WITH_FALLBACK
6533,晶心科,202605,87236.0,2.280428181168001,-18.36574273361906,520454.0,17.344378132560138,202605,202607,202605,OK_WITH_FALLBACK
6534,正瀚-創,202605,141363.0,7.276038702333523,-38.31441699721164,1240033.0,2.90585112077257,202605,202607,202605,OK_WITH_FALLBACK
6541,泰福-KY,202605,36078.0,208.20092260379292,-58.432131623518025,255698.0,264.65772960638907,202605,202607,202605,OK_WITH_FALLBACK
6550,北極星藥業-KY,202605,1601.0,248.65366759517178,-4.016786570743405,40220.0,233.5268264366863,202605,202607,202605,OK_WITH_FALLBACK
6552,易華電,202605,100172.0,-15.019893617923769,-2.7597922632626317,492516.0,-30.735153896565983,202605,202607,202605,OK_WITH_FALLBACK
6558,興能高,202605,78261.0,-17.292653026716266,-24.72080876482527,410214.0,-12.088020419228535,202605,202607,202605,OK_WITH_FALLBACK
6573,虹揚-KY,202605,71765.0,-9.782895646598867,12.352250489236791,312805.0,-19.74378973619528,202605,202607,202605,OK_WITH_FALLBACK
6579,研揚,202605,971779.0,48.84883964935982,28.457576887182782,4138485.0,24.658194035542397,202605,202607,202605,OK_WITH_FALLBACK
6581,鋼聯,202605,278202.0,0.682916236903534,-25.380204170310012,1086114.0,7.390371476314306,202605,202607,202605,OK_WITH_FALLBACK
6582,申豐,202605,66346.0,-34.637058638083225,45.1042145091092,216170.0,-55.177862006618504,202605,202607,202605,OK_WITH_FALLBACK
6585,鼎基,202605,279818.0,58.06783261026754,-13.878834884522579,1332027.0,3.5603191645681616,202605,202607,202605,OK_WITH_FALLBACK
6589,台康生技,202605,116798.0,56.34771899764404,42.07619696379914,507441.0,43.25386406944739,202605,202607,202605,OK_WITH_FALLBACK
6591,動力-KY,202605,63869.0,-62.685712616481176,-29.367203397328144,479413.0,-39.99319090134192,202605,202607,202605,OK_WITH_FALLBACK
6592,和潤企業,202605,1939412.0,-2.8202692193600627,-1.7548658749963273,9719093.0,-3.924648938846583,202605,202607,202605,OK_WITH_FALLBACK
6598,ABC-KY,202605,60307.0,134.89522474098308,-1.1052622948131385,338330.0,80.2225548530062,202605,202607,202605,OK_WITH_FALLBACK
6605,帝寶,202605,1601560.0,-8.756901371700145,-6.235034173312616,8042598.0,-4.793169009391061,202605,202607,202605,OK_WITH_FALLBACK
6606,建德工業,202605,87747.0,37.22261318320432,-17.819111573150515,386328.0,19.042307336763937,202605,202607,202605,OK_WITH_FALLBACK
6614,資拓宏宇,202605,518452.0,83.31453463498114,52.307145438147586,2106871.0,52.60336124593389,202605,202607,202605,OK_WITH_FALLBACK
6625,必應,202605,767157.0,29.577043714434833,118.46179694329983,1888137.0,37.176690082365425,202605,202607,202605,OK_WITH_FALLBACK
6641,基士德-KY,202605,161335.0,18.391023900552568,-16.488948703349035,735421.0,8.453657810018331,202605,202607,202605,OK_WITH_FALLBACK
6645,金萬林-創,202605,53977.0,40.123568962384155,55.32502661793905,212326.0,16.667124559735814,202605,202607,202605,OK_WITH_FALLBACK
6655,科定,202605,269649.0,23.620184571373557,-3.937627804575671,1237358.0,26.424469186182545,202605,202607,202605,OK_WITH_FALLBACK
6657,華安,202605,541.0,-24.1234221598878,-33.127317676143385,2741.0,16.539115646258505,202605,202607,202605,OK_WITH_FALLBACK
6658,聯策,202605,298344.0,-2.795163607810428,24.414715719063544,1157560.0,5.656891666910068,202605,202607,202605,OK_WITH_FALLBACK
6666,羅麗芬-KY,202605,157606.0,35.11710846678783,37.68443858162472,499648.0,7.0432673767920955,202605,202607,202605,OK_WITH_FALLBACK
6668,中揚光,202605,113440.0,12.099292462152654,11.72171994721188,477883.0,15.288932206538338,202605,202607,202605,OK_WITH_FALLBACK
6669,緯穎,202605,84050473.0,18.160174754048978,1.5949004167676164,443289203.0,45.05984648138546,202605,202607,202605,OK_WITH_FALLBACK
6670,復盛應用,202605,2882095.0,32.031221010321644,4.368900396530808,14116665.0,10.26838025051677,202605,202607,202605,OK_WITH_FALLBACK
6671,三能-KY,202605,131331.0,-26.076922643941483,-29.500716636158185,683289.0,-13.177576506106766,202605,202607,202605,OK_WITH_FALLBACK
6672,騰輝電子-KY,202605,530395.0,34.98597700330342,3.998815688596689,2286223.0,28.12924884128879,202605,202607,202605,OK_WITH_FALLBACK
6674,鋐寶科技,202605,44136.0,-23.52237874928523,2.742213324642674,199226.0,-25.387432868688535,202605,202607,202605,OK_WITH_FALLBACK
6689,伊雲谷,202605,1028103.0,-0.2745086247117902,0.4164717304185521,5051314.0,-6.170411877184685,202605,202607,202605,OK_WITH_FALLBACK
6691,洋基工程,202605,3835624.0,82.35699071961052,34.165220588055256,13671732.0,76.07474411222435,202605,202607,202605,OK_WITH_FALLBACK
6695,芯鼎,202605,76771.0,-25.478795173705823,0.6120255818829944,405825.0,-9.145758568271928,202605,202607,202605,OK_WITH_FALLBACK
6698,旭暉應材,202605,56620.0,-35.115684769031546,23.74874327927613,269071.0,-24.137182425898203,202605,202607,202605,OK_WITH_FALLBACK
6706,惠特,202605,60052.0,-15.695193171608265,11.23006538368927,274017.0,-53.10786575306833,202605,202607,202605,OK_WITH_FALLBACK
6715,嘉基,202605,118910.0,-26.013265471198,-27.67911446296071,793486.0,1.5612680599215654,202605,202607,202605,OK_WITH_FALLBACK
6719,力智,202605,367025.0,-9.5841647574705,-4.175271593689053,1729184.0,-5.036380541174623,202605,202607,202605,OK_WITH_FALLBACK
6722,輝創,202605,393259.0,-9.086726850299955,-4.121522122858174,2042555.0,-6.108419446181003,202605,202607,202605,OK_WITH_FALLBACK
6742,澤米,202605,30448.0,-50.91090832876536,-0.8337675872850443,146851.0,-46.21630530325227,202605,202607,202605,OK_WITH_FALLBACK
6743,安普新,202605,320811.0,-19.850949863591392,-29.358412292271748,1857401.0,-5.799079393673824,202605,202607,202605,OK_WITH_FALLBACK
6753,龍德造船,202605,522031.0,26.91386658303491,6.969839165438909,2334971.0,18.24571816048903,202605,202607,202605,OK_WITH_FALLBACK
6754,匯僑設計,202605,261679.0,-19.414701145283825,0.4071092556922392,1124330.0,-17.925227300101835,202605,202607,202605,OK_WITH_FALLBACK
6756,威鋒電子,202605,182330.0,20.99755124793449,8.282902668321624,765603.0,10.447616931772608,202605,202607,202605,OK_WITH_FALLBACK
6757,台灣虎航,202605,1519136.0,21.731200864142032,-8.034988373733173,8708921.0,21.247185282805464,202605,202607,202605,OK_WITH_FALLBACK
6768,志強-KY,202605,1820279.0,-1.9562123841563979,-14.335578934488527,9302181.0,-5.758048883084405,202605,202607,202605,OK_WITH_FALLBACK
6770,力積電,202605,5770374.0,58.86220189113607,14.35810713728683,24388717.0,31.418589310230033,202605,202607,202605,OK_WITH_FALLBACK
6771,平和環保-創,202605,49503.0,-5.882464779360039,4.234397372189,228481.0,-14.719165708654952,202605,202607,202605,OK_WITH_FALLBACK
6776,展碁國際,202605,3077924.0,52.059623862982896,0.5972249776199965,13917830.0,31.133965562921894,202605,202607,202605,OK_WITH_FALLBACK
6781,AES-KY,202605,1600458.0,20.863899373348982,5.117701418485832,7652842.0,26.102505179405238,202605,202607,202605,OK_WITH_FALLBACK
6782,視陽,202605,444825.0,22.780456702172,19.810113797050704,2044913.0,19.327640374955653,202605,202607,202605,OK_WITH_FALLBACK
6789,采鈺,202605,814486.0,16.135149702135667,5.225175410604865,3936970.0,7.719971905585475,202605,202607,202605,OK_WITH_FALLBACK
6790,永豐實,202605,896568.0,-2.902312948156042,-7.366515612698452,4488519.0,-0.5131359341441196,202605,202607,202605,OK_WITH_FALLBACK
6792,詠業,202605,130461.0,16.286801736355613,5.95214891336127,591745.0,5.779440628943859,202605,202607,202605,OK_WITH_FALLBACK
6794,向榮生技,202605,1425.0,52.406417112299465,-24.762407602956706,9597.0,-41.03225806451613,202605,202607,202605,OK_WITH_FALLBACK
6796,晉弘,202605,52909.0,-7.054896794027229,-1.969539761357741,254297.0,8.689724147953122,202605,202607,202605,OK_WITH_FALLBACK
6799,來頡,202605,84629.0,2.881143704640222,-8.894295464576762,419908.0,1.5538728315311634,202605,202607,202605,OK_WITH_FALLBACK
6805,富世達,202605,1180335.0,37.2169831061758,-12.769699769053117,6717314.0,69.51536064934193,202605,202607,202605,OK_WITH_FALLBACK
6806,森崴能源,202605,776166.0,8.169963333207905,-26.2531200325329,6018497.0,-22.633799501827493,202605,202607,202605,OK_WITH_FALLBACK
6807,峰源-KY,202605,292986.0,-20.157730082080686,-0.9278733980319886,1405290.0,-27.427101236118457,202605,202607,202605,OK_WITH_FALLBACK
6830,汎銓,202605,217107.0,19.422762751860592,2.5153461138917743,1007613.0,22.487375794103276,202605,202607,202605,OK_WITH_FALLBACK
6831,邁科,202605,330275.0,-10.756505972984439,54.968469060265384,1397782.0,14.691310819259986,202605,202607,202605,OK_WITH_FALLBACK
6834,天二科技,202605,189979.0,58.66754639450782,5.897468770728934,789119.0,30.20218719888066,202605,202607,202605,OK_WITH_FALLBACK
6835,圓裕,202605,179631.0,-19.28764316557107,-19.353593218969287,979012.0,-7.290705888814604,202605,202607,202605,OK_WITH_FALLBACK
6838,台新藥,202605,2348.0,-50.71368597816961,,47770.0,791.5640164240389,202605,202607,202605,OK_WITH_FALLBACK
6854,錼創科技-KY創,202605,53395.0,5.083444855545934,9.176600486637904,238106.0,-40.972869523828415,202605,202607,202605,OK_WITH_FALLBACK
6861,睿生光電,202605,265735.0,66.38490773960466,1.3636710405859018,1318936.0,49.1809916775815,202605,202607,202605,OK_WITH_FALLBACK
6862,三集瑞-KY,202605,130543.0,-35.00214098644706,-7.702369252741503,743221.0,-31.7655710478261,202605,202607,202605,OK_WITH_FALLBACK
6863,永道-KY,202605,428094.0,73.79305305207775,-18.084125204266343,2108066.0,20.435794819937556,202605,202607,202605,OK_WITH_FALLBACK
6869,雲豹能源,202605,544213.0,-27.764482264759014,1.2832252036968796,2745959.0,-12.657642427263182,202605,202607,202605,OK_WITH_FALLBACK
6873,泓德能源,202605,393912.0,-32.80234186684044,-8.549725007487133,2254628.0,-17.150598028851046,202605,202607,202605,OK_WITH_FALLBACK
6885,全福生技,202605,822.0,-27.894736842105264,7.310704960835509,4411.0,246.23233908948194,202605,202607,202605,OK_WITH_FALLBACK
6887,寶綠特-KY,202605,403725.0,2.0646782519883304,35.35010493425684,1559631.0,-27.88423791439961,202605,202607,202605,OK_WITH_FALLBACK
6890,來億-KY,202605,3611608.0,0.8621691183041699,-14.239131622077414,14900553.0,-16.770320079414926,202605,202607,202605,OK_WITH_FALLBACK
6901,鑽石投資,202605,692717.0,407.46017585207477,22.335208257909564,922681.0,190.75235418047765,202605,202607,202605,OK_WITH_FALLBACK
6902,GOGOLOOK,202605,100681.0,27.69970320387611,1.8605451124016106,502632.0,25.695394379828,202605,202607,202605,OK_WITH_FALLBACK
6906,現觀科,202605,23523.0,0.5643196101064512,7.479667367266746,124955.0,0.6273353949233347,202605,202607,202605,OK_WITH_FALLBACK
6908,宏碁遊戲-創,202605,389956.0,-27.98104394944807,-13.413919283785704,2000466.0,-1.7963642682907073,202605,202607,202605,OK_WITH_FALLBACK
6909,創控,202605,40927.0,51.31807594187895,11.272124194556973,179212.0,-1.1069540553366664,202605,202607,202605,OK_WITH_FALLBACK
6914,阜爾運通,202605,505313.0,6.863808720183903,6.10736873934334,2417721.0,8.256083390982544,202605,202607,202605,OK_WITH_FALLBACK
6916,華凌,202605,219836.0,44.11789771796065,10.533672556137686,924551.0,8.467125539226096,202605,202607,202605,OK_WITH_FALLBACK
6918,愛派司,202605,78876.0,27.184481674379604,-7.060376113493897,383129.0,14.616284392005289,202605,202607,202605,OK_WITH_FALLBACK
6919,康霈*,202605,0.0,,-100.0,3568.0,-70.78283655420897,202605,202607,202605,OK_WITH_FALLBACK
6921,嘉雨思-創,202605,9782.0,-34.990363527613475,666.6144200626959,39511.0,-60.59539244041089,202605,202607,202605,OK_WITH_FALLBACK
6923,中台,202605,116163.0,20.579839521679105,-2.254253546725905,539820.0,12.728115622435363,202605,202607,202605,OK_WITH_FALLBACK
6924,榮惠-KY創,202605,141793.0,3.9538123167155423,-31.13167225217349,819970.0,14.864902725479649,202605,202607,202605,OK_WITH_FALLBACK
6928,攸泰科技,202605,120743.0,1.7648694889969574,-7.4950584557865865,799126.0,-10.57999702353311,202605,202607,202605,OK_WITH_FALLBACK
6931,青松健康,202605,109590.0,14.552410419366977,3.6390459798377184,519958.0,16.186019905166674,202605,202607,202605,OK_WITH_FALLBACK
6933,AMAX-KY,202605,585033.0,72.60818382177219,-12.04296872063566,3070638.0,12.230469833637365,202605,202607,202605,OK_WITH_FALLBACK
6934,心誠鎂,202605,22.0,-98.81209503239741,-99.51187042378523,8214.0,-24.134109171515654,202605,202607,202605,OK_WITH_FALLBACK
6936,永鴻生技,202605,126130.0,19.266228547113613,-4.633368113838104,626810.0,13.864632588962138,202605,202607,202605,OK_WITH_FALLBACK
6937,天虹,202605,190796.0,19.919046661303298,24.52990281503528,926456.0,24.28277451498574,202605,202607,202605,OK_WITH_FALLBACK
6944,兆聯實業,202605,1671463.0,48.22914791405978,10.152219700384602,7895737.0,48.520659750143665,202605,202607,202605,OK_WITH_FALLBACK
6949,沛爾生醫-創,202605,2691.0,18.807947019867548,-9.424436216762032,12043.0,-22.11227525546501,202605,202607,202605,OK_WITH_FALLBACK
6951,青新-創,202605,77051.0,15.522204563854988,-1.6026868950016602,365138.0,22.46213493245328,202605,202607,202605,OK_WITH_FALLBACK
6952,大武山,202605,191622.0,17.665624827298238,-4.280890345268542,953603.0,35.74593838212874,202605,202607,202605,OK_WITH_FALLBACK
6955,邦睿生技-創,202605,30038.0,12.615753758482361,3.944909682330957,143321.0,14.524867352809563,202605,202607,202605,OK_WITH_FALLBACK
6957,裕慶-KY,202605,312233.0,21.157196683080528,-15.247810166473492,1689037.0,31.79035103530016,202605,202607,202605,OK_WITH_FALLBACK
6958,日盛台駿,202605,876508.0,-2.985345552751583,5.643721758792213,4273688.0,-10.022487598766162,202605,202607,202605,OK_WITH_FALLBACK
6962,奕力-KY,202605,1631488.0,14.215627248975798,-1.7306140150100588,7209411.0,-6.751388851702806,202605,202607,202605,OK_WITH_FALLBACK
6965,中傑-KY,202605,2118090.0,18.112488721796126,21.307731120639936,8649434.0,-10.445057139274711,202605,202607,202605,OK_WITH_FALLBACK
6969,成信實業*-創,202605,23620.0,1.6744866772846627,11.189568328390529,122840.0,-2.748749129140541,202605,202607,202605,OK_WITH_FALLBACK
6988,威力暘-創,202605,61077.0,4.194957180388276,-5.876098012020342,295217.0,-14.812335340745465,202605,202607,202605,OK_WITH_FALLBACK
6994,富威電力,202605,204216.0,26.706872161417618,3.940470494823743,1242290.0,73.89204692589477,202605,202607,202605,OK_WITH_FALLBACK
7610,聯友金屬-創,202605,615259.0,462.17814001937097,9.87062153450539,2177008.0,435.1662155750742,202605,202607,202605,OK_WITH_FALLBACK
7631,聚賢研發-創,202605,177800.0,140.81698992306858,31.25355263060762,721774.0,101.0361337726689,202605,202607,202605,OK_WITH_FALLBACK
7705,三商餐飲,202605,605868.0,0.5453199730493111,24.043469715333966,2698746.0,4.080019961796454,202605,202607,202605,OK_WITH_FALLBACK
7711,永擎,202605,2631479.0,17.11619051349061,60.650286291290016,13160830.0,34.07312718479063,202605,202607,202605,OK_WITH_FALLBACK
7721,微程式,202605,63812.0,72.32514177693761,4.136951874275829,268899.0,35.98132967883204,202605,202607,202605,OK_WITH_FALLBACK
7722,LINEPAY,202605,747084.0,17.191485356633045,13.685632938648617,3501622.0,15.070091231317166,202605,202607,202605,OK_WITH_FALLBACK
7730,暉盛-創,202605,14534.0,-68.95903635043355,-64.7899607539125,148044.0,-20.215569507693136,202605,202607,202605,OK_WITH_FALLBACK
7732,金興精密,202605,81961.0,-21.098029400155955,15.952465162339958,452628.0,-17.13524646436908,202605,202607,202605,OK_WITH_FALLBACK
7736,虎山,202605,154677.0,24.54666967276475,81.87879215464936,600800.0,-13.153337554243025,202605,202607,202605,OK_WITH_FALLBACK
7740,熙特爾-創,202605,1359522.0,1254.6047846317865,-19.29340276541029,6135408.0,1420.9203745156804,202605,202607,202605,OK_WITH_FALLBACK
7749,意騰-KY,202605,198541.0,73.6849472054308,3.8861621859204454,922968.0,64.05199366520502,202605,202607,202605,OK_WITH_FALLBACK
7750,新代,202605,2689787.0,88.25510096241669,-7.89583529512477,10474666.0,69.4277284799705,202605,202607,202605,OK_WITH_FALLBACK
7760,享溫馨,202605,89475.0,-10.44529631371921,8.920593570063422,568594.0,-3.7262043240698883,202605,202607,202605,OK_WITH_FALLBACK
7765,中華資安,202605,149890.0,3.1256235078811394,-39.02052041463931,993271.0,23.84925187032419,202605,202607,202605,OK_WITH_FALLBACK
7768,頌勝科技,202605,202563.0,18.90151559620103,15.968306129809756,936125.0,10.661968101454963,202605,202607,202605,OK_WITH_FALLBACK
7769,鴻勁,202605,4129556.0,83.64462145795709,-5.34292353109315,19217402.0,87.84549623036372,202605,202607,202605,OK_WITH_FALLBACK
7780,大研生醫*,202605,202685.0,29.15878083440071,17.95189627379435,838364.0,36.5315840558657,202605,202607,202605,OK_WITH_FALLBACK
7786,東方風能,202605,1478692.0,37.694024659720625,14.724491371371247,4540574.0,47.741852774006965,202605,202607,202605,OK_WITH_FALLBACK
7788,松川精密,202605,730713.0,43.08459601398903,4.578950908734413,3288554.0,20.301522574867583,202605,202607,202605,OK_WITH_FALLBACK
7791,皇家可口,202605,218370.0,-10.976216295547385,3.8457697483866977,914959.0,-9.11647320355445,202605,202607,202605,OK_WITH_FALLBACK
7795,長廣,202605,135999.0,24.513843111404086,-15.336632738817817,714382.0,-5.595559813670752,202605,202607,202605,OK_WITH_FALLBACK
7799,禾榮科,202605,504.0,-26.53061224489796,,3389.0,101.72619047619048,202605,202607,202605,OK_WITH_FALLBACK
7803,雲象科技-創,202605,16608.0,1440.6307977736549,1048.5477178423237,28854.0,2.7893555626803463,202605,202607,202605,OK_WITH_FALLBACK
7818,溢泰實業,202605,957075.0,-16.359703742544404,-9.480789583445645,4796819.0,-13.744970739255251,202605,202607,202605,OK_WITH_FALLBACK
7821,神數,202605,795989.0,61.38619682900126,12.477232230541947,3994313.0,20.236824503512604,202605,202607,202605,OK_WITH_FALLBACK
7822,倍利科,202605,242740.0,79.808739323995,1.6750369647442207,1165924.0,103.34441394273198,202605,202607,202605,OK_WITH_FALLBACK
7823,奧義賽博-KY創,202605,28144.0,3.027418823443277,-3.5040800932592746,148262.0,19.221923800640088,202605,202607,202605,OK_WITH_FALLBACK
7827,漢康-KY創,202605,0.0,,-100.0,9542.0,,202605,202607,202605,OK_WITH_FALLBACK
8011,台通,202605,145992.0,-28.67095967245473,41.391132546923124,687605.0,-15.25372549357937,202605,202607,202605,OK_WITH_FALLBACK
8016,矽創,202605,2147140.0,39.84375254415016,1.8801280749469993,9583428.0,29.45008526061219,202605,202607,202605,OK_WITH_FALLBACK
8021,尖點,202605,620455.0,86.29485062302957,18.18730761025266,2484995.0,61.13939071679614,202605,202607,202605,OK_WITH_FALLBACK
8028,昇陽半導體,202605,478852.0,46.03375977798448,2.9271291436137514,2247479.0,27.32978865040494,202605,202607,202605,OK_WITH_FALLBACK
8033,雷虎,202605,117063.0,-9.556369367698869,6.9771904814124355,601749.0,6.26669939586376,202605,202607,202605,OK_WITH_FALLBACK
8039,台虹,202605,914405.0,0.6099942675502634,-3.3943841425664583,4276415.0,4.419958978365972,202605,202607,202605,OK_WITH_FALLBACK
8045,達運光電,202605,113502.0,9.020180384397422,-51.51455605630193,802411.0,50.13967813218622,202605,202607,202605,OK_WITH_FALLBACK
8046,南電,202605,4440287.0,35.82115712146276,-0.23748235452183702,20068385.0,34.51929645907603,202605,202607,202605,OK_WITH_FALLBACK
8070,長華*,202605,1973145.0,26.3445129018171,-3.7023787620052055,9444548.0,23.22387346200896,202605,202607,202605,OK_WITH_FALLBACK
8072,陞泰,202605,125490.0,31.37287745231465,-0.9636101048843431,610764.0,25.916961651613327,202605,202607,202605,OK_WITH_FALLBACK
8081,致新,202605,748704.0,-3.2844612661956,0.41967608892465547,3605537.0,-2.8802164815604945,202605,202607,202605,OK_WITH_FALLBACK
8101,華冠,202605,28512.0,-14.473407925128235,-6.2382847183399655,141023.0,-4.642026398355513,202605,202607,202605,OK_WITH_FALLBACK
8103,瀚荃,202605,349969.0,22.3620769830531,-5.8929666240010325,1631936.0,22.693652309242232,202605,202607,202605,OK_WITH_FALLBACK
8104,錸寶,202605,275089.0,-33.29655727608231,-2.9439056143780014,1032957.0,-34.01200098890295,202605,202607,202605,OK_WITH_FALLBACK
8105,凌巨,202605,731239.0,-4.189017439498959,6.263423906251362,3546690.0,0.4245267926438763,202605,202607,202605,OK_WITH_FALLBACK
8110,華東,202605,644394.0,19.987263803132656,0.8905505819578962,3253098.0,12.737615177429037,202605,202607,202605,OK_WITH_FALLBACK
8112,至上,202605,53921149.0,253.17875062011288,53.791970844036676,199146786.0,136.89405575937286,202605,202607,202605,OK_WITH_FALLBACK
8114,振樺電,202605,1478529.0,-17.060190625993954,-13.726823108737666,6731069.0,-33.2349672595809,202605,202607,202605,OK_WITH_FALLBACK
8131,福懋科,202605,1052624.0,49.61290001634533,5.4360531795867795,4995593.0,37.08504795074634,202605,202607,202605,OK_WITH_FALLBACK
8150,南茂,202605,2384258.0,17.720730875784,-3.0981658922945368,11780374.0,25.07745690565435,202605,202607,202605,OK_WITH_FALLBACK
8162,微矽電子-創,202605,114530.0,-3.9121424915892713,9.790350566063058,502211.0,-3.5128099213248927,202605,202607,202605,OK_WITH_FALLBACK
8163,達方,202605,2580590.0,16.4104343056194,-0.4248340793332304,11196928.0,11.22917221102506,202605,202607,202605,OK_WITH_FALLBACK
8201,無敵,202605,40322.0,20.5476994827947,1.405829540024646,201086.0,9.112712434614632,202605,202607,202605,OK_WITH_FALLBACK
8210,勤誠,202605,2517084.0,37.30562656079703,21.81647124414168,11690668.0,46.83490884007427,202605,202607,202605,OK_WITH_FALLBACK
8213,志超,202605,1729169.0,13.486808858062814,-4.194475625445322,8380257.0,7.854459632266182,202605,202607,202605,OK_WITH_FALLBACK
8215,明基材,202605,1631448.0,15.962788370228422,-2.6032593576087697,7852769.0,4.009593057946822,202605,202607,202605,OK_WITH_FALLBACK
8222,寶一,202605,79197.0,-19.13474989023556,-20.763381690845424,413575.0,-3.9555697989819047,202605,202607,202605,OK_WITH_FALLBACK
8249,菱光,202605,256486.0,-13.886370809075832,-35.19136646292314,1641705.0,-0.5400398274829019,202605,202607,202605,OK_WITH_FALLBACK
8261,富鼎,202605,296825.0,1.1514895415170083,4.547872059398478,1362283.0,6.50391058657235,202605,202607,202605,OK_WITH_FALLBACK
8271,宇瞻,202605,3022791.0,224.4323115280713,-19.172215994900252,13804767.0,264.0054138973574,202605,202607,202605,OK_WITH_FALLBACK
8341,日友,202605,387554.0,35.33614560489447,3.9263955034968037,1855112.0,19.987167645909818,202605,202607,202605,OK_WITH_FALLBACK
8367,建新國際,202605,258617.0,-7.823114703848649,-9.437364961637725,1328685.0,1.3138079461361618,202605,202607,202605,OK_WITH_FALLBACK
8374,羅昇,202605,541091.0,42.47823030194512,-8.425160736740382,2506710.0,38.203641014897066,202605,202607,202605,OK_WITH_FALLBACK
8404,百和興業-KY,202605,615949.0,5.13730430211043,-9.675891437855974,3201846.0,0.20555331961726023,202605,202607,202605,OK_WITH_FALLBACK
8411,福貞-KY,202605,791298.0,11.76778006282628,4.1062404698409525,4277867.0,22.106711682190706,202605,202607,202605,OK_WITH_FALLBACK
8422,可寧衛*,202605,1272922.0,199.60552268244575,227.59226803991055,2776245.0,19.423745247238248,202605,202607,202605,OK_WITH_FALLBACK
8429,金麗-KY,202605,15772.0,-3.588238889907696,10.278282757656271,52961.0,-14.474194173503003,202605,202607,202605,OK_WITH_FALLBACK
8438,昶昕,202605,445914.0,49.77227536543422,2.2644711494358316,2048546.0,38.09829735397874,202605,202607,202605,OK_WITH_FALLBACK
8442,威宏-KY,202605,736545.0,13.386310420896905,-0.44348265673279935,3463210.0,4.620988664279733,202605,202607,202605,OK_WITH_FALLBACK
8443,阿瘦,202605,89058.0,-12.653125275846174,11.94941673370877,453712.0,-5.596441181917109,202605,202607,202605,OK_WITH_FALLBACK
8454,富邦媒,202605,8987078.0,4.102159391567717,8.52848748443245,43861391.0,1.5056612142390478,202605,202607,202605,OK_WITH_FALLBACK
8462,柏文,202605,591982.0,20.06238566346626,1.8675715718885135,2800021.0,20.26176494842527,202605,202607,202605,OK_WITH_FALLBACK
8463,潤泰材,202605,566688.0,-9.061469457839543,-9.912104018987694,2906372.0,-0.4424025455530751,202605,202607,202605,OK_WITH_FALLBACK
8464,億豐,202605,2584300.0,3.270629550033687,-1.5568890559891146,12514866.0,-0.257078874342658,202605,202607,202605,OK_WITH_FALLBACK
8466,美吉吉-KY,202605,212794.0,-11.641773691925042,2.2094776986848803,1067672.0,-26.25571296647403,202605,202607,202605,OK_WITH_FALLBACK
8467,波力-KY,202605,184816.0,-30.345641137740124,-21.091641903200465,980549.0,-5.272955790136708,202605,202607,202605,OK_WITH_FALLBACK
8473,山林水,202605,333275.0,2.6586045021623685,-3.0359896424311192,1966810.0,10.445057401039081,202605,202607,202605,OK_WITH_FALLBACK
8476,台境*,202605,69016.0,-53.884805559267676,-28.618414248184845,491937.0,-8.964449025591298,202605,202607,202605,OK_WITH_FALLBACK
8478,東哥遊艇,202605,2269.0,-99.65959706734397,-99.50555030137679,1890848.0,-15.032005985534957,202605,202607,202605,OK_WITH_FALLBACK
8481,政伸,202605,98660.0,11.519289242559541,-2.396074474189272,479723.0,-3.2502485685877875,202605,202607,202605,OK_WITH_FALLBACK
8482,商億-KY,202605,315384.0,30.790922964634067,12.912568873358943,1488700.0,12.095670232263252,202605,202607,202605,OK_WITH_FALLBACK
8487,愛爾達-創,202605,90819.0,-2.1484059345134843,4.4797238999137186,564329.0,30.753386252948346,202605,202607,202605,OK_WITH_FALLBACK
8488,吉源-KY,202605,388918.0,74.87241514201824,18.04459930736614,1731208.0,61.865180914732264,202605,202607,202605,OK_WITH_FALLBACK
8499,鼎炫-KY,202605,332066.0,85.65278647463995,-0.31281146054733,1574764.0,81.46937317423094,202605,202607,202605,OK_WITH_FALLBACK
8926,台汽電,202605,7279773.0,768.1692744359109,7.263497609260782,27766064.0,616.566147372898,202605,202607,202605,OK_WITH_FALLBACK
8940,新天地,202605,120306.0,-6.296440532751772,42.62545790802717,828696.0,2.488705410643195,202605,202607,202605,OK_WITH_FALLBACK
8996,高力,202605,631677.0,40.025403665576036,-33.422745650240095,5003436.0,153.33853164556962,202605,202607,202605,OK_WITH_FALLBACK
9105,泰金寶-DR,202605,11098863.0,-4.055082174002608,5.584940561004571,50660507.0,-8.242901755683684,202605,202607,202605,OK_WITH_FALLBACK
912000,晨訊科-DR,202605,128722.0,-4.533689323988579,40.48479160072904,596522.0,-17.933231894386097,202605,202607,202605,OK_WITH_FALLBACK
9802,鈺齊-KY,202605,1598843.0,-19.5765963525738,-2.2370888616992852,6908882.0,-3.327364126381516,202605,202607,202605,OK_WITH_FALLBACK
9902,台火,202605,2176.0,-94.03819282720075,-77.2027239392352,34434.0,-68.43726225285755,202605,202607,202605,OK_WITH_FALLBACK
9904,寶成,202605,21701839.0,0.17235108126197235,-2.8759746263727117,107138026.0,-2.7934381658066743,202605,202607,202605,OK_WITH_FALLBACK
9905,大華,202605,895638.0,20.03618623850752,7.272056551390429,3992963.0,16.854885840820106,202605,202607,202605,OK_WITH_FALLBACK
9906,欣巴巴,202605,134650.0,75.87513061650992,-3.409539249513999,1090434.0,590.8083041387655,202605,202607,202605,OK_WITH_FALLBACK
9907,統一實,202605,3500161.0,-20.93333676692762,-0.46565711256759496,17459427.0,-13.910579050728943,202605,202607,202605,OK_WITH_FALLBACK
9908,大台北,202605,291000.0,-2.2666742793426677,2.3527053121405785,1512802.0,-1.0851975187639067,202605,202607,202605,OK_WITH_FALLBACK
9910,豐泰,202605,6720476.0,11.741745871044195,-1.458458151110376,32775317.0,-3.617622768640892,202605,202607,202605,OK_WITH_FALLBACK
9911,櫻花,202605,855526.0,8.667200142260159,0.07486378300732495,4620543.0,6.2186956037984125,202605,202607,202605,OK_WITH_FALLBACK
9912,偉聯,202605,35058.0,-10.135342971393417,-9.681574608408903,186982.0,-7.678254901670345,202605,202607,202605,OK_WITH_FALLBACK
9914,美利達,202605,2285619.0,18.3406864179096,4.39800815956648,9968697.0,-17.33260899382874,202605,202607,202605,OK_WITH_FALLBACK
9917,中保科,202605,1593940.0,1.4145121103920066,0.2508882349204472,7866839.0,1.4292311953035512,202605,202607,202605,OK_WITH_FALLBACK
9918,欣天然,202605,192952.0,11.210886392585634,-1.9049410520643217,1024342.0,-3.483606171217943,202605,202607,202605,OK_WITH_FALLBACK
9919,康那香,202605,211751.0,-1.432767456907587,-1.8235010478292317,1105035.0,1.262116705245853,202605,202607,202605,OK_WITH_FALLBACK
9921,巨大,202605,5357327.0,5.813919497844151,-3.4234539231624264,23428278.0,-15.260306341136227,202605,202607,202605,OK_WITH_FALLBACK
9924,福興,202605,620958.0,-8.880028996013047,3.0232141435056143,2706747.0,-10.822254809936785,202605,202607,202605,OK_WITH_FALLBACK
9925,新保,202605,689884.0,4.066517228167246,2.903254676173145,3478049.0,5.165653224318988,202605,202607,202605,OK_WITH_FALLBACK
9926,新海,202605,208525.0,0.35517140148324966,-0.1584823993564944,1119690.0,-0.8813380474945248,202605,202607,202605,OK_WITH_FALLBACK
9927,泰銘,202605,846270.0,19.93520463261367,3.754569997278231,3836092.0,10.619378689266775,202605,202607,202605,OK_WITH_FALLBACK
9928,中視,202605,63013.0,-10.301779359430604,3.750720342471392,350919.0,2.688363981131413,202605,202607,202605,OK_WITH_FALLBACK
9929,秋雨,202605,49357.0,1.4532374100719425,-20.95924413483866,284604.0,5.580163376143521,202605,202607,202605,OK_WITH_FALLBACK
9930,中聯資源,202605,1187666.0,-5.5509210182056465,4.585625823359094,5609867.0,-6.5308026628522775,202605,202607,202605,OK_WITH_FALLBACK
9931,欣高,202605,129365.0,13.164386437594038,-8.695989723755346,700529.0,2.520839918981888,202605,202607,202605,OK_WITH_FALLBACK
9933,中鼎,202605,6895783.0,-2.594615866615966,8.963252187708381,30423402.0,-19.292179777391233,202605,202607,202605,OK_WITH_FALLBACK
9934,成霖,202605,1552362.0,4.432783709055682,-0.9248474489948961,7795077.0,5.279964279448487,202605,202607,202605,OK_WITH_FALLBACK
9935,慶豐富,202605,444076.0,16.472229799198473,7.677236951218921,2063504.0,6.000865059901803,202605,202607,202605,OK_WITH_FALLBACK
9937,全國,202605,2203616.0,18.88316668446988,6.482194224702085,9676582.0,1.063515685469902,202605,202607,202605,OK_WITH_FALLBACK
9938,百和,202605,1212931.0,4.40649750072951,-9.076932187622516,6586066.0,-3.191559729150749,202605,202607,202605,OK_WITH_FALLBACK
9939,宏全,202605,2880317.0,10.805544591630332,3.363167789839873,12526709.0,1.5651054178989976,202605,202607,202605,OK_WITH_FALLBACK
9940,信義,202605,1032988.0,36.90410239962679,9.63051011148905,4852044.0,29.76519719343852,202605,202607,202605,OK_WITH_FALLBACK
9941,裕融,202605,3339278.0,0.5738769432423837,0.7805237857244608,16225908.0,-2.0885146328295465,202605,202607,202605,OK_WITH_FALLBACK
9942,茂順,202605,381477.0,10.767287562246839,-7.016474797873559,1870642.0,13.039563563234505,202605,202607,202605,OK_WITH_FALLBACK
9943,好樂迪,202605,183735.0,-1.2623331398723157,6.83882447346692,986450.0,-7.0778870899068185,202605,202607,202605,OK_WITH_FALLBACK
9944,新麗,202605,224002.0,7.340284832569819,-6.52913218915998,1164267.0,7.971755724482916,202605,202607,202605,OK_WITH_FALLBACK
9945,潤泰新,202605,5231795.0,72.00284315533695,32.83347026820616,17966570.0,43.467741504022214,202605,202607,202605,OK_WITH_FALLBACK
9946,三發地產,202605,105286.0,312.15893521237035,-58.02813644862049,2642160.0,4373.536283905049,202605,202607,202605,OK_WITH_FALLBACK
9955,佳龍,202605,125830.0,-3.689246077305779,-8.047236959413045,708573.0,33.174642852444165,202605,202607,202605,OK_WITH_FALLBACK
9958,世紀鋼,202605,1708140.0,28.97833069810218,-3.2816430807594372,8042587.0,22.265374638034558,202605,202607,202605,OK_WITH_FALLBACK
