trade_date,stock_id,stock_name,industry,sub_industry,industry_source,sector_strength_mode,stock_return_5d,stock_return_20d,market_return_5d,market_return_20d,sector_return_5d,sector_return_20d,relative_strength_5d,relative_strength_20d,sector_strength_score,sector_strength_rank,sector_strength_warning
2026-06-10,00400A,主動國泰動能高息,ETF,主動式 ETF,rule_based_etf_mapping,industry_relative,-0.06990679094540608,,-0.04176069865729415,,-0.04635716433702553,,-0.02354962660838055,,52.0,1,
2026-06-10,00401A,主動摩根台灣鑫收,ETF,主動式 ETF,rule_based_etf_mapping,industry_relative,-0.05440229062276303,,-0.04176069865729415,,-0.04635716433702553,,-0.008045126285737496,,58.0,1,
2026-06-10,00402A,主動安聯美國科技,全市場,,,market_relative_fallback,,,-0.04176069865729415,,-0.04176069865729415,,,,58.0,1,缺少產業分類，使用全市場相對強弱
2026-06-10,00403A,主動統一升級50,ETF,主動式 ETF,rule_based_etf_mapping,industry_relative,-0.06950880444856344,,-0.04176069865729415,,-0.04635716433702553,,-0.023151640111537912,,52.0,1,
2026-06-10,00404A,主動聯博動能50,全市場,,,market_relative_fallback,,,-0.04176069865729415,,-0.04176069865729415,,,,58.0,1,缺少產業分類，使用全市場相對強弱
2026-06-10,00405A,主動富邦台灣龍耀,全市場,,,market_relative_fallback,,,-0.04176069865729415,,-0.04176069865729415,,,,58.0,1,缺少產業分類，使用全市場相對強弱
2026-06-10,0050,元大台灣50,ETF,台股 ETF,rule_based_etf_mapping,industry_relative,-0.06830855018587356,,-0.04176069865729415,,-0.04635716433702553,,-0.02195138584884803,,52.0,1,
2026-06-10,0051,元大中型100,ETF,台股 ETF,rule_based_etf_mapping,industry_relative,-0.0785109983079526,,-0.04176069865729415,,-0.04635716433702553,,-0.032153833970927075,,52.0,1,
2026-06-10,0052,富邦科技,ETF,科技主題 ETF,rule_based_etf_mapping,industry_relative,-0.08411949685534592,,-0.04176069865729415,,-0.04635716433702553,,-0.03776233251832039,,52.0,1,
2026-06-10,0053,元大電子,ETF,台股 ETF,rule_based_etf_mapping,industry_relative,-0.08531187122736417,,-0.04176069865729415,,-0.04635716433702553,,-0.038954706890338635,,52.0,1,
2026-06-10,0055,元大MSCI金融,ETF,海外市場 ETF,rule_based_etf_mapping,industry_relative,0.024346024346024286,,-0.04176069865729415,,-0.04635716433702553,,0.07070318868304981,,66.0,1,
2026-06-10,0056,元大高股息,ETF,高股息 ETF,rule_based_etf_mapping,industry_relative,-0.07769516728624537,,-0.04176069865729415,,-0.04635716433702553,,-0.03133800294921984,,52.0,1,
2026-06-10,0057,富邦摩台,ETF,台股 ETF,rule_based_etf_mapping,industry_relative,-0.08003132341425223,,-0.04176069865729415,,-0.04635716433702553,,-0.0336741590772267,,52.0,1,
2026-06-10,0061,元大寶滬深,ETF,海外市場 ETF,rule_based_etf_mapping,industry_relative,-0.0460086511993707,,-0.04176069865729415,,-0.04635716433702553,,0.00034851313765483366,,62.0,1,
2026-06-10,006203,元大MSCI台灣,ETF,海外市場 ETF,rule_based_etf_mapping,industry_relative,-0.05897435897435899,,-0.04176069865729415,,-0.04635716433702553,,-0.012617194637333455,,58.0,1,
2026-06-10,006204,永豐臺灣加權,ETF,台股 ETF,rule_based_etf_mapping,industry_relative,-0.058394160583941535,,-0.04176069865729415,,-0.04635716433702553,,-0.012036996246916003,,58.0,1,
2026-06-10,006205,富邦上証,ETF,海外市場 ETF,rule_based_etf_mapping,industry_relative,-0.03445765590876004,,-0.04176069865729415,,-0.04635716433702553,,0.011899508428265489,,62.0,1,
2026-06-10,006206,元大上證50,ETF,海外市場 ETF,rule_based_etf_mapping,industry_relative,-0.01961318441841453,,-0.04176069865729415,,-0.04635716433702553,,0.026743979918611,,66.0,1,
2026-06-10,006207,復華滬深,ETF,海外市場 ETF,rule_based_etf_mapping,industry_relative,-0.04310850439882696,,-0.04176069865729415,,-0.04635716433702553,,0.0032486599381985684,,62.0,1,
2026-06-10,006208,富邦台50,ETF,台股 ETF,rule_based_etf_mapping,industry_relative,-0.06732315112540188,,-0.04176069865729415,,-0.04635716433702553,,-0.02096598678837635,,52.0,1,
2026-06-10,00625K,富邦上証+R,ETF,海外市場 ETF,rule_based_etf_mapping,industry_relative,,,-0.04176069865729415,,-0.04635716433702553,,,,58.0,1,
2026-06-10,00631L,元大台灣50正2,ETF,槓桿反向 ETF,rule_based_etf_mapping,industry_relative,-0.14762876083630794,,-0.04176069865729415,,-0.04635716433702553,,-0.10127159649928241,,52.0,1,
2026-06-10,00632R,元大台灣50反1,ETF,槓桿反向 ETF,rule_based_etf_mapping,industry_relative,0.07984031936127756,,-0.04176069865729415,,-0.04635716433702553,,0.12619748369830308,,66.0,1,
2026-06-10,00633L,富邦上証正2,ETF,槓桿反向 ETF,rule_based_etf_mapping,industry_relative,-0.1014388489208633,,-0.04176069865729415,,-0.04635716433702553,,-0.05508168458383777,,52.0,1,
2026-06-10,00634R,富邦上証反1,ETF,槓桿反向 ETF,rule_based_etf_mapping,industry_relative,0.057432432432432456,,-0.04176069865729415,,-0.04635716433702553,,0.10378959676945798,,66.0,1,
2026-06-10,00635U,期元大S&P黃金,ETF,期貨商品 ETF,rule_based_etf_mapping,industry_relative,-0.06445396145610294,,-0.04176069865729415,,-0.04635716433702553,,-0.018096797119077405,,58.0,1,
2026-06-10,00636,國泰中國A50,ETF,海外市場 ETF,rule_based_etf_mapping,industry_relative,-0.03998644527278894,,-0.04176069865729415,,-0.04635716433702553,,0.006370719064236592,,62.0,1,
2026-06-10,00636K,國泰中國A50+U,ETF,海外市場 ETF,rule_based_etf_mapping,industry_relative,-0.02685284640171859,,-0.04176069865729415,,-0.04635716433702553,,0.019504317935306943,,62.0,1,
2026-06-10,00637L,元大滬深300正2,ETF,槓桿反向 ETF,rule_based_etf_mapping,industry_relative,-0.10060975609756106,,-0.04176069865729415,,-0.04635716433702553,,-0.05425259176053553,,52.0,1,
2026-06-10,00638R,元大滬深300反1,ETF,槓桿反向 ETF,rule_based_etf_mapping,industry_relative,0.06190476190476191,,-0.04176069865729415,,-0.04635716433702553,,0.10826192624178743,,66.0,1,
2026-06-10,00639,富邦深100,ETF,海外市場 ETF,rule_based_etf_mapping,industry_relative,-0.06023454157782526,,-0.04176069865729415,,-0.04635716433702553,,-0.01387737724079973,,58.0,1,
2026-06-10,00640L,富邦日本正2,ETF,槓桿反向 ETF,rule_based_etf_mapping,industry_relative,-0.07986609277857482,,-0.04176069865729415,,-0.04635716433702553,,-0.033508928441549284,,52.0,1,
2026-06-10,00641R,富邦日本反1,ETF,槓桿反向 ETF,rule_based_etf_mapping,industry_relative,0.04210526315789487,,-0.04176069865729415,,-0.04635716433702553,,0.08846242749492039,,66.0,1,
2026-06-10,00642U,期元大S&P石油,ETF,期貨商品 ETF,rule_based_etf_mapping,industry_relative,-0.05381016042780762,,-0.04176069865729415,,-0.04635716433702553,,-0.007452996090782087,,58.0,1,
2026-06-10,00643,群益深証中小,ETF,海外市場 ETF,rule_based_etf_mapping,industry_relative,-0.05406746031746035,,-0.04176069865729415,,-0.04635716433702553,,-0.007710295980434816,,58.0,1,
2026-06-10,00643K,群益深証中小+R,ETF,海外市場 ETF,rule_based_etf_mapping,industry_relative,,,-0.04176069865729415,,-0.04635716433702553,,,,58.0,1,
2026-06-10,00645,富邦日本,ETF,海外市場 ETF,rule_based_etf_mapping,industry_relative,-0.04081632653061229,,-0.04176069865729415,,-0.04635716433702553,,0.005540837806413242,,62.0,1,
2026-06-10,00646,元大S&P500,ETF,海外市場 ETF,rule_based_etf_mapping,industry_relative,-0.027260638297872286,,-0.04176069865729415,,-0.04635716433702553,,0.019096526039153246,,62.0,1,
2026-06-10,00647L,元大S&P500正2,ETF,槓桿反向 ETF,rule_based_etf_mapping,industry_relative,-0.061978977890539966,,-0.04176069865729415,,-0.04635716433702553,,-0.015621813553514434,,58.0,1,
2026-06-10,00648R,元大S&P500反1,ETF,槓桿反向 ETF,rule_based_etf_mapping,industry_relative,0.03816793893129766,,-0.04176069865729415,,-0.04635716433702553,,0.08452510326832319,,66.0,1,
2026-06-10,00650L,復華香港正2,ETF,槓桿反向 ETF,rule_based_etf_mapping,industry_relative,-0.09271137026239051,,-0.04176069865729415,,-0.04635716433702553,,-0.04635420592536498,,52.0,1,
2026-06-10,00651R,復華香港反1,ETF,槓桿反向 ETF,rule_based_etf_mapping,industry_relative,0.05576923076923079,,-0.04176069865729415,,-0.04635716433702553,,0.10212639510625632,,66.0,1,
2026-06-10,00652,富邦印度,ETF,海外市場 ETF,rule_based_etf_mapping,industry_relative,0.010187838268067573,,-0.04176069865729415,,-0.04635716433702553,,0.056545002605093105,,66.0,1,
2026-06-10,00653L,富邦印度正2,ETF,槓桿反向 ETF,rule_based_etf_mapping,industry_relative,0.008515535097813443,,-0.04176069865729415,,-0.04635716433702553,,0.054872699434838974,,66.0,1,
2026-06-10,00654R,富邦印度反1,ETF,槓桿反向 ETF,rule_based_etf_mapping,industry_relative,-0.004279600570613273,,-0.04176069865729415,,-0.04635716433702553,,0.04207756376641226,,66.0,1,
2026-06-10,00655L,國泰中國A50正2,ETF,槓桿反向 ETF,rule_based_etf_mapping,industry_relative,-0.1025706940874036,,-0.04176069865729415,,-0.04635716433702553,,-0.05621352975037807,,52.0,1,
2026-06-10,00656R,國泰中國A50反1,ETF,槓桿反向 ETF,rule_based_etf_mapping,industry_relative,0.06283662477558338,,-0.04176069865729415,,-0.04635716433702553,,0.10919378911260891,,66.0,1,
2026-06-10,00657,國泰日經225,ETF,海外市場 ETF,rule_based_etf_mapping,industry_relative,-0.06562500000000004,,-0.04176069865729415,,-0.04635716433702553,,-0.019267835662974513,,58.0,1,
2026-06-10,00657K,國泰日經225+U,ETF,海外市場 ETF,rule_based_etf_mapping,industry_relative,-0.07653260445138621,,-0.04176069865729415,,-0.04635716433702553,,-0.03017544011436068,,52.0,1,
2026-06-10,00660,元大歐洲50,ETF,海外市場 ETF,rule_based_etf_mapping,industry_relative,0.00022568269013767406,,-0.04176069865729415,,-0.04635716433702553,,0.046582847027163206,,66.0,1,
2026-06-10,00661,元大日經225,ETF,海外市場 ETF,rule_based_etf_mapping,industry_relative,-0.06677985285795118,,-0.04176069865729415,,-0.04635716433702553,,-0.02042268852092565,,52.0,1,
2026-06-10,00662,富邦NASDAQ,ETF,科技主題 ETF,rule_based_etf_mapping,industry_relative,-0.05163372327551441,,-0.04176069865729415,,-0.04635716433702553,,-0.0052765589384888775,,58.0,1,
2026-06-10,00663L,國泰臺灣加權正2,ETF,槓桿反向 ETF,rule_based_etf_mapping,industry_relative,-0.14678899082568808,,-0.04176069865729415,,-0.04635716433702553,,-0.10043182648866256,,52.0,1,
2026-06-10,00664R,國泰臺灣加權反1,ETF,槓桿反向 ETF,rule_based_etf_mapping,industry_relative,0.08024691358024683,,-0.04176069865729415,,-0.04635716433702553,,0.12660407791727235,,66.0,1,
2026-06-10,00665L,富邦恒生國企正2,ETF,槓桿反向 ETF,rule_based_etf_mapping,industry_relative,-0.06224066390041505,,-0.04176069865729415,,-0.04635716433702553,,-0.015883499563389518,,58.0,1,
2026-06-10,00666R,富邦恒生國企反1,ETF,槓桿反向 ETF,rule_based_etf_mapping,industry_relative,0.03880266075388028,,-0.04176069865729415,,-0.04635716433702553,,0.0851598250909058,,66.0,1,
2026-06-10,00668,國泰美國道瓊,ETF,海外市場 ETF,rule_based_etf_mapping,industry_relative,-0.0034042553191490077,,-0.04176069865729415,,-0.04635716433702553,,0.042952909017876524,,66.0,1,
2026-06-10,00668K,國泰美國道瓊+U,ETF,海外市場 ETF,rule_based_etf_mapping,industry_relative,-0.007999999999999896,,-0.04176069865729415,,-0.04635716433702553,,0.038357164337025636,,66.0,1,
2026-06-10,00669R,國泰美國道瓊反1,ETF,槓桿反向 ETF,rule_based_etf_mapping,industry_relative,0.016853932584269593,,-0.04176069865729415,,-0.04635716433702553,,0.06321109692129512,,66.0,1,
2026-06-10,00670L,富邦NASDAQ正2,ETF,槓桿反向 ETF,rule_based_etf_mapping,industry_relative,-0.11521352313167266,,-0.04176069865729415,,-0.04635716433702553,,-0.06885635879464713,,52.0,1,
2026-06-10,00671R,富邦NASDAQ反1,ETF,槓桿反向 ETF,rule_based_etf_mapping,industry_relative,0.05932203389830515,,-0.04176069865729415,,-0.04635716433702553,,0.10567919823533067,,66.0,1,
2026-06-10,00673R,期元大S&P原油反1,ETF,槓桿反向 ETF,rule_based_etf_mapping,industry_relative,0.0684818481848184,,-0.04176069865729415,,-0.04635716433702553,,0.11483901252184392,,66.0,1,
2026-06-10,00674R,期元大S&P黃金反1,ETF,槓桿反向 ETF,rule_based_etf_mapping,industry_relative,0.06912775968150564,,-0.04176069865729415,,-0.04635716433702553,,0.11548492401853117,,66.0,1,
2026-06-10,00675L,富邦臺灣加權正2,ETF,槓桿反向 ETF,rule_based_etf_mapping,industry_relative,-0.1475551709216789,,-0.04176069865729415,,-0.04635716433702553,,-0.10119800658465339,,52.0,1,
2026-06-10,00676R,富邦臺灣加權反1,ETF,槓桿反向 ETF,rule_based_etf_mapping,industry_relative,0.07803992740471877,,-0.04176069865729415,,-0.04635716433702553,,0.12439709174174429,,66.0,1,
2026-06-10,00678,群益那斯達克生技,ETF,科技主題 ETF,rule_based_etf_mapping,industry_relative,0.03607797497817877,,-0.04176069865729415,,-0.04635716433702553,,0.0824351393152043,,66.0,1,
2026-06-10,00680L,元大美債20正2,ETF,槓桿反向 ETF,rule_based_etf_mapping,industry_relative,-0.010159651669085501,,-0.04176069865729415,,-0.04635716433702553,,0.03619751266794003,,66.0,1,
2026-06-10,00681R,元大美債20反1,ETF,槓桿反向 ETF,rule_based_etf_mapping,industry_relative,0.008072174738841476,,-0.04176069865729415,,-0.04635716433702553,,0.05442933907586701,,66.0,1,
2026-06-10,00682U,期元大美元指數,ETF,期貨商品 ETF,rule_based_etf_mapping,industry_relative,,,-0.04176069865729415,,-0.04635716433702553,,,,58.0,1,
2026-06-10,00683L,期元大美元指正2,ETF,槓桿反向 ETF,rule_based_etf_mapping,industry_relative,0.012682010333489924,,-0.04176069865729415,,-0.04635716433702553,,0.059039174670515455,,66.0,1,
2026-06-10,00684R,期元大美元指反1,ETF,槓桿反向 ETF,rule_based_etf_mapping,industry_relative,-0.005270092226614009,,-0.04176069865729415,,-0.04635716433702553,,0.04108707211041152,,66.0,1,
2026-06-10,00685L,群益臺灣加權正2,ETF,槓桿反向 ETF,rule_based_etf_mapping,industry_relative,-0.14819546470776124,,-0.04176069865729415,,-0.04635716433702553,,-0.10183830037073571,,52.0,1,
2026-06-10,00686R,群益臺灣加權反1,ETF,槓桿反向 ETF,rule_based_etf_mapping,industry_relative,0.08080808080808088,,-0.04176069865729415,,-0.04635716433702553,,0.1271652451451064,,66.0,1,
2026-06-10,00688L,國泰20年美債正2,ETF,槓桿反向 ETF,rule_based_etf_mapping,industry_relative,-0.011611030478955064,,-0.04176069865729415,,-0.04635716433702553,,0.03474613385807047,,66.0,1,
2026-06-10,00689R,國泰20年美債反1,ETF,槓桿反向 ETF,rule_based_etf_mapping,industry_relative,0.007737824305871666,,-0.04176069865729415,,-0.04635716433702553,,0.0540949886428972,,66.0,1,
2026-06-10,00690,兆豐藍籌30,ETF,台股 ETF,rule_based_etf_mapping,industry_relative,-0.059040590405904037,,-0.04176069865729415,,-0.04635716433702553,,-0.012683426068878505,,58.0,1,
2026-06-10,00692,富邦公司治理,ETF,台股 ETF,rule_based_etf_mapping,industry_relative,-0.06226516371443924,,-0.04176069865729415,,-0.04635716433702553,,-0.01590799937741371,,58.0,1,
2026-06-10,00693U,期街口S&P黃豆,ETF,期貨商品 ETF,rule_based_etf_mapping,industry_relative,-0.04528650646950094,,-0.04176069865729415,,-0.04635716433702553,,0.0010706578675245895,,62.0,1,
2026-06-10,00700,富邦恒生國企,ETF,海外市場 ETF,rule_based_etf_mapping,industry_relative,-0.027453271028037518,,-0.04176069865729415,,-0.04635716433702553,,0.018903893308988014,,62.0,1,
2026-06-10,00701,國泰股利精選30,ETF,高股息 ETF,rule_based_etf_mapping,industry_relative,0.008681041725007166,,-0.04176069865729415,,-0.04635716433702553,,0.0550382060620327,,66.0,1,
2026-06-10,00702,國泰標普低波高息,ETF,高股息 ETF,rule_based_etf_mapping,industry_relative,0.017743979721166037,,-0.04176069865729415,,-0.04635716433702553,,0.06410114405819156,,66.0,1,
2026-06-10,00703,台新MSCI中國,ETF,海外市場 ETF,rule_based_etf_mapping,industry_relative,-0.04044489383215377,,-0.04176069865729415,,-0.04635716433702553,,0.00591227050487176,,62.0,1,
2026-06-10,00706L,期元大S&P日圓正2,ETF,槓桿反向 ETF,rule_based_etf_mapping,industry_relative,-0.0062893081761005165,,-0.04176069865729415,,-0.04635716433702553,,0.040067856160925015,,66.0,1,
2026-06-10,00707R,期元大S&P日圓反1,ETF,槓桿反向 ETF,rule_based_etf_mapping,industry_relative,,,-0.04176069865729415,,-0.04635716433702553,,,,58.0,1,
2026-06-10,00708L,期元大S&P黃金正2,ETF,槓桿反向 ETF,rule_based_etf_mapping,industry_relative,-0.12643020594965693,,-0.04176069865729415,,-0.04635716433702553,,-0.0800730416126314,,52.0,1,
2026-06-10,00709,富邦歐洲,ETF,海外市場 ETF,rule_based_etf_mapping,industry_relative,-0.011910926980838954,,-0.04176069865729415,,-0.04635716433702553,,0.03444623735618658,,66.0,1,
2026-06-10,00710B,復華彭博非投等債,ETF,債券 ETF,rule_based_etf_mapping,industry_relative,0.0037056643726840477,,-0.04176069865729415,,-0.04635716433702553,,0.05006282870970958,,66.0,1,
2026-06-10,00711B,復華彭博新興債,ETF,債券 ETF,rule_based_etf_mapping,industry_relative,-0.0006218905472635816,,-0.04176069865729415,,-0.04635716433702553,,0.04573527378976195,,66.0,1,
2026-06-10,00712,復華富時不動產,ETF,不動產 ETF,rule_based_etf_mapping,industry_relative,-0.0022831050228310223,,-0.04176069865729415,,-0.04635716433702553,,0.04407405931419451,,66.0,1,
2026-06-10,00713,元大台灣高息低波,ETF,高股息 ETF,rule_based_etf_mapping,industry_relative,-0.015037593984962405,,-0.04176069865729415,,-0.04635716433702553,,0.03131957035206313,,66.0,1,
2026-06-10,00714,群益道瓊美國地產,ETF,不動產 ETF,rule_based_etf_mapping,industry_relative,0.038954869358669875,,-0.04176069865729415,,-0.04635716433702553,,0.0853120336956954,,66.0,1,
2026-06-10,00715L,期街口布蘭特正2,ETF,槓桿反向 ETF,rule_based_etf_mapping,industry_relative,-0.10332749562171628,,-0.04176069865729415,,-0.04635716433702553,,-0.05697033128469075,,52.0,1,
2026-06-10,00717,富邦美國特別股,ETF,高股息 ETF,rule_based_etf_mapping,industry_relative,-0.01978891820580475,,-0.04176069865729415,,-0.04635716433702553,,0.02656824613122078,,66.0,1,
2026-06-10,00728,第一金工業30,ETF,台股 ETF,rule_based_etf_mapping,industry_relative,-0.07427677873338545,,-0.04176069865729415,,-0.04635716433702553,,-0.02791961439635992,,52.0,1,
2026-06-10,00730,富邦臺灣優質高息,ETF,高股息 ETF,rule_based_etf_mapping,industry_relative,-0.034237288135593236,,-0.04176069865729415,,-0.04635716433702553,,0.012119876201432296,,62.0,1,
2026-06-10,00731,復華富時高息低波,ETF,高股息 ETF,rule_based_etf_mapping,industry_relative,0.013657957244655572,,-0.04176069865729415,,-0.04635716433702553,,0.060015121581681104,,66.0,1,
2026-06-10,00733,富邦臺灣中小,ETF,台股 ETF,rule_based_etf_mapping,industry_relative,-0.08837209302325588,,-0.04176069865729415,,-0.04635716433702553,,-0.04201492868623035,,52.0,1,
2026-06-10,00735,國泰臺韓科技,ETF,臺韓科技 ETF,manual_verified,industry_relative,-0.13372335979941496,,-0.04176069865729415,,-0.04635716433702553,,-0.08736619546238944,,52.0,1,
2026-06-10,00736,國泰新興市場,ETF,海外市場 ETF,rule_based_etf_mapping,industry_relative,-0.04297626683771649,,-0.04176069865729415,,-0.04635716433702553,,0.0033808974993090393,,62.0,1,
2026-06-10,00737,國泰AI機器人,ETF,科技主題 ETF,rule_based_etf_mapping,industry_relative,-0.08543078412391092,,-0.04176069865729415,,-0.04635716433702553,,-0.03907361978688539,,52.0,1,
2026-06-10,00738U,期元大道瓊白銀,ETF,期貨商品 ETF,rule_based_etf_mapping,industry_relative,-0.14297589359933505,,-0.04176069865729415,,-0.04635716433702553,,-0.09661872926230952,,52.0,1,
2026-06-10,00739,元大MSCI A股,ETF,海外市場 ETF,rule_based_etf_mapping,industry_relative,-0.04690686607749839,,-0.04176069865729415,,-0.04635716433702553,,-0.0005497017404728563,,58.0,1,
2026-06-10,00752,中信中國50,ETF,海外市場 ETF,rule_based_etf_mapping,industry_relative,-0.04011950490823735,,-0.04176069865729415,,-0.04635716433702553,,0.006237659428788185,,62.0,1,
2026-06-10,00753L,中信中國50正2,ETF,槓桿反向 ETF,rule_based_etf_mapping,industry_relative,-0.0842418235877106,,-0.04176069865729415,,-0.04635716433702553,,-0.037884659250685064,,52.0,1,
2026-06-10,00757,統一FANG+,ETF,FANG+ 科技 ETF,manual_verified,industry_relative,-0.08916274012323289,,-0.04176069865729415,,-0.04635716433702553,,-0.042805575786207355,,52.0,1,
2026-06-10,00762,元大全球AI,ETF,科技主題 ETF,rule_based_etf_mapping,industry_relative,-0.07240948813982528,,-0.04176069865729415,,-0.04635716433702553,,-0.026052323802799753,,52.0,1,
2026-06-10,00763U,期街口道瓊銅,ETF,期貨商品 ETF,rule_based_etf_mapping,industry_relative,-0.05500982318271119,,-0.04176069865729415,,-0.04635716433702553,,-0.008652658845685661,,58.0,1,
2026-06-10,00770,國泰北美科技,ETF,科技主題 ETF,rule_based_etf_mapping,industry_relative,-0.08473389355742311,,-0.04176069865729415,,-0.04635716433702553,,-0.03837672922039758,,52.0,1,
2026-06-10,00771,元大US高息特別股,ETF,高股息 ETF,rule_based_etf_mapping,industry_relative,-0.003160556257901459,,-0.04176069865729415,,-0.04635716433702553,,0.04319660807912407,,66.0,1,
2026-06-10,00775B,新光投等債15+,ETF,債券 ETF,rule_based_etf_mapping,industry_relative,0.0,,-0.04176069865729415,,-0.04635716433702553,,0.04635716433702553,,66.0,1,
2026-06-10,00783,富邦中証500,ETF,海外市場 ETF,rule_based_etf_mapping,industry_relative,-0.04615902964959573,,-0.04176069865729415,,-0.04635716433702553,,0.00019813468742980317,,62.0,1,
2026-06-10,00830,國泰費城半導體,ETF,科技主題 ETF,rule_based_etf_mapping,industry_relative,-0.10206185567010317,,-0.04176069865729415,,-0.04635716433702553,,-0.05570469133307764,,52.0,1,
2026-06-10,00850,元大臺灣ESG永續,ETF,台股 ETF,rule_based_etf_mapping,industry_relative,-0.06911447084233258,,-0.04176069865729415,,-0.04635716433702553,,-0.022757306505307044,,52.0,1,
2026-06-10,00851,台新全球AI,ETF,科技主題 ETF,rule_based_etf_mapping,industry_relative,-0.06630581867388374,,-0.04176069865729415,,-0.04635716433702553,,-0.01994865433685821,,58.0,1,
2026-06-10,00852L,國泰美國道瓊正2,ETF,槓桿反向 ETF,rule_based_etf_mapping,industry_relative,-0.01883408071748882,,-0.04176069865729415,,-0.04635716433702553,,0.02752308361953671,,66.0,1,
2026-06-10,00861,元大全球未來通訊,ETF,全球通訊 ETF,manual_verified,industry_relative,-0.09358841778697002,,-0.04176069865729415,,-0.04635716433702553,,-0.04723125344994449,,52.0,1,
2026-06-10,00865B,國泰US短期公債,ETF,期貨商品 ETF,rule_based_etf_mapping,industry_relative,0.006278777731268281,,-0.04176069865729415,,-0.04635716433702553,,0.05263594206829381,,66.0,1,
2026-06-10,00875,國泰網路資安,ETF,科技主題 ETF,rule_based_etf_mapping,industry_relative,-0.09835111542192043,,-0.04176069865729415,,-0.04635716433702553,,-0.0519939510848949,,52.0,1,
2026-06-10,00876,元大全球5G,ETF,全球5G ETF,manual,industry_relative,-0.05913134484563043,,-0.04176069865729415,,-0.04635716433702553,,-0.012774180508604897,,58.0,1,
2026-06-10,00878,國泰永續高股息,ETF,高股息 ETF,rule_based_etf_mapping,industry_relative,-0.0510510510510509,,-0.04176069865729415,,-0.04635716433702553,,-0.004693886714025368,,58.0,1,
2026-06-10,00881,國泰台灣科技龍頭,ETF,科技主題 ETF,rule_based_etf_mapping,industry_relative,-0.06868867082961627,,-0.04176069865729415,,-0.04635716433702553,,-0.02233150649259074,,52.0,1,
2026-06-10,00882,中信中國高股息,ETF,高股息 ETF,rule_based_etf_mapping,industry_relative,0.0025445292620864812,,-0.04176069865729415,,-0.04635716433702553,,0.04890169359911201,,66.0,1,
2026-06-10,00885,富邦越南,ETF,海外市場 ETF,rule_based_etf_mapping,industry_relative,-0.0010928961748634114,,-0.04176069865729415,,-0.04635716433702553,,0.04526426816216212,,66.0,1,
2026-06-10,00891,中信關鍵半導體,ETF,科技主題 ETF,rule_based_etf_mapping,industry_relative,-0.0881632653061225,,-0.04176069865729415,,-0.04635716433702553,,-0.041806100969096975,,52.0,1,
2026-06-10,00892,富邦台灣半導體,ETF,科技主題 ETF,rule_based_etf_mapping,industry_relative,-0.07697441601779753,,-0.04176069865729415,,-0.04635716433702553,,-0.030617251680772,,52.0,1,
2026-06-10,00893,國泰智能電動車,ETF,科技主題 ETF,rule_based_etf_mapping,industry_relative,-0.07297748123436198,,-0.04176069865729415,,-0.04635716433702553,,-0.026620316897336453,,52.0,1,
2026-06-10,00894,中信小資高價30,ETF,台股 ETF,rule_based_etf_mapping,industry_relative,-0.07566502463054192,,-0.04176069865729415,,-0.04635716433702553,,-0.02930786029351639,,52.0,1,
2026-06-10,00895,富邦未來車,ETF,科技主題 ETF,rule_based_etf_mapping,industry_relative,-0.07464920486435922,,-0.04176069865729415,,-0.04635716433702553,,-0.028292040527333688,,52.0,1,
2026-06-10,00896,中信綠能及電動車,ETF,綠能及電動車 ETF,manual_verified,industry_relative,-0.08311170212765961,,-0.04176069865729415,,-0.04635716433702553,,-0.03675453779063408,,52.0,1,
2026-06-10,00897,富邦基因免疫生技,ETF,科技主題 ETF,rule_based_etf_mapping,industry_relative,0.015839493136219573,,-0.04176069865729415,,-0.04635716433702553,,0.062196657473245105,,66.0,1,
2026-06-10,00898,國泰基因免疫革命,ETF,科技主題 ETF,rule_based_etf_mapping,industry_relative,0.013546798029556717,,-0.04176069865729415,,-0.04635716433702553,,0.05990396236658225,,66.0,1,
2026-06-10,00899,FT潔淨能源,ETF,科技主題 ETF,rule_based_etf_mapping,industry_relative,-0.1060152874709206,,-0.04176069865729415,,-0.04635716433702553,,-0.05965812313389506,,52.0,1,
2026-06-10,00900,富邦特選高股息30,ETF,高股息 ETF,rule_based_etf_mapping,industry_relative,-0.07065217391304346,,-0.04176069865729415,,-0.04635716433702553,,-0.024295009576017927,,52.0,1,
2026-06-10,00901,永豐智能車供應鏈,ETF,智能車供應鏈 ETF,manual,industry_relative,-0.08762140938210383,,-0.04176069865729415,,-0.04635716433702553,,-0.0412642450450783,,52.0,1,
2026-06-10,00902,中信電池及儲能,ETF,科技主題 ETF,rule_based_etf_mapping,industry_relative,-0.11178614823815314,,-0.04176069865729415,,-0.04635716433702553,,-0.06542898390112761,,52.0,1,
2026-06-10,00903,富邦元宇宙,ETF,科技主題 ETF,rule_based_etf_mapping,industry_relative,-0.10110921501706494,,-0.04176069865729415,,-0.04635716433702553,,-0.0547520506800394,,52.0,1,
2026-06-10,00904,新光臺灣半導體30,ETF,科技主題 ETF,rule_based_etf_mapping,industry_relative,-0.09662398137369044,,-0.04176069865729415,,-0.04635716433702553,,-0.050266817036664906,,52.0,1,
2026-06-10,00905,FT臺灣Smart,ETF,台股 ETF,rule_based_etf_mapping,industry_relative,-0.06365576102418213,,-0.04176069865729415,,-0.04635716433702553,,-0.017298596687156602,,58.0,1,
2026-06-10,00907,永豐優息存股,ETF,優息存股 ETF,manual_verified,industry_relative,-0.016433353621424174,,-0.04176069865729415,,-0.04635716433702553,,0.029923810715601358,,66.0,1,
2026-06-10,00908,富邦入息REITs+,ETF,不動產 ETF,rule_based_etf_mapping,industry_relative,0.02344827586206888,,-0.04176069865729415,,-0.04635716433702553,,0.0698054401990944,,66.0,1,
2026-06-10,00909,國泰數位支付服務,ETF,科技主題 ETF,rule_based_etf_mapping,industry_relative,-0.07999999999999996,,-0.04176069865729415,,-0.04635716433702553,,-0.03364283566297443,,52.0,1,
2026-06-10,00910,第一金太空衛星,ETF,太空衛星 ETF,manual,industry_relative,-0.16374999999999995,,-0.04176069865729415,,-0.04635716433702553,,-0.11739283566297443,,52.0,1,
2026-06-10,00911,兆豐洲際半導體,ETF,全球半導體 ETF,manual,industry_relative,-0.08735632183908049,,-0.04176069865729415,,-0.04635716433702553,,-0.040999157502054955,,52.0,1,
2026-06-10,00912,中信臺灣智慧50,ETF,台股 ETF,rule_based_etf_mapping,industry_relative,-0.04940828402366848,,-0.04176069865729415,,-0.04635716433702553,,-0.003051119686642949,,58.0,1,
2026-06-10,00913,兆豐台灣晶圓製造,ETF,晶圓製造 ETF,manual,industry_relative,-0.10495626822157444,,-0.04176069865729415,,-0.04635716433702553,,-0.05859910388454891,,52.0,1,
2026-06-10,00915,凱基優選高股息30,ETF,優選高股息 ETF,manual_verified,industry_relative,-0.016393442622950838,,-0.04176069865729415,,-0.04635716433702553,,0.029963721714074694,,66.0,1,
2026-06-10,00916,國泰全球品牌50,ETF,全球品牌 ETF,manual_verified,industry_relative,-0.1169871794871794,,-0.04176069865729415,,-0.04635716433702553,,-0.07063001515015388,,52.0,1,
2026-06-10,00917,中信特選金融,ETF,台股 ETF,rule_based_etf_mapping,industry_relative,0.0055071133547499596,,-0.04176069865729415,,-0.04635716433702553,,0.05186427769177549,,66.0,1,
2026-06-10,00918,大華優利高填息30,ETF,高股息 ETF,manual_verified,industry_relative,-0.05137094232587458,,-0.04176069865729415,,-0.04635716433702553,,-0.005013777988849048,,58.0,1,
2026-06-10,00919,群益台灣精選高息,ETF,高股息 ETF,manual_verified,industry_relative,-0.01754385964912286,,-0.04176069865729415,,-0.04635716433702553,,0.02881330468790267,,66.0,1,
2026-06-10,00920,富邦ESG綠色電力,ETF,科技主題 ETF,rule_based_etf_mapping,industry_relative,-0.07728592162554426,,-0.04176069865729415,,-0.04635716433702553,,-0.03092875728851873,,52.0,1,
2026-06-10,00921,兆豐龍頭等權重,ETF,台股 ETF,rule_based_etf_mapping,industry_relative,-0.04296044236495111,,-0.04176069865729415,,-0.04635716433702553,,0.0033967219720744193,,62.0,1,
2026-06-10,00922,國泰台灣領袖50,ETF,台股 ETF,rule_based_etf_mapping,industry_relative,-0.06282082620386198,,-0.04176069865729415,,-0.04635716433702553,,-0.016463661866836447,,58.0,1,
2026-06-10,00923,群益台ESG低碳50,ETF,ESG低碳 ETF,manual,industry_relative,-0.07244710211591532,,-0.04176069865729415,,-0.04635716433702553,,-0.026089937778889787,,52.0,1,
2026-06-10,00924,復華S&P500成長,ETF,海外市場 ETF,rule_based_etf_mapping,industry_relative,-0.03993948562783656,,-0.04176069865729415,,-0.04635716433702553,,0.0064176787091889745,,62.0,1,
2026-06-10,00926,凱基全球菁英55,ETF,海外市場 ETF,rule_based_etf_mapping,industry_relative,-0.021157684630738527,,-0.04176069865729415,,-0.04635716433702553,,0.025199479706287005,,66.0,1,
2026-06-10,00927,群益半導體收益,ETF,半導體收益 ETF,manual,industry_relative,-0.09928904143172335,,-0.04176069865729415,,-0.04635716433702553,,-0.052931877094697814,,52.0,1,
2026-06-10,00929,復華台灣科技優息,ETF,高股息 ETF,rule_based_etf_mapping,industry_relative,-0.09231762427372492,,-0.04176069865729415,,-0.04635716433702553,,-0.04596045993669939,,52.0,1,
2026-06-10,00930,永豐ESG低碳高息,ETF,ESG低碳高息 ETF,manual,industry_relative,-0.08410852713178296,,-0.04176069865729415,,-0.04635716433702553,,-0.03775136279475743,,52.0,1,
2026-06-10,00932,兆豐永續高息等權,ETF,高股息 ETF,rule_based_etf_mapping,industry_relative,-0.02680067001675046,,-0.04176069865729415,,-0.04635716433702553,,0.01955649432027507,,62.0,1,
2026-06-10,00934,中信成長高股息,ETF,高股息 ETF,rule_based_etf_mapping,industry_relative,-0.05954825462012314,,-0.04176069865729415,,-0.04635716433702553,,-0.01319109028309761,,58.0,1,
2026-06-10,00935,野村臺灣新科技50,ETF,臺灣新科技 ETF,manual,industry_relative,-0.08858739026336793,,-0.04176069865729415,,-0.04635716433702553,,-0.042230225926342395,,52.0,1,
2026-06-10,00936,台新永續高息中小,ETF,高股息 ETF,rule_based_etf_mapping,industry_relative,-0.07476212052560027,,-0.04176069865729415,,-0.04635716433702553,,-0.02840495618857474,,52.0,1,
2026-06-10,00938,凱基優選30,ETF,台股 ETF,rule_based_etf_mapping,industry_relative,-0.00043084877208110495,,-0.04176069865729415,,-0.04635716433702553,,0.04592631556494443,,66.0,1,
2026-06-10,00939,統一台灣高息動能,ETF,高股息 ETF,rule_based_etf_mapping,industry_relative,-0.013809523809523716,,-0.04176069865729415,,-0.04635716433702553,,0.032547640527501816,,66.0,1,
2026-06-10,00940,元大台灣價值高息,ETF,高股息 ETF,rule_based_etf_mapping,industry_relative,-0.051968503937007915,,-0.04176069865729415,,-0.04635716433702553,,-0.005611339599982383,,58.0,1,
2026-06-10,00941,中信上游半導體,ETF,科技主題 ETF,rule_based_etf_mapping,industry_relative,-0.013814274750575617,,-0.04176069865729415,,-0.04635716433702553,,0.032542889586449915,,66.0,1,
2026-06-10,00943,兆豐電子高息等權,ETF,高股息 ETF,rule_based_etf_mapping,industry_relative,-0.08586525759577279,,-0.04176069865729415,,-0.04635716433702553,,-0.03950809325874726,,52.0,1,
2026-06-10,00944,野村趨勢動能高息,ETF,高股息 ETF,rule_based_etf_mapping,industry_relative,-0.03428839830906527,,-0.04176069865729415,,-0.04635716433702553,,0.01206876602796026,,62.0,1,
2026-06-10,00945B,凱基美國非投等債,ETF,債券 ETF,rule_based_etf_mapping,industry_relative,0.0034746351633077044,,-0.04176069865729415,,-0.04635716433702553,,0.049831799500333236,,66.0,1,
2026-06-10,00946,群益科技高息成長,ETF,科技高息成長 ETF,manual_verified,industry_relative,-0.05534105534105527,,-0.04176069865729415,,-0.04635716433702553,,-0.008983891004029736,,58.0,1,
2026-06-10,00947,台新臺灣IC設計,ETF,科技主題 ETF,rule_based_etf_mapping,industry_relative,-0.12761194029850753,,-0.04176069865729415,,-0.04635716433702553,,-0.081254775961482,,52.0,1,
2026-06-10,00949,復華日本龍頭,ETF,海外市場 ETF,rule_based_etf_mapping,industry_relative,-0.05273159144893114,,-0.04176069865729415,,-0.04635716433702553,,-0.006374427111905605,,58.0,1,
2026-06-10,00951,台新日本半導體,ETF,科技主題 ETF,rule_based_etf_mapping,industry_relative,-0.07642276422764227,,-0.04176069865729415,,-0.04635716433702553,,-0.03006559989061674,,52.0,1,
2026-06-10,00952,凱基台灣AI50,ETF,台灣AI ETF,manual_verified,industry_relative,-0.11380504700643246,,-0.04176069865729415,,-0.04635716433702553,,-0.06744788266940693,,52.0,1,
2026-06-10,00953B,群益優選非投等債,ETF,債券 ETF,rule_based_etf_mapping,industry_relative,0.002096436058700357,,-0.04176069865729415,,-0.04635716433702553,,0.04845360039572589,,66.0,1,
2026-06-10,00954,中信日本半導體,ETF,科技主題 ETF,rule_based_etf_mapping,industry_relative,-0.07606490872210958,,-0.04176069865729415,,-0.04635716433702553,,-0.02970774438508405,,52.0,1,
2026-06-10,00956,中信日經高股息,ETF,高股息 ETF,rule_based_etf_mapping,industry_relative,-0.024370430544273014,,-0.04176069865729415,,-0.04635716433702553,,0.021986733792752518,,66.0,1,
2026-06-10,00960,野村全球航運龍頭,ETF,海外市場 ETF,rule_based_etf_mapping,industry_relative,0.013913043478260834,,-0.04176069865729415,,-0.04635716433702553,,0.060270207815286365,,66.0,1,
2026-06-10,00961,FT臺灣永續高息,ETF,臺灣永續高息 ETF,manual_verified,industry_relative,-0.03860430586488506,,-0.04176069865729415,,-0.04635716433702553,,0.007752858472140474,,62.0,1,
2026-06-10,00962,台新AI優息動能,ETF,AI 優息動能 ETF,manual_verified,industry_relative,-0.11721611721611713,,-0.04176069865729415,,-0.04635716433702553,,-0.07085895287909161,,52.0,1,
2026-06-10,00963,中信全球高股息,ETF,高股息 ETF,rule_based_etf_mapping,industry_relative,-0.01572327044025168,,-0.04176069865729415,,-0.04635716433702553,,0.030633893896773852,,66.0,1,
2026-06-10,00964,中信亞太高股息,ETF,高股息 ETF,rule_based_etf_mapping,industry_relative,-0.04350781781101298,,-0.04176069865729415,,-0.04635716433702553,,0.0028493465260125486,,62.0,1,
2026-06-10,00965,元大航太防衛科技,ETF,科技主題 ETF,rule_based_etf_mapping,industry_relative,-0.04030327214684748,,-0.04176069865729415,,-0.04635716433702553,,0.006053892190178052,,62.0,1,
2026-06-10,00971,野村美國研發龍頭,ETF,海外市場 ETF,rule_based_etf_mapping,industry_relative,-0.0390670553935859,,-0.04176069865729415,,-0.04635716433702553,,0.0072901089434396285,,62.0,1,
2026-06-10,00972,野村日本動能高息,ETF,高股息 ETF,rule_based_etf_mapping,industry_relative,0.006240249609984483,,-0.04176069865729415,,-0.04635716433702553,,0.052597413947010015,,66.0,1,
2026-06-10,009800,中信NASDAQ,ETF,科技主題 ETF,rule_based_etf_mapping,industry_relative,-0.04722638680659663,,-0.04176069865729415,,-0.04635716433702553,,-0.0008692224695711001,,58.0,1,
2026-06-10,009801,中信美國創新科技,ETF,科技主題 ETF,rule_based_etf_mapping,industry_relative,-0.07364341085271331,,-0.04176069865729415,,-0.04635716433702553,,-0.027286246515687777,,52.0,1,
2026-06-10,009802,富邦旗艦50,ETF,台股 ETF,rule_based_etf_mapping,industry_relative,-0.08650190114068446,,-0.04176069865729415,,-0.04635716433702553,,-0.040144736803658924,,52.0,1,
2026-06-10,009803,玉山市值動能50,ETF,台股 ETF,rule_based_etf_mapping,industry_relative,-0.06760936809544837,,-0.04176069865729415,,-0.04635716433702553,,-0.021252203758422843,,52.0,1,
2026-06-10,009804,聯邦台精彩50,ETF,台股 ETF,rule_based_etf_mapping,industry_relative,-0.0695759571840262,,-0.04176069865729415,,-0.04635716433702553,,-0.023218792847000673,,52.0,1,
2026-06-10,009805,新光美國電力基建,ETF,科技主題 ETF,rule_based_etf_mapping,industry_relative,-0.04496402877697847,,-0.04176069865729415,,-0.04635716433702553,,0.001393135560047061,,62.0,1,
2026-06-10,009808,華南永昌優選50,全市場,,,market_relative_fallback,-0.05906506632975361,,-0.04176069865729415,,-0.04176069865729415,,-0.017304367672459464,,58.0,1,缺少產業分類，使用全市場相對強弱
2026-06-10,009809,富邦淨零ESG50,ETF,台股 ETF,rule_based_etf_mapping,industry_relative,-0.06832298136645965,,-0.04176069865729415,,-0.04635716433702553,,-0.021965817029434113,,52.0,1,
2026-06-10,00980A,主動野村臺灣優選,ETF,主動式 ETF,rule_based_etf_mapping,industry_relative,-0.06804615996816543,,-0.04176069865729415,,-0.04635716433702553,,-0.0216889956311399,,52.0,1,
2026-06-10,009810,玉山全球藍籌100,ETF,海外市場 ETF,rule_based_etf_mapping,industry_relative,-0.03708987161198296,,-0.04176069865729415,,-0.04635716433702553,,0.009267292725042571,,62.0,1,
2026-06-10,009811,統一美國50,ETF,海外市場 ETF,rule_based_etf_mapping,industry_relative,-0.03884234577303891,,-0.04176069865729415,,-0.04635716433702553,,0.007514818563986621,,62.0,1,
2026-06-10,009812,野村日本東證,ETF,海外市場 ETF,rule_based_etf_mapping,industry_relative,-0.03652597402597413,,-0.04176069865729415,,-0.04635716433702553,,0.009831190311051403,,62.0,1,
2026-06-10,009813,貝萊德標普卓越50,ETF,海外市場 ETF,rule_based_etf_mapping,industry_relative,-0.037587412587412605,,-0.04176069865729415,,-0.04635716433702553,,0.008769751749612927,,62.0,1,
2026-06-10,009816,凱基台灣TOP50,ETF,台股 ETF,rule_based_etf_mapping,industry_relative,-0.06861499364675983,,-0.04176069865729415,,-0.04635716433702553,,-0.022257829309734294,,52.0,1,
2026-06-10,009817,國泰日本不動產,ETF,不動產 ETF,rule_based_etf_mapping,industry_relative,0.00810185185185186,,-0.04176069865729415,,-0.04635716433702553,,0.05445901618887739,,66.0,1,
2026-06-10,009818,華南永昌NASDAQxT,ETF,科技主題 ETF,rule_based_etf_mapping,industry_relative,-0.07605495583905797,,-0.04176069865729415,,-0.04635716433702553,,-0.029697791502032438,,52.0,1,
2026-06-10,009819,中信數據及電力,ETF,科技主題 ETF,rule_based_etf_mapping,industry_relative,-0.11688311688311703,,-0.04176069865729415,,-0.04635716433702553,,-0.07052595254609151,,52.0,1,
2026-06-10,00981A,主動統一台股增長,ETF,主動式 ETF,rule_based_etf_mapping,industry_relative,-0.06035837786859477,,-0.04176069865729415,,-0.04635716433702553,,-0.014001213531569238,,58.0,1,
2026-06-10,00981T,平衡凱基雙核收息,ETF,高股息 ETF,rule_based_etf_mapping,industry_relative,-0.017170891251022113,,-0.04176069865729415,,-0.04635716433702553,,0.02918627308600342,,66.0,1,
2026-06-10,009820,元大納斯達克精選,ETF,科技主題 ETF,rule_based_etf_mapping,industry_relative,-0.08172635445362719,,-0.04176069865729415,,-0.04635716433702553,,-0.03536919011660166,,52.0,1,
2026-06-10,00982A,主動群益台灣強棒,ETF,主動式 ETF,rule_based_etf_mapping,industry_relative,-0.06870860927152322,,-0.04176069865729415,,-0.04635716433702553,,-0.022351444934497693,,52.0,1,
2026-06-10,00982D,主動富邦動態入息,ETF,主動式 ETF,rule_based_etf_mapping,industry_relative,-0.0030150753768843908,,-0.04176069865729415,,-0.04635716433702553,,0.04334208896014114,,66.0,1,
2026-06-10,00982T,平衡兆豐台美動能,全市場,,,market_relative_fallback,-0.051071878940731286,,-0.04176069865729415,,-0.04176069865729415,,-0.009311180283437137,,58.0,1,缺少產業分類，使用全市場相對強弱
2026-06-10,00983A,主動中信ARK創新,ETF,主動式 ETF,rule_based_etf_mapping,industry_relative,-0.06010016694490827,,-0.04176069865729415,,-0.04635716433702553,,-0.013743002607882741,,58.0,1,
2026-06-10,00983D,主動富邦複合收益,ETF,主動式 ETF,rule_based_etf_mapping,industry_relative,-0.0009910802775024985,,-0.04176069865729415,,-0.04635716433702553,,0.04536608405952303,,66.0,1,
2026-06-10,00984A,主動安聯台灣高息,ETF,主動式 ETF,rule_based_etf_mapping,industry_relative,-0.06291192330736972,,-0.04176069865729415,,-0.04635716433702553,,-0.01655475897034419,,58.0,1,
2026-06-10,00984D,主動聯博全球非投,ETF,主動式 ETF,rule_based_etf_mapping,industry_relative,0.0009970089730806375,,-0.04176069865729415,,-0.04635716433702553,,0.04735417331010617,,66.0,1,
2026-06-10,00985A,主動野村台灣50,ETF,主動式 ETF,rule_based_etf_mapping,industry_relative,-0.06194690265486735,,-0.04176069865729415,,-0.04635716433702553,,-0.015589738317841821,,58.0,1,
2026-06-10,00985B,群益ESG投等債0-5,ETF,債券 ETF,rule_based_etf_mapping,industry_relative,0.0029644268774704496,,-0.04176069865729415,,-0.04635716433702553,,0.04932159121449598,,66.0,1,
2026-06-10,00986A,主動台新龍頭成長,ETF,主動式 ETF,rule_based_etf_mapping,industry_relative,-0.08734177215189876,,-0.04176069865729415,,-0.04635716433702553,,-0.040984607814873224,,52.0,1,
2026-06-10,00987A,主動台新優勢成長,ETF,主動式 ETF,rule_based_etf_mapping,industry_relative,-0.0916157690172128,,-0.04176069865729415,,-0.04635716433702553,,-0.04525860468018727,,52.0,1,
2026-06-10,00988A,主動統一全球創新,ETF,全球創新主動式 ETF,manual_verified,industry_relative,-0.1253309796999117,,-0.04176069865729415,,-0.04635716433702553,,-0.07897381536288617,,52.0,1,
2026-06-10,00989A,主動摩根美國科技,ETF,主動式 ETF,rule_based_etf_mapping,industry_relative,-0.08055853920515577,,-0.04176069865729415,,-0.04635716433702553,,-0.034201374868130234,,52.0,1,
2026-06-10,00990A,主動元大AI新經濟,ETF,主動式 ETF,rule_based_etf_mapping,industry_relative,-0.12174324964471817,,-0.04176069865729415,,-0.04635716433702553,,-0.07538608530769264,,52.0,1,
2026-06-10,00991A,主動復華未來50,ETF,主動式臺股 ETF,manual,industry_relative,-0.0680340170085042,,-0.04176069865729415,,-0.04635716433702553,,-0.021676852671478668,,52.0,1,
2026-06-10,00992A,主動群益科技創新,ETF,主動式 ETF,rule_based_etf_mapping,industry_relative,-0.056695464362851,,-0.04176069865729415,,-0.04635716433702553,,-0.010338300025825468,,58.0,1,
2026-06-10,00993A,主動安聯台灣,ETF,主動式 ETF,rule_based_etf_mapping,industry_relative,-0.06570397111913362,,-0.04176069865729415,,-0.04635716433702553,,-0.019346806782108088,,58.0,1,
2026-06-10,00994A,主動第一金台股優,ETF,主動式 ETF,rule_based_etf_mapping,industry_relative,-0.07411385606874343,,-0.04176069865729415,,-0.04635716433702553,,-0.0277566917317179,,52.0,1,
2026-06-10,00995A,主動中信台灣卓越,ETF,主動式 ETF,rule_based_etf_mapping,industry_relative,-0.0647995606809445,,-0.04176069865729415,,-0.04635716433702553,,-0.01844239634391897,,58.0,1,
2026-06-10,00996A,主動兆豐台灣豐收,ETF,主動式 ETF,rule_based_etf_mapping,industry_relative,-0.0776636713735559,,-0.04176069865729415,,-0.04635716433702553,,-0.031306507036530366,,52.0,1,
2026-06-10,00997A,主動群益美國增長,ETF,主動式 ETF,rule_based_etf_mapping,industry_relative,-0.10485021398002847,,-0.04176069865729415,,-0.04635716433702553,,-0.05849304964300294,,52.0,1,
2026-06-10,00999A,主動野村臺灣高息,ETF,主動式 ETF,rule_based_etf_mapping,industry_relative,-0.04290718038528896,,-0.04176069865729415,,-0.04635716433702553,,0.003449983951736575,,62.0,1,
2026-06-10,01001T,土銀富邦R1,全市場,,,market_relative_fallback,-0.003436426116838587,,-0.04176069865729415,,-0.04176069865729415,,0.03832427254045556,,66.0,1,缺少產業分類，使用全市場相對強弱
2026-06-10,01002T,土銀國泰R1,全市場,,,market_relative_fallback,-0.0028328611898016387,,-0.04176069865729415,,-0.04176069865729415,,0.03892783746749251,,66.0,1,缺少產業分類，使用全市場相對強弱
2026-06-10,01004T,土銀富邦R2,全市場,,,market_relative_fallback,-0.00191387559808609,,-0.04176069865729415,,-0.04176069865729415,,0.03984682305920806,,66.0,1,缺少產業分類，使用全市場相對強弱
2026-06-10,01007T,兆豐國泰R2,全市場,,,market_relative_fallback,-0.006294256490952055,,-0.04176069865729415,,-0.04176069865729415,,0.035466442166342094,,66.0,1,缺少產業分類，使用全市場相對強弱
2026-06-10,01009T,王道圓滿R1,全市場,,,market_relative_fallback,-0.006968641114982632,,-0.04176069865729415,,-0.04176069865729415,,0.034792057542311516,,66.0,1,缺少產業分類，使用全市場相對強弱
2026-06-10,01010T,京城樂富R1,全市場,,,market_relative_fallback,0.0,,-0.04176069865729415,,-0.04176069865729415,,0.04176069865729415,,66.0,1,缺少產業分類，使用全市場相對強弱
2026-06-10,020000,富邦特選蘋果N,ETN,指數投資證券,rule_based_etf_mapping,industry_relative,-0.032839290903806884,,-0.04176069865729415,,-0.06840597226901442,,0.035566681365207534,,66.0,1,
2026-06-10,020012,富邦行動通訊N,ETN,指數投資證券,rule_based_etf_mapping,industry_relative,,,-0.04176069865729415,,-0.06840597226901442,,,,58.0,1,
2026-06-10,02001L,富邦蘋果正二N,ETN,特選大蘋果槓桿 ETN,twse_official_etn_list,industry_relative,-0.19196661450182573,,-0.04176069865729415,,-0.06840597226901442,,-0.12356064223281131,,52.0,1,
2026-06-10,020020,元大台股領航N,ETN,指數投資證券,rule_based_etf_mapping,industry_relative,-0.06453804347826098,,-0.04176069865729415,,-0.06840597226901442,,0.0038679287907534415,,62.0,1,
2026-06-10,020028,元大特選電動車N,ETN,指數投資證券,rule_based_etf_mapping,industry_relative,-0.10177777777777774,,-0.04176069865729415,,-0.06840597226901442,,-0.03337180550876333,,52.0,1,
2026-06-10,020029,元大ESG高股息N,ETN,指數投資證券,rule_based_etf_mapping,industry_relative,-0.05637657361795301,,-0.04176069865729415,,-0.06840597226901442,,0.01202939865106141,,62.0,1,
2026-06-10,020030,統一智慧電動車N,ETN,指數投資證券,rule_based_etf_mapping,industry_relative,-0.05982465188241359,,-0.04176069865729415,,-0.06840597226901442,,0.008581320386600824,,62.0,1,
2026-06-10,020031,統一IC設計臺灣N,ETN,指數投資證券,rule_based_etf_mapping,industry_relative,-0.11111111111111116,,-0.04176069865729415,,-0.06840597226901442,,-0.04270513884209674,,52.0,1,
2026-06-10,020032,元大綠能N,ETN,指數投資證券,rule_based_etf_mapping,industry_relative,-0.020795660036166397,,-0.04176069865729415,,-0.06840597226901442,,0.04761031223284802,,66.0,1,
2026-06-10,020034,元大IC設計N,ETN,指數投資證券,rule_based_etf_mapping,industry_relative,-0.09200000000000008,,-0.04176069865729415,,-0.06840597226901442,,-0.023594027730985664,,52.0,1,
2026-06-10,020036,元大金融配息N,ETN,指數投資證券,rule_based_etf_mapping,industry_relative,,,-0.04176069865729415,,-0.06840597226901442,,,,58.0,1,
2026-06-10,020037,元大金融高股息N,ETN,指數投資證券,rule_based_etf_mapping,industry_relative,0.042769857433808456,,-0.04176069865729415,,-0.06840597226901442,,0.11117582970282287,,66.0,1,
2026-06-10,020038,元大ESG配息N,ETN,指數投資證券,rule_based_etf_mapping,industry_relative,-0.06316536550745211,,-0.04176069865729415,,-0.06840597226901442,,0.005240606761562308,,62.0,1,
2026-06-10,020039,元大加權N,ETN,指數投資證券,rule_based_etf_mapping,industry_relative,-0.06924643584521384,,-0.04176069865729415,,-0.06840597226901442,,-0.0008404635761994211,,58.0,1,
2026-06-10,1101,台泥,水泥工業,水泥工業,twse,industry_relative,-0.03822937625754541,,-0.04176069865729415,,-0.015599677028081516,,-0.022629699229463895,,52.0,1,
2026-06-10,1101B,台泥乙特,全市場,,,market_relative_fallback,-0.001103752759381793,,-0.04176069865729415,,-0.04176069865729415,,0.040656945897912355,,66.0,1,缺少產業分類，使用全市場相對強弱
2026-06-10,1102,亞泥,水泥工業,水泥工業,twse,industry_relative,0.005847953216374213,,-0.04176069865729415,,-0.015599677028081516,,0.02144763024445573,,66.0,1,
2026-06-10,1103,嘉泥,水泥工業,水泥工業,twse,industry_relative,-0.0073800738007381295,,-0.04176069865729415,,-0.015599677028081516,,0.008219603227343386,,62.0,1,
2026-06-10,1104,環泥,水泥工業,水泥工業,twse,industry_relative,0.010452961672473782,,-0.04176069865729415,,-0.015599677028081516,,0.026052638700555297,,66.0,1,
2026-06-10,1108,幸福,水泥工業,水泥工業,twse,industry_relative,-0.02857142857142858,,-0.04176069865729415,,-0.015599677028081516,,-0.012971751543347065,,58.0,1,
2026-06-10,1109,信大,水泥工業,水泥工業,twse,industry_relative,-0.01683501683501687,,-0.04176069865729415,,-0.015599677028081516,,-0.0012353398069353538,,58.0,1,
2026-06-10,1110,東泥,水泥工業,水泥工業,twse,industry_relative,-0.03448275862068961,,-0.04176069865729415,,-0.015599677028081516,,-0.018883081592608097,,58.0,1,
2026-06-10,1201,味全,食品工業,食品工業,twse,industry_relative,-0.01195219123505975,,-0.04176069865729415,,-0.014954368855961752,,0.0030021776209020017,,62.0,1,
2026-06-10,1203,味王,食品工業,食品工業,twse,industry_relative,-0.053348467650397136,,-0.04176069865729415,,-0.014954368855961752,,-0.03839409879443538,,52.0,1,
2026-06-10,1210,大成,食品工業,食品工業,twse,industry_relative,0.03165735567970196,,-0.04176069865729415,,-0.014954368855961752,,0.046611724535663715,,66.0,1,
2026-06-10,1213,大飲,食品工業,食品工業,twse,industry_relative,-0.004739336492890933,,-0.04176069865729415,,-0.014954368855961752,,0.010215032363070819,,62.0,1,
2026-06-10,1215,卜蜂,食品工業,食品工業,twse,industry_relative,0.03508771929824572,,-0.04176069865729415,,-0.014954368855961752,,0.05004208815420748,,66.0,1,
2026-06-10,1216,統一,食品工業,食品工業,twse,industry_relative,0.015006821282401273,,-0.04176069865729415,,-0.014954368855961752,,0.029961190138363025,,66.0,1,
2026-06-10,1217,愛之味,食品工業,食品工業,twse,industry_relative,-0.013000000000000123,,-0.04176069865729415,,-0.014954368855961752,,0.0019543688559616294,,62.0,1,
2026-06-10,1218,泰山,食品工業,食品工業,twse,industry_relative,-0.012755102040816313,,-0.04176069865729415,,-0.014954368855961752,,0.002199266815145439,,62.0,1,
2026-06-10,1219,福壽,食品工業,食品工業,twse,industry_relative,-0.03100775193798455,,-0.04176069865729415,,-0.014954368855961752,,-0.0160533830820228,,58.0,1,
2026-06-10,1220,台榮,食品工業,食品工業,twse,industry_relative,-0.021008403361344574,,-0.04176069865729415,,-0.014954368855961752,,-0.006054034505382822,,58.0,1,
2026-06-10,1225,福懋油,食品工業,食品工業,twse,industry_relative,0.02360876897133224,,-0.04176069865729415,,-0.014954368855961752,,0.038563137827293995,,66.0,1,
2026-06-10,1227,佳格,食品工業,食品工業,twse,industry_relative,-0.0017605633802816323,,-0.04176069865729415,,-0.014954368855961752,,0.01319380547568012,,62.0,1,
2026-06-10,1229,聯華,食品工業,食品工業,twse,industry_relative,-0.054607508532423354,,-0.04176069865729415,,-0.014954368855961752,,-0.0396531396764616,,52.0,1,
2026-06-10,1231,聯華食,食品工業,食品工業,twse,industry_relative,0.0046136101499423265,,-0.04176069865729415,,-0.014954368855961752,,0.01956797900590408,,62.0,1,
2026-06-10,1232,大統益,食品工業,食品工業,twse,industry_relative,0.010135135135135087,,-0.04176069865729415,,-0.014954368855961752,,0.02508950399109684,,66.0,1,
2026-06-10,1233,天仁,食品工業,食品工業,twse,industry_relative,-0.0018115942028985588,,-0.04176069865729415,,-0.014954368855961752,,0.013142774653063193,,62.0,1,
2026-06-10,1234,黑松,食品工業,食品工業,twse,industry_relative,-0.0028571428571428914,,-0.04176069865729415,,-0.014954368855961752,,0.01209722599881886,,62.0,1,
2026-06-10,1235,興泰,食品工業,食品工業,twse,industry_relative,-0.06583850931677016,,-0.04176069865729415,,-0.014954368855961752,,-0.0508841404608084,,52.0,1,
2026-06-10,1236,宏亞,食品工業,食品工業,twse,industry_relative,0.021956087824351433,,-0.04176069865729415,,-0.014954368855961752,,0.03691045668031319,,66.0,1,
2026-06-10,1256,鮮活果汁-KY,食品工業,食品工業,manual,industry_relative,-0.11662531017369726,,-0.04176069865729415,,-0.014954368855961752,,-0.1016709413177355,,52.0,1,
2026-06-10,1301,台塑,塑膠工業,塑膠工業,twse,industry_relative,-0.1461538461538462,,-0.04176069865729415,,-0.06443388900988423,,-0.08171995714396196,,52.0,1,
2026-06-10,1303,南亞,塑膠工業,塑膠工業,twse,industry_relative,-0.16106194690265485,,-0.04176069865729415,,-0.06443388900988423,,-0.09662805789277062,,52.0,1,
2026-06-10,1304,台聚,塑膠工業,塑膠工業,twse,industry_relative,-0.10839160839160844,,-0.04176069865729415,,-0.06443388900988423,,-0.043957719381724214,,52.0,1,
2026-06-10,1305,華夏,塑膠工業,塑膠工業,twse,industry_relative,-0.09712230215827333,,-0.04176069865729415,,-0.06443388900988423,,-0.032688413148389106,,52.0,1,
2026-06-10,1307,三芳,塑膠工業,塑膠工業,twse,industry_relative,0.02941176470588225,,-0.04176069865729415,,-0.06443388900988423,,0.09384565371576647,,66.0,1,
2026-06-10,1308,亞聚,塑膠工業,塑膠工業,twse,industry_relative,-0.06597222222222232,,-0.04176069865729415,,-0.06443388900988423,,-0.0015383332123380944,,58.0,1,
2026-06-10,1309,台達化,塑膠工業,塑膠工業,twse,industry_relative,-0.15254237288135586,,-0.04176069865729415,,-0.06443388900988423,,-0.08810848387147163,,52.0,1,
2026-06-10,1310,台苯,塑膠工業,塑膠工業,twse,industry_relative,-0.09884332281808617,,-0.04176069865729415,,-0.06443388900988423,,-0.03440943380820194,,52.0,1,
2026-06-10,1312,國喬,塑膠工業,塑膠工業,twse,industry_relative,-0.09278350515463929,,-0.04176069865729415,,-0.06443388900988423,,-0.028349616144755063,,52.0,1,
2026-06-10,1312A,國喬特,全市場,,,market_relative_fallback,-0.0022471910112359383,,-0.04176069865729415,,-0.04176069865729415,,0.03951350764605821,,66.0,1,缺少產業分類，使用全市場相對強弱
2026-06-10,1313,聯成,塑膠工業,塑膠工業,twse,industry_relative,-0.0714285714285714,,-0.04176069865729415,,-0.06443388900988423,,-0.00699468241868717,,58.0,1,
2026-06-10,1314,中石化,塑膠工業,塑膠工業,twse,industry_relative,-0.043316831683168244,,-0.04176069865729415,,-0.06443388900988423,,0.021117057326715982,,66.0,1,
2026-06-10,1315,達新,塑膠工業,塑膠工業,twse,industry_relative,-0.01449275362318836,,-0.04176069865729415,,-0.06443388900988423,,0.04994113538669587,,66.0,1,
2026-06-10,1316,上曜,建材營造,建材營造,twse,industry_relative,0.032863849765258246,,-0.04176069865729415,,0.04434282351920076,,-0.011478973753942516,,58.0,1,
2026-06-10,1319,東陽,汽車工業,汽車工業,twse,industry_relative,0.13467656415694584,,-0.04176069865729415,,-0.024068947735155496,,0.15874551189210134,,66.0,1,
2026-06-10,1321,大洋,塑膠工業,塑膠工業,twse,industry_relative,0.0667808219178081,,-0.04176069865729415,,-0.06443388900988423,,0.13121471092769232,,66.0,1,
2026-06-10,1323,永裕,塑膠工業,塑膠工業,twse,industry_relative,-0.04166666666666652,,-0.04176069865729415,,-0.06443388900988423,,0.022767222343217708,,66.0,1,
2026-06-10,1324,地球,塑膠工業,塑膠工業,twse,industry_relative,-0.03703703703703709,,-0.04176069865729415,,-0.06443388900988423,,0.027396851972847136,,66.0,1,
2026-06-10,1325,恆大,塑膠工業,塑膠工業,twse,industry_relative,-0.020676691729323293,,-0.04176069865729415,,-0.06443388900988423,,0.04375719728056093,,66.0,1,
2026-06-10,1326,台化,塑膠工業,塑膠工業,twse,industry_relative,-0.18230088495575214,,-0.04176069865729415,,-0.06443388900988423,,-0.11786699594586791,,52.0,1,
2026-06-10,1337,再生-KY,塑膠工業,塑膠工業,twse,industry_relative,-0.051823416506717734,,-0.04176069865729415,,-0.06443388900988423,,0.012610472503166492,,62.0,1,
2026-06-10,1338,廣華-KY,汽車工業,汽車工業,twse,industry_relative,0.0,,-0.04176069865729415,,-0.024068947735155496,,0.024068947735155496,,66.0,1,
2026-06-10,1339,昭輝,汽車工業,汽車工業,twse,industry_relative,-0.005714285714285672,,-0.04176069865729415,,-0.024068947735155496,,0.018354662020869824,,62.0,1,
2026-06-10,1340,勝悅-KY,塑膠工業,塑膠工業,twse,industry_relative,-0.06799336650082921,,-0.04176069865729415,,-0.06443388900988423,,-0.0035594774909449844,,58.0,1,
2026-06-10,1341,富林-KY,塑膠工業,塑膠工業,twse,industry_relative,-0.019108280254776955,,-0.04176069865729415,,-0.06443388900988423,,0.04532560875510727,,66.0,1,
2026-06-10,1342,八貫,其他,其他,twse,industry_relative,0.134453781512605,,-0.04176069865729415,,0.005317573555849495,,0.1291362079567555,,66.0,1,
2026-06-10,1402,遠東新,紡織纖維,紡織纖維,twse,industry_relative,0.012820512820512775,,-0.04176069865729415,,-0.029051882503745248,,0.04187239532425802,,66.0,1,
2026-06-10,1409,新纖,紡織纖維,紡織纖維,manual,industry_relative,-0.16006600660066006,,-0.04176069865729415,,-0.029051882503745248,,-0.13101412409691482,,52.0,1,
2026-06-10,1410,南染,紡織纖維,紡織纖維,twse,industry_relative,-0.06367041198501866,,-0.04176069865729415,,-0.029051882503745248,,-0.03461852948127341,,52.0,1,
2026-06-10,1413,宏洲,紡織纖維,紡織纖維,twse,industry_relative,-0.019607843137254832,,-0.04176069865729415,,-0.029051882503745248,,0.009444039366490416,,62.0,1,
2026-06-10,1414,東和,紡織纖維,紡織纖維,twse,industry_relative,0.050156739811912265,,-0.04176069865729415,,-0.029051882503745248,,0.0792086223156575,,66.0,1,
2026-06-10,1416,廣豐,其他,其他,twse,industry_relative,-0.06837606837606824,,-0.04176069865729415,,0.005317573555849495,,-0.07369364193191774,,52.0,1,
2026-06-10,1417,嘉裕,紡織纖維,紡織纖維,twse,industry_relative,-0.010550996483001174,,-0.04176069865729415,,-0.029051882503745248,,0.018500886020744074,,62.0,1,
2026-06-10,1418,東華,紡織纖維,紡織纖維,twse,industry_relative,-0.01072386058981234,,-0.04176069865729415,,-0.029051882503745248,,0.01832802191393291,,62.0,1,
2026-06-10,1419,新紡,紡織纖維,紡織纖維,twse,industry_relative,-0.04579025110782875,,-0.04176069865729415,,-0.029051882503745248,,-0.016738368604083502,,58.0,1,
2026-06-10,1423,利華,紡織纖維,紡織纖維,twse,industry_relative,0.010344827586207028,,-0.04176069865729415,,-0.029051882503745248,,0.039396710089952276,,66.0,1,
2026-06-10,1432,大魯閣,運動休閒,運動休閒,twse,industry_relative,0.005813953488372103,,-0.04176069865729415,,0.029126014210262355,,-0.02331206072189025,,52.0,1,
2026-06-10,1434,福懋,紡織纖維,紡織纖維,twse,industry_relative,-0.012012012012011963,,-0.04176069865729415,,-0.029051882503745248,,0.017039870491733285,,62.0,1,
2026-06-10,1436,華友聯,建材營造,建材營造,twse,industry_relative,0.021598272138228847,,-0.04176069865729415,,0.04434282351920076,,-0.022744551380971915,,52.0,1,
2026-06-10,1437,勤益控,其他,其他,twse,industry_relative,-0.008620689655172376,,-0.04176069865729415,,0.005317573555849495,,-0.01393826321102187,,58.0,1,
2026-06-10,1438,三地開發,建材營造,建材營造,twse,industry_relative,0.11734693877550995,,-0.04176069865729415,,0.04434282351920076,,0.07300411525630918,,66.0,1,
2026-06-10,1439,雋揚,建材營造,建材營造,twse,industry_relative,-0.009803921568627416,,-0.04176069865729415,,0.04434282351920076,,-0.05414674508782818,,52.0,1,
2026-06-10,1440,南紡,紡織纖維,紡織纖維,twse,industry_relative,-0.15384615384615385,,-0.04176069865729415,,-0.029051882503745248,,-0.12479427134240861,,52.0,1,
2026-06-10,1441,大東,紡織纖維,紡織纖維,twse,industry_relative,-0.04474505723204991,,-0.04176069865729415,,-0.029051882503745248,,-0.015693174728304664,,58.0,1,
2026-06-10,1442,名軒,建材營造,建材營造,twse,industry_relative,0.010830324909747224,,-0.04176069865729415,,0.04434282351920076,,-0.03351249860945354,,52.0,1,
2026-06-10,1443,立益物流,其他,其他,twse,industry_relative,0.04761904761904767,,-0.04176069865729415,,0.005317573555849495,,0.042301474063198174,,66.0,1,
2026-06-10,1444,力麗,紡織纖維,紡織纖維,twse,industry_relative,-0.0935828877005348,,-0.04176069865729415,,-0.029051882503745248,,-0.06453100519678956,,52.0,1,
2026-06-10,1445,大宇,紡織纖維,紡織纖維,twse,industry_relative,-0.0386266094420602,,-0.04176069865729415,,-0.029051882503745248,,-0.009574726938314952,,58.0,1,
2026-06-10,1446,宏和,紡織纖維,紡織纖維,twse,industry_relative,0.015151515151515138,,-0.04176069865729415,,-0.029051882503745248,,0.044203397655260386,,66.0,1,
2026-06-10,1447,力鵬,紡織纖維,紡織纖維,twse,industry_relative,-0.06743185078909608,,-0.04176069865729415,,-0.029051882503745248,,-0.038379968285350834,,52.0,1,
2026-06-10,1449,佳和,紡織纖維,紡織纖維,twse,industry_relative,0.06115107913669071,,-0.04176069865729415,,-0.029051882503745248,,0.09020296164043595,,66.0,1,
2026-06-10,1451,年興,紡織纖維,紡織纖維,twse,industry_relative,-0.020710059171597517,,-0.04176069865729415,,-0.029051882503745248,,0.008341823332147731,,62.0,1,
2026-06-10,1452,宏益,紡織纖維,紡織纖維,twse,industry_relative,-0.013698630136986134,,-0.04176069865729415,,-0.029051882503745248,,0.015353252366759114,,62.0,1,
2026-06-10,1453,大將,建材營造,建材營造,twse,industry_relative,-0.012658227848101333,,-0.04176069865729415,,0.04434282351920076,,-0.057001051367302095,,52.0,1,
2026-06-10,1454,台富,紡織纖維,紡織纖維,twse,industry_relative,-0.011538461538461608,,-0.04176069865729415,,-0.029051882503745248,,0.01751342096528364,,62.0,1,
2026-06-10,1455,集盛,紡織纖維,紡織纖維,twse,industry_relative,0.0478723404255319,,-0.04176069865729415,,-0.029051882503745248,,0.07692422292927714,,66.0,1,
2026-06-10,1456,怡華,建材營造,建材營造,twse,industry_relative,0.03345724907063197,,-0.04176069865729415,,0.04434282351920076,,-0.010885574448568795,,58.0,1,
2026-06-10,1457,宜進,紡織纖維,紡織纖維,twse,industry_relative,-0.006779661016949157,,-0.04176069865729415,,-0.029051882503745248,,0.02227222148679609,,66.0,1,
2026-06-10,1459,聯發,紡織纖維,紡織纖維,twse,industry_relative,-0.008547008547008517,,-0.04176069865729415,,-0.029051882503745248,,0.02050487395673673,,66.0,1,
2026-06-10,1460,宏遠,紡織纖維,紡織纖維,twse,industry_relative,-0.0574866310160429,,-0.04176069865729415,,-0.029051882503745248,,-0.02843474851229765,,52.0,1,
2026-06-10,1463,強盛新,紡織纖維,紡織纖維,twse,industry_relative,-0.005617977528090012,,-0.04176069865729415,,-0.029051882503745248,,0.023433904975655236,,66.0,1,
2026-06-10,1464,得力,紡織纖維,紡織纖維,twse,industry_relative,-0.037209302325581395,,-0.04176069865729415,,-0.029051882503745248,,-0.008157419821836147,,58.0,1,
2026-06-10,1465,偉全,紡織纖維,紡織纖維,twse,industry_relative,-0.02788844621513953,,-0.04176069865729415,,-0.029051882503745248,,0.0011634362886057195,,62.0,1,
2026-06-10,1466,聚隆,紡織纖維,紡織纖維,twse,industry_relative,-0.03741496598639449,,-0.04176069865729415,,-0.029051882503745248,,-0.00836308348264924,,58.0,1,
2026-06-10,1467,南緯,紡織纖維,紡織纖維,twse,industry_relative,-0.03180661577608146,,-0.04176069865729415,,-0.029051882503745248,,-0.0027547332723362114,,58.0,1,
2026-06-10,1468,昶和,紡織纖維,紡織纖維,twse,industry_relative,-0.04115226337448563,,-0.04176069865729415,,-0.029051882503745248,,-0.012100380870740383,,58.0,1,
2026-06-10,1470,大統新創,紡織纖維,紡織纖維,twse,industry_relative,0.006681514476614803,,-0.04176069865729415,,-0.029051882503745248,,0.03573339698036005,,66.0,1,
2026-06-10,1471,首利,電子零組件業,電子零組件業,twse,industry_relative,-0.09623430962343082,,-0.04176069865729415,,-0.047364186962321156,,-0.04887012266110967,,52.0,1,
2026-06-10,1472,三洋實業,建材營造,建材營造,twse,industry_relative,-0.012222222222222134,,-0.04176069865729415,,0.04434282351920076,,-0.0565650457414229,,52.0,1,
2026-06-10,1473,台南,紡織纖維,紡織纖維,twse,industry_relative,-0.055299539170506895,,-0.04176069865729415,,-0.029051882503745248,,-0.026247656666761647,,52.0,1,
2026-06-10,1474,弘裕,紡織纖維,紡織纖維,twse,industry_relative,-0.00487804878048792,,-0.04176069865729415,,-0.029051882503745248,,0.024173833723257328,,66.0,1,
2026-06-10,1475,業旺,紡織纖維,紡織纖維,twse,industry_relative,0.05242718446601957,,-0.04176069865729415,,-0.029051882503745248,,0.08147906696976481,,66.0,1,
2026-06-10,1476,儒鴻,紡織纖維,紡織纖維,twse,industry_relative,-0.04576976421636614,,-0.04176069865729415,,-0.029051882503745248,,-0.01671788171262089,,58.0,1,
2026-06-10,1477,聚陽,紡織纖維,紡織纖維,twse,industry_relative,-0.03687635574837311,,-0.04176069865729415,,-0.029051882503745248,,-0.007824473244627865,,58.0,1,
2026-06-10,1503,士電,電機機械,電機機械,twse,industry_relative,-0.11065573770491799,,-0.04176069865729415,,-0.06416030185742656,,-0.046495435847491426,,52.0,1,
2026-06-10,1504,東元,電機機械,電機機械,twse,industry_relative,-0.16265060240963858,,-0.04176069865729415,,-0.06416030185742656,,-0.09849030055221202,,52.0,1,
2026-06-10,1506,正道,電機機械,電機機械,twse,industry_relative,-0.00990099009900991,,-0.04176069865729415,,-0.06416030185742656,,0.05425931175841665,,66.0,1,
2026-06-10,1512,瑞利,汽車工業,汽車工業,twse,industry_relative,-0.04078762306610406,,-0.04176069865729415,,-0.024068947735155496,,-0.016718675330948566,,58.0,1,
2026-06-10,1513,中興電,電機機械,電機機械,manual,industry_relative,-0.10840108401084014,,-0.04176069865729415,,-0.06416030185742656,,-0.04424078215341358,,52.0,1,
2026-06-10,1514,亞力,電機機械,電機機械,twse,industry_relative,-0.125,,-0.04176069865729415,,-0.06416030185742656,,-0.06083969814257344,,52.0,1,
2026-06-10,1515,力山,電機機械,電機機械,twse,industry_relative,0.01521739130434785,,-0.04176069865729415,,-0.06416030185742656,,0.07937769316177441,,66.0,1,
2026-06-10,1516,川飛,其他,其他,twse,industry_relative,0.01385681293302543,,-0.04176069865729415,,0.005317573555849495,,0.008539239377175937,,62.0,1,
2026-06-10,1517,利奇,電機機械,電機機械,twse,industry_relative,-0.04245283018867918,,-0.04176069865729415,,-0.06416030185742656,,0.021707471668747383,,66.0,1,
2026-06-10,1519,華城,電機機械,電機機械,twse,industry_relative,-0.1540106951871658,,-0.04176069865729415,,-0.06416030185742656,,-0.08985039332973925,,52.0,1,
2026-06-10,1521,大億,汽車工業,汽車工業,twse,industry_relative,-0.0714285714285714,,-0.04176069865729415,,-0.024068947735155496,,-0.0473596236934159,,52.0,1,
2026-06-10,1522,堤維西,汽車工業,汽車工業,twse,industry_relative,-0.07078313253012047,,-0.04176069865729415,,-0.024068947735155496,,-0.046714184794964975,,52.0,1,
2026-06-10,1522A,堤維西甲特,全市場,,,market_relative_fallback,,,-0.04176069865729415,,-0.04176069865729415,,,,58.0,1,缺少產業分類，使用全市場相對強弱
2026-06-10,1524,耿鼎,汽車工業,汽車工業,twse,industry_relative,-0.1081481481481481,,-0.04176069865729415,,-0.024068947735155496,,-0.0840792004129926,,52.0,1,
2026-06-10,1525,江申,汽車工業,汽車工業,twse,industry_relative,0.007418397626112849,,-0.04176069865729415,,-0.024068947735155496,,0.03148734536126835,,66.0,1,
2026-06-10,1526,日馳,電機機械,電機機械,twse,industry_relative,-0.06451612903225812,,-0.04176069865729415,,-0.06416030185742656,,-0.000355827174831555,,58.0,1,
2026-06-10,1527,鑽全,電機機械,電機機械,twse,industry_relative,-0.0015015015015014122,,-0.04176069865729415,,-0.06416030185742656,,0.06265880035592515,,66.0,1,
2026-06-10,1528,恩德,電機機械,電機機械,twse,industry_relative,-0.17589576547231267,,-0.04176069865729415,,-0.06416030185742656,,-0.11173546361488611,,52.0,1,
2026-06-10,1529,樂事綠能,電機機械,電機機械,twse,industry_relative,-0.10750507099391471,,-0.04176069865729415,,-0.06416030185742656,,-0.043344769136488145,,52.0,1,
2026-06-10,1530,亞崴,電機機械,電機機械,manual,industry_relative,-0.042424242424242364,,-0.04176069865729415,,-0.06416030185742656,,0.0217360594331842,,66.0,1,
2026-06-10,1531,高林股,電機機械,電機機械,twse,industry_relative,0.015810276679841806,,-0.04176069865729415,,-0.06416030185742656,,0.07997057853726837,,66.0,1,
2026-06-10,1532,勤美,電機機械,電機機械,twse,industry_relative,0.03378378378378377,,-0.04176069865729415,,-0.06416030185742656,,0.09794408564121034,,66.0,1,
2026-06-10,1533,車王電,汽車工業,汽車工業,manual,industry_relative,0.0,,-0.04176069865729415,,-0.024068947735155496,,0.024068947735155496,,66.0,1,
2026-06-10,1535,中宇,電機機械,電機機械,twse,industry_relative,-0.013972055888223589,,-0.04176069865729415,,-0.06416030185742656,,0.050188245969202974,,66.0,1,
2026-06-10,1536,和大,汽車工業,汽車工業,twse,industry_relative,-0.053846153846153766,,-0.04176069865729415,,-0.024068947735155496,,-0.02977720611099827,,52.0,1,
2026-06-10,1537,廣隆,電機機械,電機機械,twse,industry_relative,0.0,,-0.04176069865729415,,-0.06416030185742656,,0.06416030185742656,,66.0,1,
2026-06-10,1538,正峰,電機機械,電機機械,twse,industry_relative,-0.008547008547008517,,-0.04176069865729415,,-0.06416030185742656,,0.05561329331041805,,66.0,1,
2026-06-10,1539,巨庭,電機機械,電機機械,twse,industry_relative,-0.0486322188449847,,-0.04176069865729415,,-0.06416030185742656,,0.015528083012441865,,62.0,1,
2026-06-10,1540,喬福,電機機械,電機機械,twse,industry_relative,-0.05689277899343548,,-0.04176069865729415,,-0.06416030185742656,,0.0072675228639910855,,62.0,1,
2026-06-10,1541,錩泰,電機機械,電機機械,twse,industry_relative,-0.07795100222717144,,-0.04176069865729415,,-0.06416030185742656,,-0.013790700369744877,,58.0,1,
2026-06-10,1558,伸興,電機機械,電機機械,twse,industry_relative,-0.00875273522975939,,-0.04176069865729415,,-0.06416030185742656,,0.055407566627667174,,66.0,1,
2026-06-10,1560,中砂,電機機械,電機機械,twse,industry_relative,-0.16231086657496563,,-0.04176069865729415,,-0.06416030185742656,,-0.09815056471753907,,52.0,1,
2026-06-10,1563,巧新,汽車工業,汽車工業,manual,industry_relative,-0.14454277286135686,,-0.04176069865729415,,-0.024068947735155496,,-0.12047382512620136,,52.0,1,
2026-06-10,1568,倉佑,汽車工業,汽車工業,manual,industry_relative,-0.17926565874730016,,-0.04176069865729415,,-0.024068947735155496,,-0.15519671101214466,,52.0,1,
2026-06-10,1582,信錦,電子零組件業,電子零組件業,twse,industry_relative,-0.20627802690582964,,-0.04176069865729415,,-0.047364186962321156,,-0.1589138399435085,,52.0,1,
2026-06-10,1583,程泰,電機機械,電機機械,manual,industry_relative,-0.11171171171171179,,-0.04176069865729415,,-0.06416030185742656,,-0.04755140985428523,,52.0,1,
2026-06-10,1587,吉茂,汽車工業,汽車工業,twse,industry_relative,-0.08374384236453203,,-0.04176069865729415,,-0.024068947735155496,,-0.05967489462937653,,52.0,1,
2026-06-10,1590,亞德客-KY,電機機械,電機機械,twse,industry_relative,-0.062043795620437936,,-0.04176069865729415,,-0.06416030185742656,,0.0021165062369886273,,62.0,1,
2026-06-10,1597,直得,電機機械,電機機械,twse,industry_relative,-0.1141141141141141,,-0.04176069865729415,,-0.06416030185742656,,-0.04995381225668753,,52.0,1,
2026-06-10,1598,岱宇,運動休閒,運動休閒,twse,industry_relative,0.0,,-0.04176069865729415,,0.029126014210262355,,-0.029126014210262355,,52.0,1,
2026-06-10,1603,華電,電器電纜,電器電纜,twse,industry_relative,-0.07602339181286555,,-0.04176069865729415,,-0.06904891896021931,,-0.006974472852646241,,58.0,1,
2026-06-10,1604,聲寶,電器電纜,電器電纜,twse,industry_relative,-0.010615711252653925,,-0.04176069865729415,,-0.06904891896021931,,0.05843320770756538,,66.0,1,
2026-06-10,1605,華新,電器電纜,電器電纜,twse,industry_relative,-0.18501170960187363,,-0.04176069865729415,,-0.06904891896021931,,-0.11596279064165432,,52.0,1,
2026-06-10,1608,華榮,電器電纜,電器電纜,twse,industry_relative,-0.1459390862944162,,-0.04176069865729415,,-0.06904891896021931,,-0.0768901673341969,,52.0,1,
2026-06-10,1609,大亞,電器電纜,電器電纜,twse,industry_relative,-0.13048635824436539,,-0.04176069865729415,,-0.06904891896021931,,-0.06143743928414608,,52.0,1,
2026-06-10,1611,中電,電器電纜,電器電纜,twse,industry_relative,-0.0073260073260073,,-0.04176069865729415,,-0.06904891896021931,,0.06172291163421201,,66.0,1,
2026-06-10,1612,宏泰,電器電纜,電器電纜,twse,industry_relative,-0.0544303797468354,,-0.04176069865729415,,-0.06904891896021931,,0.014618539213383908,,62.0,1,
2026-06-10,1614,三洋電,電器電纜,電器電纜,twse,industry_relative,-0.06932153392330376,,-0.04176069865729415,,-0.06904891896021931,,-0.0002726149630844499,,58.0,1,
2026-06-10,1615,大山,電器電纜,電器電纜,twse,industry_relative,-0.0429184549356223,,-0.04176069865729415,,-0.06904891896021931,,0.02613046402459701,,66.0,1,
2026-06-10,1616,億泰,電器電纜,電器電纜,twse,industry_relative,-0.09034907597535946,,-0.04176069865729415,,-0.06904891896021931,,-0.021300157015140153,,52.0,1,
2026-06-10,1617,榮星,電器電纜,電器電纜,twse,industry_relative,-0.05555555555555569,,-0.04176069865729415,,-0.06904891896021931,,0.013493363404663616,,62.0,1,
2026-06-10,1618,合機,電器電纜,電器電纜,twse,industry_relative,-0.039823008849557584,,-0.04176069865729415,,-0.06904891896021931,,0.029225910110661724,,66.0,1,
2026-06-10,1623,大東電,電器電纜,電器電纜,twse,industry_relative,-0.12219959266802449,,-0.04176069865729415,,-0.06904891896021931,,-0.053150673707805185,,52.0,1,
2026-06-10,1626,艾美特-KY,電器電纜,電器電纜,twse,industry_relative,-0.006965174129353269,,-0.04176069865729415,,-0.06904891896021931,,0.06208374483086604,,66.0,1,
2026-06-10,1702,南僑,食品工業,食品工業,twse,industry_relative,0.0031897926634767426,,-0.04176069865729415,,-0.014954368855961752,,0.018144161519438495,,62.0,1,
2026-06-10,1707,葡萄王,生技醫療業,生技醫療業,twse,industry_relative,0.0049261083743843415,,-0.04176069865729415,,-0.0019462570785050463,,0.0068723654528893875,,62.0,1,
2026-06-10,1708,東鹼,化學工業,化學工業,twse,industry_relative,0.0726643598615917,,-0.04176069865729415,,-0.042915235075407544,,0.11557959493699924,,66.0,1,
2026-06-10,1709,和益,化學工業,化學工業,twse,industry_relative,0.04962779156327546,,-0.04176069865729415,,-0.042915235075407544,,0.092543026638683,,66.0,1,
2026-06-10,1710,東聯,化學工業,化學工業,twse,industry_relative,-0.109375,,-0.04176069865729415,,-0.042915235075407544,,-0.06645976492459246,,52.0,1,
2026-06-10,1711,永光,化學工業,化學工業,twse,industry_relative,-0.10759493670886078,,-0.04176069865729415,,-0.042915235075407544,,-0.06467970163345324,,52.0,1,
2026-06-10,1712,興農,化學工業,化學工業,twse,industry_relative,-0.008860759493670933,,-0.04176069865729415,,-0.042915235075407544,,0.03405447558173661,,66.0,1,
2026-06-10,1713,國化,化學工業,化學工業,twse,industry_relative,-0.024291497975708398,,-0.04176069865729415,,-0.042915235075407544,,0.018623737099699146,,62.0,1,
2026-06-10,1714,和桐,化學工業,化學工業,twse,industry_relative,0.19090909090909092,,-0.04176069865729415,,-0.042915235075407544,,0.23382432598449845,,66.0,1,
2026-06-10,1717,長興,化學工業,化學工業,twse,industry_relative,-0.13188220230473746,,-0.04176069865729415,,-0.042915235075407544,,-0.08896696722932992,,52.0,1,
2026-06-10,1718,中纖,化學工業,化學工業,twse,industry_relative,0.011363636363636243,,-0.04176069865729415,,-0.042915235075407544,,0.05427887143904379,,66.0,1,
2026-06-10,1720,生達,生技醫療業,生技醫療業,twse,industry_relative,0.008051529790660261,,-0.04176069865729415,,-0.0019462570785050463,,0.009997786869165307,,62.0,1,
2026-06-10,1721,三晃,化學工業,化學工業,twse,industry_relative,-0.1454545454545455,,-0.04176069865729415,,-0.042915235075407544,,-0.10253931037913797,,52.0,1,
2026-06-10,1722,台肥,化學工業,化學工業,twse,industry_relative,-0.01355578727841511,,-0.04176069865729415,,-0.042915235075407544,,0.029359447796992434,,66.0,1,
2026-06-10,1723,中碳,化學工業,化學工業,twse,industry_relative,-0.0023781212841853527,,-0.04176069865729415,,-0.042915235075407544,,0.04053711379122219,,66.0,1,
2026-06-10,1725,元禎,化學工業,化學工業,twse,industry_relative,-0.09237536656891498,,-0.04176069865729415,,-0.042915235075407544,,-0.04946013149350744,,52.0,1,
2026-06-10,1726,永記,化學工業,化學工業,twse,industry_relative,0.002564102564102555,,-0.04176069865729415,,-0.042915235075407544,,0.0454793376395101,,66.0,1,
2026-06-10,1727,中華化,化學工業,化學工業,twse,industry_relative,-0.07537154989384298,,-0.04176069865729415,,-0.042915235075407544,,-0.03245631481843544,,52.0,1,
2026-06-10,1730,花仙子,化學工業,化學工業,twse,industry_relative,0.0,,-0.04176069865729415,,-0.042915235075407544,,0.042915235075407544,,66.0,1,
2026-06-10,1731,美吾華,生技醫療業,生技醫療業,twse,industry_relative,-0.00462962962962965,,-0.04176069865729415,,-0.0019462570785050463,,-0.002683372551124604,,58.0,1,
2026-06-10,1732,毛寶,化學工業,化學工業,twse,industry_relative,-0.007547169811320753,,-0.04176069865729415,,-0.042915235075407544,,0.03536806526408679,,66.0,1,
2026-06-10,1733,五鼎,生技醫療業,生技醫療業,twse,industry_relative,-0.05592105263157887,,-0.04176069865729415,,-0.0019462570785050463,,-0.05397479555307382,,52.0,1,
2026-06-10,1734,杏輝,生技醫療業,生技醫療業,twse,industry_relative,0.012944983818770295,,-0.04176069865729415,,-0.0019462570785050463,,0.01489124089727534,,62.0,1,
2026-06-10,1735,日勝化,化學工業,化學工業,twse,industry_relative,-0.13396226415094348,,-0.04176069865729415,,-0.042915235075407544,,-0.09104702907553594,,52.0,1,
2026-06-10,1736,喬山,運動休閒,運動休閒,twse,industry_relative,-0.03448275862068961,,-0.04176069865729415,,0.029126014210262355,,-0.06360877283095197,,52.0,1,
2026-06-10,1737,臺鹽,食品工業,食品工業,twse,industry_relative,0.004754358161648042,,-0.04176069865729415,,-0.014954368855961752,,0.019708727017609794,,62.0,1,
2026-06-10,1752,南光,生技醫療業,生技醫療業,twse,industry_relative,0.0,,-0.04176069865729415,,-0.0019462570785050463,,0.0019462570785050463,,62.0,1,
2026-06-10,1760,寶齡富錦,生技醫療業,生技醫療業,twse,industry_relative,0.01821192052980125,,-0.04176069865729415,,-0.0019462570785050463,,0.020158177608306297,,66.0,1,
2026-06-10,1762,中化生,生技醫療業,生技醫療業,twse,industry_relative,0.024643320363164856,,-0.04176069865729415,,-0.0019462570785050463,,0.0265895774416699,,66.0,1,
2026-06-10,1773,勝一,化學工業,化學工業,twse,industry_relative,-0.06388888888888888,,-0.04176069865729415,,-0.042915235075407544,,-0.02097365381348134,,52.0,1,
2026-06-10,1776,展宇,化學工業,化學工業,twse,industry_relative,-0.016483516483516536,,-0.04176069865729415,,-0.042915235075407544,,0.02643171859189101,,66.0,1,
2026-06-10,1783,和康生,生技醫療業,生技醫療業,twse,industry_relative,-0.023839397741530766,,-0.04176069865729415,,-0.0019462570785050463,,-0.02189314066302572,,52.0,1,
2026-06-10,1786,科妍,生技醫療業,生技醫療業,twse,industry_relative,0.047882136279926435,,-0.04176069865729415,,-0.0019462570785050463,,0.049828393358431484,,66.0,1,
2026-06-10,1789,神隆,生技醫療業,生技醫療業,twse,industry_relative,-0.012345679012345734,,-0.04176069865729415,,-0.0019462570785050463,,-0.010399421933840688,,58.0,1,
2026-06-10,1795,美時,生技醫療業,生技醫療業,twse,industry_relative,0.030612244897959107,,-0.04176069865729415,,-0.0019462570785050463,,0.032558501976464156,,66.0,1,
2026-06-10,1802,台玻,玻璃陶瓷,玻璃陶瓷,twse,industry_relative,-0.1629526462395543,,-0.04176069865729415,,-0.046884038658187355,,-0.11606860758136694,,52.0,1,
2026-06-10,1805,寶徠,建材營造,建材營造,twse,industry_relative,-0.040909090909090895,,-0.04176069865729415,,0.04434282351920076,,-0.08525191442829166,,52.0,1,
2026-06-10,1806,冠軍,玻璃陶瓷,玻璃陶瓷,twse,industry_relative,-0.013253012048192958,,-0.04176069865729415,,-0.046884038658187355,,0.0336310266099944,,66.0,1,
2026-06-10,1808,潤隆,建材營造,建材營造,twse,industry_relative,0.022727272727272707,,-0.04176069865729415,,0.04434282351920076,,-0.021615550791928055,,52.0,1,
2026-06-10,1809,中釉,玻璃陶瓷,玻璃陶瓷,twse,industry_relative,-0.09786476868327398,,-0.04176069865729415,,-0.046884038658187355,,-0.05098073002508663,,52.0,1,
2026-06-10,1810,和成,玻璃陶瓷,玻璃陶瓷,manual,industry_relative,0.04975124378109452,,-0.04176069865729415,,-0.046884038658187355,,0.09663528243928188,,66.0,1,
2026-06-10,1817,凱撒衛,玻璃陶瓷,玻璃陶瓷,twse,industry_relative,-0.010101010101010055,,-0.04176069865729415,,-0.046884038658187355,,0.0367830285571773,,66.0,1,
2026-06-10,1903,士紙,造紙工業,造紙工業,twse,industry_relative,-0.03931451612903236,,-0.04176069865729415,,0.0350329876028364,,-0.07434750373186877,,52.0,1,
2026-06-10,1904,正隆,造紙工業,造紙工業,twse,industry_relative,0.14039408866995062,,-0.04176069865729415,,0.0350329876028364,,0.10536110106711422,,66.0,1,
2026-06-10,1905,華紙,造紙工業,造紙工業,twse,industry_relative,0.015686274509803866,,-0.04176069865729415,,0.0350329876028364,,-0.019346713093032535,,58.0,1,
2026-06-10,1906,寶隆,造紙工業,造紙工業,twse,industry_relative,0.0420560747663552,,-0.04176069865729415,,0.0350329876028364,,0.0070230871635188,,62.0,1,
2026-06-10,1907,永豐餘,造紙工業,造紙工業,twse,industry_relative,0.041916167664670656,,-0.04176069865729415,,0.0350329876028364,,0.006883180061834256,,62.0,1,
2026-06-10,1909,榮成,造紙工業,造紙工業,twse,industry_relative,0.047008547008547064,,-0.04176069865729415,,0.0350329876028364,,0.011975559405710663,,62.0,1,
2026-06-10,2002,中鋼,鋼鐵工業,鋼鐵工業,twse,industry_relative,-0.03608247422680411,,-0.04176069865729415,,-0.026114243621432463,,-0.009968230605371643,,58.0,1,
2026-06-10,2002A,中鋼特,全市場,,,market_relative_fallback,-0.0012987012987012436,,-0.04176069865729415,,-0.04176069865729415,,0.040461997358592905,,66.0,1,缺少產業分類，使用全市場相對強弱
2026-06-10,2006,東和鋼鐵,鋼鐵工業,鋼鐵工業,twse,industry_relative,-0.0014992503748126884,,-0.04176069865729415,,-0.026114243621432463,,0.024614993246619775,,66.0,1,
2026-06-10,2007,燁興,鋼鐵工業,鋼鐵工業,twse,industry_relative,-0.08635794743429293,,-0.04176069865729415,,-0.026114243621432463,,-0.06024370381286046,,52.0,1,
2026-06-10,2008,高興昌,鋼鐵工業,鋼鐵工業,twse,industry_relative,-0.018333333333333313,,-0.04176069865729415,,-0.026114243621432463,,0.007780910288099151,,62.0,1,
2026-06-10,2009,第一銅,鋼鐵工業,鋼鐵工業,twse,industry_relative,-0.13716814159292046,,-0.04176069865729415,,-0.026114243621432463,,-0.11105389797148799,,52.0,1,
2026-06-10,2010,春源,鋼鐵工業,鋼鐵工業,twse,industry_relative,-0.0020790020790021346,,-0.04176069865729415,,-0.026114243621432463,,0.02403524154243033,,66.0,1,
2026-06-10,2012,春雨,鋼鐵工業,鋼鐵工業,twse,industry_relative,-0.03412969283276446,,-0.04176069865729415,,-0.026114243621432463,,-0.008015449211331994,,58.0,1,
2026-06-10,2013,中鋼構,鋼鐵工業,鋼鐵工業,twse,industry_relative,-0.01388888888888895,,-0.04176069865729415,,-0.026114243621432463,,0.012225354732543513,,62.0,1,
2026-06-10,2014,中鴻,鋼鐵工業,鋼鐵工業,twse,industry_relative,-0.06914893617021278,,-0.04176069865729415,,-0.026114243621432463,,-0.04303469254878032,,52.0,1,
2026-06-10,2015,豐興,鋼鐵工業,鋼鐵工業,twse,industry_relative,-0.012759170653907526,,-0.04176069865729415,,-0.026114243621432463,,0.013355072967524938,,62.0,1,
2026-06-10,2017,官田鋼,鋼鐵工業,鋼鐵工業,twse,industry_relative,-0.04752066115702469,,-0.04176069865729415,,-0.026114243621432463,,-0.021406417535592227,,52.0,1,
2026-06-10,2020,美亞,鋼鐵工業,鋼鐵工業,twse,industry_relative,-0.011494252873563204,,-0.04176069865729415,,-0.026114243621432463,,0.014619990747869259,,62.0,1,
2026-06-10,2022,聚亨,鋼鐵工業,鋼鐵工業,twse,industry_relative,-0.03589108910891092,,-0.04176069865729415,,-0.026114243621432463,,-0.00977684548747846,,58.0,1,
2026-06-10,2023,燁輝,鋼鐵工業,鋼鐵工業,twse,industry_relative,-0.028368794326241176,,-0.04176069865729415,,-0.026114243621432463,,-0.0022545507048087124,,58.0,1,
2026-06-10,2024,志聯,鋼鐵工業,鋼鐵工業,twse,industry_relative,-0.03806228373702414,,-0.04176069865729415,,-0.026114243621432463,,-0.011948040115591675,,58.0,1,
2026-06-10,2025,千興,鋼鐵工業,鋼鐵工業,twse,industry_relative,0.1795918367346938,,-0.04176069865729415,,-0.026114243621432463,,0.20570608035612628,,66.0,1,
2026-06-10,2027,大成鋼,鋼鐵工業,鋼鐵工業,twse,industry_relative,-0.030786773090079822,,-0.04176069865729415,,-0.026114243621432463,,-0.004672529468647359,,58.0,1,
2026-06-10,2028,威致,鋼鐵工業,鋼鐵工業,twse,industry_relative,-0.05187319884726238,,-0.04176069865729415,,-0.026114243621432463,,-0.025758955225829917,,52.0,1,
2026-06-10,2029,盛餘,鋼鐵工業,鋼鐵工業,twse,industry_relative,-0.004807692307692402,,-0.04176069865729415,,-0.026114243621432463,,0.02130655131374006,,66.0,1,
2026-06-10,2030,彰源,鋼鐵工業,鋼鐵工業,manual,industry_relative,-0.010610079575597009,,-0.04176069865729415,,-0.026114243621432463,,0.015504164045835454,,62.0,1,
2026-06-10,2031,新光鋼,鋼鐵工業,鋼鐵工業,twse,industry_relative,-0.0106888361045131,,-0.04176069865729415,,-0.026114243621432463,,0.015425407516919364,,62.0,1,
2026-06-10,2032,新鋼,鋼鐵工業,鋼鐵工業,twse,industry_relative,-0.07506702412868627,,-0.04176069865729415,,-0.026114243621432463,,-0.0489527805072538,,52.0,1,
2026-06-10,2033,佳大,鋼鐵工業,鋼鐵工業,twse,industry_relative,-0.021874999999999978,,-0.04176069865729415,,-0.026114243621432463,,0.0042392436214324855,,62.0,1,
2026-06-10,2034,允強,鋼鐵工業,鋼鐵工業,twse,industry_relative,-0.02682926829268295,,-0.04176069865729415,,-0.026114243621432463,,-0.0007150246712504874,,58.0,1,
2026-06-10,2038,海光,鋼鐵工業,鋼鐵工業,twse,industry_relative,-0.07191780821917804,,-0.04176069865729415,,-0.026114243621432463,,-0.04580356459774557,,52.0,1,
2026-06-10,2049,上銀,電機機械,電機機械,twse,industry_relative,-0.11653116531165308,,-0.04176069865729415,,-0.06416030185742656,,-0.05237086345422652,,52.0,1,
2026-06-10,2059,川湖,電子零組件業,電子零組件業,twse,industry_relative,0.1906542056074767,,-0.04176069865729415,,-0.047364186962321156,,0.23801839256979784,,66.0,1,
2026-06-10,2062,橋椿,居家生活,居家生活,twse,industry_relative,-0.0181818181818183,,-0.04176069865729415,,-0.010081860059021413,,-0.008099958122796886,,58.0,1,
2026-06-10,2069,運錩,鋼鐵工業,鋼鐵工業,twse,industry_relative,-0.010075566750629816,,-0.04176069865729415,,-0.026114243621432463,,0.016038676870802647,,62.0,1,
2026-06-10,2072,世紀風電,綠能環保,綠能環保,twse,industry_relative,0.005524861878453136,,-0.04176069865729415,,-0.022124213857411673,,0.02764907573586481,,66.0,1,
2026-06-10,2101,南港,橡膠工業,橡膠工業,twse,industry_relative,-0.0030441400304414,,-0.04176069865729415,,-0.021250970587573362,,0.018206830557131962,,62.0,1,
2026-06-10,2102,泰豐,橡膠工業,橡膠工業,twse,industry_relative,-0.018867924528301994,,-0.04176069865729415,,-0.021250970587573362,,0.002383046059271369,,62.0,1,
2026-06-10,2103,台橡,橡膠工業,橡膠工業,twse,industry_relative,-0.02995391705069117,,-0.04176069865729415,,-0.021250970587573362,,-0.008702946463117808,,58.0,1,
2026-06-10,2104,國際中橡,橡膠工業,橡膠工業,twse,industry_relative,-0.06222222222222218,,-0.04176069865729415,,-0.021250970587573362,,-0.04097125163464882,,52.0,1,
2026-06-10,2105,正新,橡膠工業,橡膠工業,twse,industry_relative,0.0,,-0.04176069865729415,,-0.021250970587573362,,0.021250970587573362,,66.0,1,
2026-06-10,2106,建大,橡膠工業,橡膠工業,twse,industry_relative,-0.005479452054794609,,-0.04176069865729415,,-0.021250970587573362,,0.015771518532778753,,62.0,1,
2026-06-10,2107,厚生,橡膠工業,橡膠工業,twse,industry_relative,-0.0019305019305018156,,-0.04176069865729415,,-0.021250970587573362,,0.019320468657071547,,62.0,1,
2026-06-10,2108,南帝,橡膠工業,橡膠工業,twse,industry_relative,-0.02249134948096876,,-0.04176069865729415,,-0.021250970587573362,,-0.0012403788933953962,,58.0,1,
2026-06-10,2109,華豐,橡膠工業,橡膠工業,twse,industry_relative,-0.02076124567474036,,-0.04176069865729415,,-0.021250970587573362,,0.000489724912833004,,62.0,1,
2026-06-10,2114,鑫永銓,橡膠工業,橡膠工業,twse,industry_relative,-0.03800217155266017,,-0.04176069865729415,,-0.021250970587573362,,-0.016751200965086806,,58.0,1,
2026-06-10,2115,六暉-KY,汽車工業,汽車工業,twse,industry_relative,0.004576659038901587,,-0.04176069865729415,,-0.024068947735155496,,0.028645606774057083,,66.0,1,
2026-06-10,2201,裕隆,汽車工業,汽車工業,twse,industry_relative,-0.05317324185248706,,-0.04176069865729415,,-0.024068947735155496,,-0.029104294117331567,,52.0,1,
2026-06-10,2204,中華,汽車工業,汽車工業,twse,industry_relative,0.01821493624772308,,-0.04176069865729415,,-0.024068947735155496,,0.04228388398287858,,66.0,1,
2026-06-10,2206,三陽工業,汽車工業,汽車工業,twse,industry_relative,-0.0112540192926045,,-0.04176069865729415,,-0.024068947735155496,,0.012814928442550996,,62.0,1,
2026-06-10,2207,和泰車,汽車工業,汽車工業,twse,industry_relative,0.004123711340206171,,-0.04176069865729415,,-0.024068947735155496,,0.028192659075361667,,66.0,1,
2026-06-10,2208,台船,航運業,航運業,twse,industry_relative,-0.019230769230769162,,-0.04176069865729415,,-0.016889613562691922,,-0.0023411556680772404,,58.0,1,
2026-06-10,2211,長榮鋼,鋼鐵工業,鋼鐵工業,twse,industry_relative,-0.027368421052631486,,-0.04176069865729415,,-0.026114243621432463,,-0.001254177431199023,,58.0,1,
2026-06-10,2227,裕日車,汽車工業,汽車工業,twse,industry_relative,-0.027833001988071593,,-0.04176069865729415,,-0.024068947735155496,,-0.003764054252916097,,58.0,1,
2026-06-10,2228,劍麟,汽車工業,汽車工業,twse,industry_relative,-0.02549246813441486,,-0.04176069865729415,,-0.024068947735155496,,-0.0014235203992593627,,58.0,1,
2026-06-10,2231,為升,汽車工業,汽車工業,twse,industry_relative,-0.11428571428571432,,-0.04176069865729415,,-0.024068947735155496,,-0.09021676655055882,,52.0,1,
2026-06-10,2233,宇隆,汽車工業,汽車工業,manual,industry_relative,-0.08227848101265822,,-0.04176069865729415,,-0.024068947735155496,,-0.05820953327750272,,52.0,1,
2026-06-10,2236,百達-KY,汽車工業,汽車工業,twse,industry_relative,-0.032490974729241895,,-0.04176069865729415,,-0.024068947735155496,,-0.008422026994086399,,58.0,1,
2026-06-10,2239,英利-KY,汽車工業,汽車工業,twse,industry_relative,-0.08016032064128253,,-0.04176069865729415,,-0.024068947735155496,,-0.056091372906127035,,52.0,1,
2026-06-10,2241,艾姆勒,汽車工業,汽車工業,twse,industry_relative,0.3025078369905956,,-0.04176069865729415,,-0.024068947735155496,,0.3265767847257511,,66.0,1,
2026-06-10,2243,宏旭-KY,汽車工業,汽車工業,twse,industry_relative,0.14074074074074083,,-0.04176069865729415,,-0.024068947735155496,,0.16480968847589633,,66.0,1,
2026-06-10,2247,汎德永業,汽車工業,汽車工業,twse,industry_relative,0.028953229398663627,,-0.04176069865729415,,-0.024068947735155496,,0.053022177133819126,,66.0,1,
2026-06-10,2248,華勝-KY,汽車工業,汽車工業,twse,industry_relative,-0.007042253521126751,,-0.04176069865729415,,-0.024068947735155496,,0.017026694214028745,,62.0,1,
2026-06-10,2250,IKKA-KY,汽車工業,汽車工業,twse,industry_relative,-0.07208588957055218,,-0.04176069865729415,,-0.024068947735155496,,-0.048016941835396676,,52.0,1,
2026-06-10,2254,巨鎧精密-創,汽車工業,汽車工業,twse,industry_relative,-0.08925869894099836,,-0.04176069865729415,,-0.024068947735155496,,-0.06518975120584286,,52.0,1,
2026-06-10,2258,鴻華先進-創,汽車工業,汽車工業,twse,industry_relative,-0.06240249609984394,,-0.04176069865729415,,-0.024068947735155496,,-0.03833354836468844,,52.0,1,
2026-06-10,2301,光寶科,電腦及週邊設備業,電腦及週邊設備業,twse,industry_relative,-0.14800000000000002,,-0.04176069865729415,,-0.08882128841622082,,-0.0591787115837792,,52.0,1,
2026-06-10,2302,麗正,半導體業,半導體業,twse,industry_relative,-0.09859154929577463,,-0.04176069865729415,,-0.11651239144869237,,0.01792084215291774,,62.0,1,
2026-06-10,2303,聯電,半導體業,半導體業,twse,industry_relative,-0.09195402298850575,,-0.04176069865729415,,-0.11651239144869237,,0.024558368460186622,,66.0,1,
2026-06-10,2305,全友,電腦及週邊設備業,電腦及週邊設備業,twse,industry_relative,-0.03821656050955424,,-0.04176069865729415,,-0.08882128841622082,,0.05060472790666658,,66.0,1,
2026-06-10,2308,台達電,電子零組件業,電子零組件業,twse,industry_relative,-0.10386965376782076,,-0.04176069865729415,,-0.047364186962321156,,-0.0565054668054996,,52.0,1,
2026-06-10,2312,金寶,其他電子業,其他電子業,manual,industry_relative,-0.19700460829493083,,-0.04176069865729415,,-0.058708067843234346,,-0.13829654045169648,,52.0,1,
2026-06-10,2313,華通,電子零組件業,電子零組件業,twse,industry_relative,-0.02814258911819889,,-0.04176069865729415,,-0.047364186962321156,,0.019221597844122265,,62.0,1,
2026-06-10,2314,台揚,通信網路業,通信網路業,twse,industry_relative,-0.06325301204819278,,-0.04176069865729415,,-0.08742463825429632,,0.02417162620610354,,66.0,1,
2026-06-10,2316,楠梓電,電子零組件業,電子零組件業,twse,industry_relative,-0.0570570570570571,,-0.04176069865729415,,-0.047364186962321156,,-0.009692870094735948,,58.0,1,
2026-06-10,2317,鴻海,其他電子業,其他電子業,twse,industry_relative,-0.1488673139158576,,-0.04176069865729415,,-0.058708067843234346,,-0.09015924607262327,,52.0,1,
2026-06-10,2321,東訊,通信網路業,通信網路業,twse,industry_relative,-0.117056856187291,,-0.04176069865729415,,-0.08742463825429632,,-0.029632217932994684,,52.0,1,
2026-06-10,2323,中環,光電業,光電業,twse,industry_relative,-0.1450980392156862,,-0.04176069865729415,,-0.09988580129119395,,-0.04521223792449225,,52.0,1,
2026-06-10,2324,仁寶,電腦及週邊設備業,電腦及週邊設備業,twse,industry_relative,-0.2114771519659936,,-0.04176069865729415,,-0.08882128841622082,,-0.12265586354977277,,52.0,1,
2026-06-10,2327,國巨*,電子零組件業,電子零組件業,twse,industry_relative,-0.0012195121951219523,,-0.04176069865729415,,-0.047364186962321156,,0.046144674767199204,,66.0,1,
2026-06-10,2328,廣宇,電子零組件業,電子零組件業,twse,industry_relative,-0.1520661157024794,,-0.04176069865729415,,-0.047364186962321156,,-0.10470192874015825,,52.0,1,
2026-06-10,2329,華泰,半導體業,半導體業,twse,industry_relative,-0.1037414965986394,,-0.04176069865729415,,-0.11651239144869237,,0.012770894850052963,,62.0,1,
2026-06-10,2330,台積電,半導體業,半導體業,twse,industry_relative,-0.07010309278350513,,-0.04176069865729415,,-0.11651239144869237,,0.04640929866518724,,66.0,1,
2026-06-10,2331,精英,電腦及週邊設備業,電腦及週邊設備業,twse,industry_relative,-0.14024390243902451,,-0.04176069865729415,,-0.08882128841622082,,-0.051422614022803695,,52.0,1,
2026-06-10,2332,友訊,通信網路業,通信網路業,twse,industry_relative,-0.07418397626112772,,-0.04176069865729415,,-0.08742463825429632,,0.013240661993168604,,62.0,1,
2026-06-10,2337,旺宏,半導體業,半導體業,twse,industry_relative,-0.16666666666666663,,-0.04176069865729415,,-0.11651239144869237,,-0.05015427521797426,,52.0,1,
2026-06-10,2338,光罩,半導體業,半導體業,twse,industry_relative,-0.16132075471698104,,-0.04176069865729415,,-0.11651239144869237,,-0.04480836326828867,,52.0,1,
2026-06-10,2340,台亞,半導體業,半導體業,twse,industry_relative,-0.11725067385444743,,-0.04176069865729415,,-0.11651239144869237,,-0.0007382824057550613,,58.0,1,
2026-06-10,2342,茂矽,半導體業,半導體業,twse,industry_relative,-0.12989921612541988,,-0.04176069865729415,,-0.11651239144869237,,-0.013386824676727513,,58.0,1,
2026-06-10,2344,華邦電,半導體業,半導體業,twse,industry_relative,-0.16056338028169015,,-0.04176069865729415,,-0.11651239144869237,,-0.04405098883299778,,52.0,1,
2026-06-10,2345,智邦,通信網路業,通信網路業,twse,industry_relative,-0.08510638297872342,,-0.04176069865729415,,-0.08742463825429632,,0.002318255275572903,,62.0,1,
2026-06-10,2347,聯強,電子通路業,電子通路業,twse,industry_relative,0.01207464324917673,,-0.04176069865729415,,-0.054222518357520656,,0.06629716160669738,,66.0,1,
2026-06-10,2348,海悅,其他,其他,twse,industry_relative,0.044117647058823595,,-0.04176069865729415,,0.005317573555849495,,0.0388000735029741,,66.0,1,
2026-06-10,2348A,海悅甲特,全市場,,,market_relative_fallback,-0.003968253968253954,,-0.04176069865729415,,-0.04176069865729415,,0.037792444689040194,,66.0,1,缺少產業分類，使用全市場相對強弱
2026-06-10,2349,錸德,光電業,光電業,twse,industry_relative,-0.19195046439628471,,-0.04176069865729415,,-0.09988580129119395,,-0.09206466310509076,,52.0,1,
2026-06-10,2351,順德,半導體業,半導體業,twse,industry_relative,-0.15662650602409633,,-0.04176069865729415,,-0.11651239144869237,,-0.04011411457540397,,52.0,1,
2026-06-10,2352,佳世達,電腦及週邊設備業,電腦及週邊設備業,manual,industry_relative,-0.13131313131313127,,-0.04176069865729415,,-0.08882128841622082,,-0.04249184289691045,,52.0,1,
2026-06-10,2353,宏碁,電腦及週邊設備業,電腦及週邊設備業,manual,industry_relative,-0.16589861751152069,,-0.04176069865729415,,-0.08882128841622082,,-0.07707732909529987,,52.0,1,
2026-06-10,2354,鴻準,其他電子業,其他電子業,twse,industry_relative,-0.13517665130568357,,-0.04176069865729415,,-0.058708067843234346,,-0.07646858346244922,,52.0,1,
2026-06-10,2355,敬鵬,電子零組件業,電子零組件業,manual,industry_relative,-0.0994940978077572,,-0.04176069865729415,,-0.047364186962321156,,-0.05212991084543604,,52.0,1,
2026-06-10,2356,英業達,電腦及週邊設備業,電腦及週邊設備業,manual,industry_relative,-0.22482435597189698,,-0.04176069865729415,,-0.08882128841622082,,-0.13600306755567615,,52.0,1,
2026-06-10,2357,華碩,電腦及週邊設備業,電腦及週邊設備業,twse,industry_relative,-0.1450053705692803,,-0.04176069865729415,,-0.08882128841622082,,-0.05618408215305949,,52.0,1,
2026-06-10,2359,所羅門,其他電子業,其他電子業,twse,industry_relative,-0.03900709219858156,,-0.04176069865729415,,-0.058708067843234346,,0.019700975644652785,,62.0,1,
2026-06-10,2360,致茂,其他電子業,其他電子業,twse,industry_relative,-0.13163064833005889,,-0.04176069865729415,,-0.058708067843234346,,-0.07292258048682454,,52.0,1,
2026-06-10,2362,藍天,電腦及週邊設備業,電腦及週邊設備業,twse,industry_relative,-0.08432539682539686,,-0.04176069865729415,,-0.08882128841622082,,0.004495891590823961,,62.0,1,
2026-06-10,2363,矽統,半導體業,半導體業,twse,industry_relative,-0.15749235474006118,,-0.04176069865729415,,-0.11651239144869237,,-0.04097996329136881,,52.0,1,
2026-06-10,2364,倫飛,電腦及週邊設備業,電腦及週邊設備業,twse,industry_relative,-0.11938382541720172,,-0.04176069865729415,,-0.08882128841622082,,-0.030562537000980897,,52.0,1,
2026-06-10,2365,昆盈,電腦及週邊設備業,電腦及週邊設備業,twse,industry_relative,-0.09017496635262456,,-0.04176069865729415,,-0.08882128841622082,,-0.0013536779364037438,,58.0,1,
2026-06-10,2367,燿華,電子零組件業,電子零組件業,twse,industry_relative,-0.02914110429447858,,-0.04176069865729415,,-0.047364186962321156,,0.018223082667842574,,62.0,1,
2026-06-10,2368,金像電,電子零組件業,電子零組件業,twse,industry_relative,0.025270758122743597,,-0.04176069865729415,,-0.047364186962321156,,0.07263494508506475,,66.0,1,
2026-06-10,2369,菱生,半導體業,半導體業,twse,industry_relative,-0.12394366197183093,,-0.04176069865729415,,-0.11651239144869237,,-0.007431270523138564,,58.0,1,
2026-06-10,2371,大同,電機機械,電機機械,twse,industry_relative,-0.10742496050552919,,-0.04176069865729415,,-0.06416030185742656,,-0.043264658648102625,,52.0,1,
2026-06-10,2373,震旦行,其他電子業,其他電子業,twse,industry_relative,-0.02555366269165249,,-0.04176069865729415,,-0.058708067843234346,,0.033154405151581856,,66.0,1,
2026-06-10,2374,佳能,光電業,光電業,twse,industry_relative,-0.12254901960784315,,-0.04176069865729415,,-0.09988580129119395,,-0.022663218316649192,,52.0,1,
2026-06-10,2375,凱美,電子零組件業,電子零組件業,manual,industry_relative,0.019292604501607746,,-0.04176069865729415,,-0.047364186962321156,,0.0666567914639289,,66.0,1,
2026-06-10,2376,技嘉,電腦及週邊設備業,電腦及週邊設備業,manual,industry_relative,-0.13659147869674182,,-0.04176069865729415,,-0.08882128841622082,,-0.047770190280521,,52.0,1,
2026-06-10,2377,微星,電腦及週邊設備業,電腦及週邊設備業,twse,industry_relative,-0.0989761092150171,,-0.04176069865729415,,-0.08882128841622082,,-0.010154820798796274,,58.0,1,
2026-06-10,2379,瑞昱,半導體業,半導體業,twse,industry_relative,-0.001547987616099089,,-0.04176069865729415,,-0.11651239144869237,,0.11496440383259328,,66.0,1,
2026-06-10,2380,虹光,電腦及週邊設備業,電腦及週邊設備業,twse,industry_relative,-0.02777777777777779,,-0.04176069865729415,,-0.08882128841622082,,0.06104351063844303,,66.0,1,
2026-06-10,2382,廣達,電腦及週邊設備業,電腦及週邊設備業,twse,industry_relative,-0.08752997601918466,,-0.04176069865729415,,-0.08882128841622082,,0.0012913123970361567,,62.0,1,
2026-06-10,2383,台光電,電子零組件業,電子零組件業,twse,industry_relative,0.022774327122153215,,-0.04176069865729415,,-0.047364186962321156,,0.07013851408447437,,66.0,1,
2026-06-10,2385,群光,電子零組件業,電子零組件業,twse,industry_relative,-0.044673539518900296,,-0.04176069865729415,,-0.047364186962321156,,0.00269064744342086,,62.0,1,
2026-06-10,2387,精元,電腦及週邊設備業,電腦及週邊設備業,twse,industry_relative,-0.07586206896551717,,-0.04176069865729415,,-0.08882128841622082,,0.012959219450703649,,62.0,1,
2026-06-10,2388,威盛,半導體業,半導體業,twse,industry_relative,-0.1267029972752045,,-0.04176069865729415,,-0.11651239144869237,,-0.010190605826512142,,58.0,1,
2026-06-10,2390,云辰,其他電子業,其他電子業,twse,industry_relative,-0.10116731517509725,,-0.04176069865729415,,-0.058708067843234346,,-0.042459247331862904,,52.0,1,
2026-06-10,2392,正崴,電子零組件業,電子零組件業,twse,industry_relative,-0.1528878822197055,,-0.04176069865729415,,-0.047364186962321156,,-0.10552369525738435,,52.0,1,
2026-06-10,2393,億光,光電業,光電業,twse,industry_relative,0.044207317073170715,,-0.04176069865729415,,-0.09988580129119395,,0.14409311836436467,,66.0,1,
2026-06-10,2395,研華,電腦及週邊設備業,電腦及週邊設備業,twse,industry_relative,-0.09259259259259256,,-0.04176069865729415,,-0.08882128841622082,,-0.0037713041763717398,,58.0,1,
2026-06-10,2397,友通,電腦及週邊設備業,電腦及週邊設備業,twse,industry_relative,-0.07302533532041722,,-0.04176069865729415,,-0.08882128841622082,,0.015795953095803603,,62.0,1,
2026-06-10,2399,映泰,電腦及週邊設備業,電腦及週邊設備業,twse,industry_relative,-0.1291913214990139,,-0.04176069865729415,,-0.08882128841622082,,-0.04037003308279309,,52.0,1,
2026-06-10,2401,凌陽,半導體業,半導體業,manual,industry_relative,-0.1362862010221465,,-0.04176069865729415,,-0.11651239144869237,,-0.019773809573454135,,58.0,1,
2026-06-10,2402,毅嘉,電子零組件業,電子零組件業,twse,industry_relative,-0.14347202295552364,,-0.04176069865729415,,-0.047364186962321156,,-0.09610783599320248,,52.0,1,
2026-06-10,2404,漢唐,其他電子業,其他電子業,twse,industry_relative,-0.0043290043290042934,,-0.04176069865729415,,-0.058708067843234346,,0.05437906351423005,,66.0,1,
2026-06-10,2405,輔信,電腦及週邊設備業,電腦及週邊設備業,twse,industry_relative,-0.1428571428571428,,-0.04176069865729415,,-0.08882128841622082,,-0.054035854440921974,,52.0,1,
2026-06-10,2406,國碩,光電業,光電業,twse,industry_relative,-0.05657894736842106,,-0.04176069865729415,,-0.09988580129119395,,0.04330685392277289,,66.0,1,
2026-06-10,2408,南亞科,半導體業,半導體業,twse,industry_relative,-0.17061021170610213,,-0.04176069865729415,,-0.11651239144869237,,-0.054097820257409765,,52.0,1,
2026-06-10,2409,友達,光電業,光電業,twse,industry_relative,-0.20173913043478264,,-0.04176069865729415,,-0.09988580129119395,,-0.10185332914358869,,52.0,1,
2026-06-10,2412,中華電,通信網路業,通信網路業,twse,industry_relative,0.02127659574468077,,-0.04176069865729415,,-0.08742463825429632,,0.10870123399897709,,66.0,1,
2026-06-10,2413,環科,電子零組件業,電子零組件業,twse,industry_relative,0.08166969147005454,,-0.04176069865729415,,-0.047364186962321156,,0.12903387843237568,,66.0,1,
2026-06-10,2414,精技,電子通路業,電子通路業,twse,industry_relative,0.1015325670498084,,-0.04176069865729415,,-0.054222518357520656,,0.15575508540732905,,66.0,1,
2026-06-10,2415,錩新,電子零組件業,電子零組件業,twse,industry_relative,-0.04472271914132375,,-0.04176069865729415,,-0.047364186962321156,,0.0026414678209974035,,62.0,1,
2026-06-10,2417,圓剛,電腦及週邊設備業,電腦及週邊設備業,twse,industry_relative,-0.0974409448818897,,-0.04176069865729415,,-0.08882128841622082,,-0.008619656465668882,,58.0,1,
2026-06-10,2419,仲琦,通信網路業,通信網路業,twse,industry_relative,-0.14439324116743457,,-0.04176069865729415,,-0.08742463825429632,,-0.05696860291313825,,52.0,1,
2026-06-10,2420,新巨,電子零組件業,電子零組件業,manual,industry_relative,-0.018633540372670843,,-0.04176069865729415,,-0.047364186962321156,,0.028730646589650313,,66.0,1,
2026-06-10,2421,建準,電子零組件業,電子零組件業,twse,industry_relative,-0.13432835820895528,,-0.04176069865729415,,-0.047364186962321156,,-0.08696417124663412,,52.0,1,
2026-06-10,2423,固緯,其他電子業,其他電子業,twse,industry_relative,-0.08188585607940435,,-0.04176069865729415,,-0.058708067843234346,,-0.023177788236170005,,52.0,1,
2026-06-10,2424,隴華,通信網路業,通信網路業,twse,industry_relative,-0.16412213740458015,,-0.04176069865729415,,-0.08742463825429632,,-0.07669749915028383,,52.0,1,
2026-06-10,2425,承啟,電腦及週邊設備業,電腦及週邊設備業,manual,industry_relative,-0.09053497942386846,,-0.04176069865729415,,-0.08882128841622082,,-0.0017136910076476358,,58.0,1,
2026-06-10,2426,鼎元,光電業,光電業,twse,industry_relative,-0.1736204576043069,,-0.04176069865729415,,-0.09988580129119395,,-0.07373465631311293,,52.0,1,
2026-06-10,2427,三商電,資訊服務業,資訊服務業,twse,industry_relative,-0.05907172995780585,,-0.04176069865729415,,-0.03797481334100676,,-0.02109691661679909,,52.0,1,
2026-06-10,2428,興勤,電子零組件業,電子零組件業,twse,industry_relative,0.05535055350553497,,-0.04176069865729415,,-0.047364186962321156,,0.10271474046785613,,66.0,1,
2026-06-10,2429,銘旺科,光電業,光電業,twse,industry_relative,-0.11928651059085849,,-0.04176069865729415,,-0.09988580129119395,,-0.01940070929966453,,58.0,1,
2026-06-10,2430,燦坤,電子通路業,電子通路業,twse,industry_relative,-0.06075949367088607,,-0.04176069865729415,,-0.054222518357520656,,-0.0065369753133654104,,58.0,1,
2026-06-10,2431,聯昌,電子零組件業,電子零組件業,twse,industry_relative,-0.07359307359307377,,-0.04176069865729415,,-0.047364186962321156,,-0.02622888663075261,,52.0,1,
2026-06-10,2432,倚天酷碁-創,電腦及週邊設備業,電腦及週邊設備業,twse,industry_relative,0.007207207207207134,,-0.04176069865729415,,-0.08882128841622082,,0.09602849562342795,,66.0,1,
2026-06-10,2433,互盛電,其他電子業,其他電子業,twse,industry_relative,-0.017977528089887618,,-0.04176069865729415,,-0.058708067843234346,,0.04073053975334673,,66.0,1,
2026-06-10,2434,統懋,半導體業,半導體業,twse,industry_relative,-0.121786197564276,,-0.04176069865729415,,-0.11651239144869237,,-0.005273806115583632,,58.0,1,
2026-06-10,2436,偉詮電,半導體業,半導體業,twse,industry_relative,-0.12517006802721087,,-0.04176069865729415,,-0.11651239144869237,,-0.0086576765785185,,58.0,1,
2026-06-10,2438,翔耀,光電業,光電業,manual,industry_relative,-0.15094339622641506,,-0.04176069865729415,,-0.09988580129119395,,-0.05105759493522111,,52.0,1,
2026-06-10,2439,美律,通信網路業,通信網路業,twse,industry_relative,-0.0478723404255319,,-0.04176069865729415,,-0.08742463825429632,,0.03955229782876442,,66.0,1,
2026-06-10,2440,太空梭,電子零組件業,電子零組件業,twse,industry_relative,-0.0857908847184986,,-0.04176069865729415,,-0.047364186962321156,,-0.03842669775617745,,52.0,1,
2026-06-10,2441,超豐,半導體業,半導體業,twse,industry_relative,-0.12043795620437958,,-0.04176069865729415,,-0.11651239144869237,,-0.003925564755687214,,58.0,1,
2026-06-10,2442,新美齊,建材營造,建材營造,twse,industry_relative,0.030927835051546504,,-0.04176069865729415,,0.04434282351920076,,-0.013414988467654258,,58.0,1,
2026-06-10,2444,兆勁,通信網路業,通信網路業,twse,industry_relative,-0.03717472118959109,,-0.04176069865729415,,-0.08742463825429632,,0.05024991706470523,,66.0,1,
2026-06-10,2449,京元電子,半導體業,半導體業,twse,industry_relative,-0.15658914728682172,,-0.04176069865729415,,-0.11651239144869237,,-0.04007675583812935,,52.0,1,
2026-06-10,2450,神腦,通信網路業,通信網路業,twse,industry_relative,-0.020667726550079424,,-0.04176069865729415,,-0.08742463825429632,,0.0667569117042169,,66.0,1,
2026-06-10,2451,創見,半導體業,半導體業,twse,industry_relative,-0.1815642458100558,,-0.04176069865729415,,-0.11651239144869237,,-0.06505185436136345,,52.0,1,
2026-06-10,2453,凌群,資訊服務業,資訊服務業,manual,industry_relative,-0.08766233766233766,,-0.04176069865729415,,-0.03797481334100676,,-0.0496875243213309,,52.0,1,
2026-06-10,2454,聯發科,半導體業,半導體業,twse,industry_relative,-0.08580858085808585,,-0.04176069865729415,,-0.11651239144869237,,0.03070381059060652,,66.0,1,
2026-06-10,2455,全新,通信網路業,通信網路業,twse,industry_relative,-0.14130434782608692,,-0.04176069865729415,,-0.08742463825429632,,-0.0538797095717906,,52.0,1,
2026-06-10,2457,飛宏,電子零組件業,電子零組件業,twse,industry_relative,0.012006861063464935,,-0.04176069865729415,,-0.047364186962321156,,0.05937104802578609,,66.0,1,
2026-06-10,2458,義隆,半導體業,半導體業,twse,industry_relative,-0.11212121212121207,,-0.04176069865729415,,-0.11651239144869237,,0.004391179327480302,,62.0,1,
2026-06-10,2459,敦吉,其他電子業,其他電子業,twse,industry_relative,-0.022630834512022746,,-0.04176069865729415,,-0.058708067843234346,,0.0360772333312116,,66.0,1,
2026-06-10,2460,建通,電子零組件業,電子零組件業,twse,industry_relative,-0.10260115606936415,,-0.04176069865729415,,-0.047364186962321156,,-0.055236969107042996,,52.0,1,
2026-06-10,2461,光群雷,其他電子業,其他電子業,twse,industry_relative,0.09577464788732382,,-0.04176069865729415,,-0.058708067843234346,,0.15448271573055816,,66.0,1,
2026-06-10,2462,良得電,電子零組件業,電子零組件業,twse,industry_relative,0.0790020790020789,,-0.04176069865729415,,-0.047364186962321156,,0.12636626596440004,,66.0,1,
2026-06-10,2464,盟立,其他電子業,其他電子業,manual,industry_relative,-0.16809116809116809,,-0.04176069865729415,,-0.058708067843234346,,-0.10938310024793374,,52.0,1,
2026-06-10,2465,麗臺,電腦及週邊設備業,電腦及週邊設備業,twse,industry_relative,-0.06884057971014501,,-0.04176069865729415,,-0.08882128841622082,,0.01998070870607581,,62.0,1,
2026-06-10,2466,冠西電,光電業,光電業,twse,industry_relative,-0.06482465462274167,,-0.04176069865729415,,-0.09988580129119395,,0.03506114666845228,,66.0,1,
2026-06-10,2467,志聖,電子零組件業,電子零組件業,twse,industry_relative,-0.12195121951219512,,-0.04176069865729415,,-0.047364186962321156,,-0.07458703254987396,,52.0,1,
2026-06-10,2468,華經,資訊服務業,資訊服務業,twse,industry_relative,0.013513513513513375,,-0.04176069865729415,,-0.03797481334100676,,0.051488326854520136,,66.0,1,
2026-06-10,2471,資通,資訊服務業,資訊服務業,twse,industry_relative,-0.022140221402214055,,-0.04176069865729415,,-0.03797481334100676,,0.015834591938792705,,62.0,1,
2026-06-10,2472,立隆電,電子零組件業,電子零組件業,twse,industry_relative,-0.06545961002785516,,-0.04176069865729415,,-0.047364186962321156,,-0.018095423065534008,,58.0,1,
2026-06-10,2474,可成,其他電子業,其他電子業,twse,industry_relative,-0.2042801556420234,,-0.04176069865729415,,-0.058708067843234346,,-0.14557208779878905,,52.0,1,
2026-06-10,2476,鉅祥,電子零組件業,電子零組件業,twse,industry_relative,-0.03658536585365857,,-0.04176069865729415,,-0.047364186962321156,,0.010778821108662587,,62.0,1,
2026-06-10,2477,美隆電,其他電子業,其他電子業,twse,industry_relative,-0.07399577167019022,,-0.04176069865729415,,-0.058708067843234346,,-0.015287703826955878,,58.0,1,
2026-06-10,2478,大毅,電子零組件業,電子零組件業,manual,industry_relative,0.24087591240875916,,-0.04176069865729415,,-0.047364186962321156,,0.2882400993710803,,66.0,1,
2026-06-10,2480,敦陽科,資訊服務業,資訊服務業,twse,industry_relative,-0.012461059190031154,,-0.04176069865729415,,-0.03797481334100676,,0.025513754150975607,,66.0,1,
2026-06-10,2481,強茂,半導體業,半導體業,twse,industry_relative,-0.14779874213836475,,-0.04176069865729415,,-0.11651239144869237,,-0.03128635068967238,,52.0,1,
2026-06-10,2482,連宇,其他電子業,其他電子業,twse,industry_relative,-0.043227665706051854,,-0.04176069865729415,,-0.058708067843234346,,0.015480402137182492,,62.0,1,
2026-06-10,2483,百容,電子零組件業,電子零組件業,twse,industry_relative,0.23529411764705888,,-0.04176069865729415,,-0.047364186962321156,,0.28265830460938,,66.0,1,
2026-06-10,2484,希華,電子零組件業,電子零組件業,twse,industry_relative,0.06605504587155964,,-0.04176069865729415,,-0.047364186962321156,,0.11341923283388079,,66.0,1,
2026-06-10,2485,兆赫,通信網路業,通信網路業,twse,industry_relative,-0.0838150289017342,,-0.04176069865729415,,-0.08742463825429632,,0.003609609352562118,,62.0,1,
2026-06-10,2486,一詮,光電業,光電業,twse,industry_relative,-0.11669658886894074,,-0.04176069865729415,,-0.09988580129119395,,-0.01681078757774679,,58.0,1,
2026-06-10,2488,漢平,其他電子業,其他電子業,twse,industry_relative,-0.027675276752767486,,-0.04176069865729415,,-0.058708067843234346,,0.03103279109046686,,66.0,1,
2026-06-10,2489,瑞軒,光電業,光電業,twse,industry_relative,-0.1856287425149702,,-0.04176069865729415,,-0.09988580129119395,,-0.08574294122377624,,52.0,1,
2026-06-10,2491,吉祥全,光電業,光電業,twse,industry_relative,-0.045234248788368236,,-0.04176069865729415,,-0.09988580129119395,,0.05465155250282572,,66.0,1,
2026-06-10,2492,華新科,電子零組件業,電子零組件業,twse,industry_relative,-0.03664302600472813,,-0.04176069865729415,,-0.047364186962321156,,0.010721160957593026,,62.0,1,
2026-06-10,2493,揚博,電子零組件業,電子零組件業,twse,industry_relative,0.11764705882352944,,-0.04176069865729415,,-0.047364186962321156,,0.16501124578585058,,66.0,1,
2026-06-10,2495,普安,電腦及週邊設備業,電腦及週邊設備業,twse,industry_relative,-0.08901515151515149,,-0.04176069865729415,,-0.08882128841622082,,-0.00019386309893067166,,58.0,1,
2026-06-10,2496,卓越,其他,其他,twse,industry_relative,-0.007692307692307665,,-0.04176069865729415,,0.005317573555849495,,-0.013009881248157159,,58.0,1,
2026-06-10,2497,怡利電,汽車工業,汽車工業,twse,industry_relative,0.04426229508196733,,-0.04176069865729415,,-0.024068947735155496,,0.06833124281712283,,66.0,1,
2026-06-10,2498,宏達電,通信網路業,通信網路業,twse,industry_relative,-0.16316316316316326,,-0.04176069865729415,,-0.08742463825429632,,-0.07573852490886694,,52.0,1,
2026-06-10,2501,國建,建材營造,建材營造,twse,industry_relative,0.1490280777537798,,-0.04176069865729415,,0.04434282351920076,,0.10468525423457903,,66.0,1,
2026-06-10,2504,國產,建材營造,建材營造,twse,industry_relative,0.03621169916434552,,-0.04176069865729415,,0.04434282351920076,,-0.008131124354855239,,58.0,1,
2026-06-10,2505,國揚,建材營造,建材營造,twse,industry_relative,0.08426966292134841,,-0.04176069865729415,,0.04434282351920076,,0.03992683940214765,,66.0,1,
2026-06-10,2506,太設,建材營造,建材營造,twse,industry_relative,0.008968609865470878,,-0.04176069865729415,,0.04434282351920076,,-0.035374213653729884,,52.0,1,
2026-06-10,2509,全坤建,建材營造,建材營造,twse,industry_relative,0.14400000000000013,,-0.04176069865729415,,0.04434282351920076,,0.09965717648079936,,66.0,1,
2026-06-10,2511,太子,建材營造,建材營造,twse,industry_relative,0.01872659176029967,,-0.04176069865729415,,0.04434282351920076,,-0.02561623175890109,,52.0,1,
2026-06-10,2514,龍邦,其他,其他,twse,industry_relative,-0.0036231884057971175,,-0.04176069865729415,,0.005317573555849495,,-0.008940761961646611,,58.0,1,
2026-06-10,2515,中工,建材營造,建材營造,twse,industry_relative,-0.03759398496240607,,-0.04176069865729415,,0.04434282351920076,,-0.08193680848160684,,52.0,1,
2026-06-10,2516,新建,建材營造,建材營造,twse,industry_relative,0.06504065040650397,,-0.04176069865729415,,0.04434282351920076,,0.020697826887303213,,66.0,1,
2026-06-10,2520,冠德,建材營造,建材營造,twse,industry_relative,0.12658227848101267,,-0.04176069865729415,,0.04434282351920076,,0.0822394549618119,,66.0,1,
2026-06-10,2524,京城,建材營造,建材營造,twse,industry_relative,0.04895104895104896,,-0.04176069865729415,,0.04434282351920076,,0.004608225431848197,,62.0,1,
2026-06-10,2527,宏璟,建材營造,建材營造,twse,industry_relative,-0.07114093959731538,,-0.04176069865729415,,0.04434282351920076,,-0.11548376311651615,,52.0,1,
2026-06-10,2528,皇普,建材營造,建材營造,twse,industry_relative,0.06428571428571428,,-0.04176069865729415,,0.04434282351920076,,0.019942890766513517,,62.0,1,
2026-06-10,2530,華建,建材營造,建材營造,twse,industry_relative,0.04922279792746109,,-0.04176069865729415,,0.04434282351920076,,0.0048799744082603305,,62.0,1,
2026-06-10,2534,宏盛,建材營造,建材營造,twse,industry_relative,0.053370786516853785,,-0.04176069865729415,,0.04434282351920076,,0.009027962997653023,,62.0,1,
2026-06-10,2535,達欣工,建材營造,建材營造,twse,industry_relative,0.11014851485148514,,-0.04176069865729415,,0.04434282351920076,,0.06580569133228437,,66.0,1,
2026-06-10,2536,宏普,建材營造,建材營造,twse,industry_relative,0.06930693069306937,,-0.04176069865729415,,0.04434282351920076,,0.024964107173868606,,66.0,1,
2026-06-10,2537,聯上發,建材營造,建材營造,twse,industry_relative,0.10447761194029836,,-0.04176069865729415,,0.04434282351920076,,0.0601347884210976,,66.0,1,
2026-06-10,2538,基泰,建材營造,建材營造,twse,industry_relative,0.004950495049504955,,-0.04176069865729415,,0.04434282351920076,,-0.03939232846969581,,52.0,1,
2026-06-10,2539,櫻花建,建材營造,建材營造,twse,industry_relative,0.07808219178082187,,-0.04176069865729415,,0.04434282351920076,,0.03373936826162111,,66.0,1,
2026-06-10,2540,愛山林,建材營造,建材營造,twse,industry_relative,0.039473684210526105,,-0.04176069865729415,,0.04434282351920076,,-0.004869139308674657,,58.0,1,
2026-06-10,2542,興富發,建材營造,建材營造,twse,industry_relative,0.05697674418604648,,-0.04176069865729415,,0.04434282351920076,,0.012633920666845717,,62.0,1,
2026-06-10,2543,皇昌,建材營造,建材營造,twse,industry_relative,0.06768558951965065,,-0.04176069865729415,,0.04434282351920076,,0.023342766000449884,,66.0,1,
2026-06-10,2545,皇翔,建材營造,建材營造,twse,industry_relative,0.02617801047120416,,-0.04176069865729415,,0.04434282351920076,,-0.0181648130479966,,58.0,1,
2026-06-10,2546,根基,建材營造,建材營造,twse,industry_relative,0.04965357967667461,,-0.04176069865729415,,0.04434282351920076,,0.005310756157473846,,62.0,1,
2026-06-10,2547,日勝生,建材營造,建材營造,twse,industry_relative,0.08252427184466016,,-0.04176069865729415,,0.04434282351920076,,0.038181448325459395,,66.0,1,
2026-06-10,2548,華固,建材營造,建材營造,twse,industry_relative,0.044554455445544594,,-0.04176069865729415,,0.04434282351920076,,0.00021163192634383182,,62.0,1,
2026-06-10,2597,潤弘,建材營造,建材營造,twse,industry_relative,0.10795454545454541,,-0.04176069865729415,,0.04434282351920076,,0.06361172193534465,,66.0,1,
2026-06-10,2601,益航,貿易百貨,貿易百貨,twse,industry_relative,-0.08906250000000004,,-0.04176069865729415,,-0.016403092057949088,,-0.07265940794205096,,52.0,1,
2026-06-10,2603,長榮,航運業,航運業,twse,industry_relative,-0.05907172995780585,,-0.04176069865729415,,-0.016889613562691922,,-0.04218211639511393,,52.0,1,
2026-06-10,2605,新興,航運業,航運業,twse,industry_relative,-0.08459214501510581,,-0.04176069865729415,,-0.016889613562691922,,-0.0677025314524139,,52.0,1,
2026-06-10,2606,裕民,航運業,航運業,manual,industry_relative,-0.035161744022503494,,-0.04176069865729415,,-0.016889613562691922,,-0.018272130459811572,,58.0,1,
2026-06-10,2607,榮運,航運業,航運業,twse,industry_relative,-0.002020202020202033,,-0.04176069865729415,,-0.016889613562691922,,0.014869411542489889,,62.0,1,
2026-06-10,2608,嘉里大榮,航運業,航運業,twse,industry_relative,0.015025041736226985,,-0.04176069865729415,,-0.016889613562691922,,0.031914655298918904,,66.0,1,
2026-06-10,2609,陽明,航運業,航運業,twse,industry_relative,-0.05772811918063314,,-0.04176069865729415,,-0.016889613562691922,,-0.04083850561794122,,52.0,1,
2026-06-10,2610,華航,航運業,航運業,twse,industry_relative,-0.020050125313283096,,-0.04176069865729415,,-0.016889613562691922,,-0.003160511750591174,,58.0,1,
2026-06-10,2611,志信,航運業,航運業,twse,industry_relative,0.0,,-0.04176069865729415,,-0.016889613562691922,,0.016889613562691922,,62.0,1,
2026-06-10,2612,中航,航運業,航運業,twse,industry_relative,-0.03362831858407078,,-0.04176069865729415,,-0.016889613562691922,,-0.01673870502137886,,58.0,1,
2026-06-10,2613,中櫃,航運業,航運業,twse,industry_relative,-0.033039647577092546,,-0.04176069865729415,,-0.016889613562691922,,-0.016150034014400624,,58.0,1,
2026-06-10,2614,東森,其他,其他,twse,industry_relative,0.02645502645502651,,-0.04176069865729415,,0.005317573555849495,,0.021137452899177015,,66.0,1,
2026-06-10,2615,萬海,航運業,航運業,twse,industry_relative,-0.00953516090584039,,-0.04176069865729415,,-0.016889613562691922,,0.007354452656851532,,62.0,1,
2026-06-10,2616,山隆,油電燃氣業,油電燃氣業,twse,industry_relative,-0.021582733812949728,,-0.04176069865729415,,-0.013893878800128878,,-0.00768885501282085,,58.0,1,
2026-06-10,2617,台航,航運業,航運業,twse,industry_relative,-0.0016835016835017313,,-0.04176069865729415,,-0.016889613562691922,,0.01520611187919019,,62.0,1,
2026-06-10,2618,長榮航,航運業,航運業,twse,industry_relative,-0.011936339522546469,,-0.04176069865729415,,-0.016889613562691922,,0.0049532740401454535,,62.0,1,
2026-06-10,2630,亞航,航運業,航運業,twse,industry_relative,-0.08177570093457942,,-0.04176069865729415,,-0.016889613562691922,,-0.0648860873718875,,52.0,1,
2026-06-10,2633,台灣高鐵,航運業,航運業,twse,industry_relative,0.001941747572815622,,-0.04176069865729415,,-0.016889613562691922,,0.018831361135507544,,62.0,1,
2026-06-10,2634,漢翔,航運業,航運業,twse,industry_relative,-0.006396588486140664,,-0.04176069865729415,,-0.016889613562691922,,0.010493025076551258,,62.0,1,
2026-06-10,2636,台驊控股,航運業,航運業,twse,industry_relative,0.0028530670470756636,,-0.04176069865729415,,-0.016889613562691922,,0.019742680609767586,,62.0,1,
2026-06-10,2637,慧洋-KY,航運業,航運業,twse,industry_relative,-0.012987012987012991,,-0.04176069865729415,,-0.016889613562691922,,0.0039026005756789307,,62.0,1,
2026-06-10,2642,宅配通,航運業,航運業,twse,industry_relative,0.12439024390243913,,-0.04176069865729415,,-0.016889613562691922,,0.14127985746513105,,66.0,1,
2026-06-10,2645,長榮航太,航運業,航運業,twse,industry_relative,0.0029761904761904656,,-0.04176069865729415,,-0.016889613562691922,,0.019865804038882388,,62.0,1,
2026-06-10,2646,星宇航空,航運業,航運業,twse,industry_relative,-0.0427553444180524,,-0.04176069865729415,,-0.016889613562691922,,-0.025865730855360477,,52.0,1,
2026-06-10,2701,萬企,觀光餐旅,觀光餐旅,twse,industry_relative,-0.004784688995215225,,-0.04176069865729415,,-0.008868031930672982,,0.004083342935457757,,62.0,1,
2026-06-10,2702,華園,觀光餐旅,觀光餐旅,twse,industry_relative,-0.06273062730627321,,-0.04176069865729415,,-0.008868031930672982,,-0.05386259537560023,,52.0,1,
2026-06-10,2704,國賓,觀光餐旅,觀光餐旅,twse,industry_relative,0.0,,-0.04176069865729415,,-0.008868031930672982,,0.008868031930672982,,62.0,1,
2026-06-10,2705,六福,觀光餐旅,觀光餐旅,twse,industry_relative,-0.009523809523809601,,-0.04176069865729415,,-0.008868031930672982,,-0.0006557775931366194,,58.0,1,
2026-06-10,2706,第一店,觀光餐旅,觀光餐旅,twse,industry_relative,-0.004098360655737654,,-0.04176069865729415,,-0.008868031930672982,,0.004769671274935328,,62.0,1,
2026-06-10,2707,晶華,觀光餐旅,觀光餐旅,twse,industry_relative,0.016997167138810276,,-0.04176069865729415,,-0.008868031930672982,,0.025865199069483258,,66.0,1,
2026-06-10,2712,遠雄來,觀光餐旅,觀光餐旅,twse,industry_relative,-0.0331125827814569,,-0.04176069865729415,,-0.008868031930672982,,-0.02424455085078392,,52.0,1,
2026-06-10,2722,夏都,觀光餐旅,觀光餐旅,twse,industry_relative,-0.006578947368421129,,-0.04176069865729415,,-0.008868031930672982,,0.002289084562251853,,62.0,1,
2026-06-10,2723,美食-KY,觀光餐旅,觀光餐旅,twse,industry_relative,0.0062893081761006275,,-0.04176069865729415,,-0.008868031930672982,,0.015157340106773609,,62.0,1,
2026-06-10,2727,王品,觀光餐旅,觀光餐旅,twse,industry_relative,0.014583333333333393,,-0.04176069865729415,,-0.008868031930672982,,0.023451365264006374,,66.0,1,
2026-06-10,2731,雄獅,觀光餐旅,觀光餐旅,twse,industry_relative,-0.0964912280701754,,-0.04176069865729415,,-0.008868031930672982,,-0.08762319613950242,,52.0,1,
2026-06-10,2739,寒舍,觀光餐旅,觀光餐旅,twse,industry_relative,0.004160887656033507,,-0.04176069865729415,,-0.008868031930672982,,0.013028919586706489,,62.0,1,
2026-06-10,2748,雲品,觀光餐旅,觀光餐旅,twse,industry_relative,-0.0037735849056603765,,-0.04176069865729415,,-0.008868031930672982,,0.005094447025012605,,62.0,1,
2026-06-10,2753,八方雲集,觀光餐旅,觀光餐旅,twse,industry_relative,0.027700831024930705,,-0.04176069865729415,,-0.008868031930672982,,0.03656886295560369,,66.0,1,
2026-06-10,2762,世界健身-KY,運動休閒,運動休閒,twse,industry_relative,0.040935672514619936,,-0.04176069865729415,,0.029126014210262355,,0.011809658304357581,,62.0,1,
2026-06-10,2801,彰銀,金融保險,金融保險,twse,industry_relative,0.05924170616113744,,-0.04176069865729415,,0.010819361628013408,,0.04842234453312404,,66.0,1,
2026-06-10,2812,台中銀,金融保險,金融保險,twse,industry_relative,0.007792207792207684,,-0.04176069865729415,,0.010819361628013408,,-0.0030271538358057244,,58.0,1,
2026-06-10,2816,旺旺保,金融保險,金融保險,twse,industry_relative,-0.04843304843304852,,-0.04176069865729415,,0.010819361628013408,,-0.059252410061061925,,52.0,1,
2026-06-10,2820,華票,金融保險,金融保險,twse,industry_relative,0.026239067055393805,,-0.04176069865729415,,0.010819361628013408,,0.015419705427380397,,62.0,1,
2026-06-10,2832,台產,金融保險,金融保險,twse,industry_relative,-0.0018181818181818299,,-0.04176069865729415,,0.010819361628013408,,-0.012637543446195238,,58.0,1,
2026-06-10,2834,臺企銀,金融保險,金融保險,twse,industry_relative,0.005934718100890191,,-0.04176069865729415,,0.010819361628013408,,-0.004884643527123218,,58.0,1,
2026-06-10,2836,高雄銀,金融保險,金融保險,twse,industry_relative,0.016597510373443924,,-0.04176069865729415,,0.010819361628013408,,0.005778148745430516,,62.0,1,
2026-06-10,2836A,高雄銀甲特,全市場,,,market_relative_fallback,-0.004081632653061273,,-0.04176069865729415,,-0.04176069865729415,,0.037679066004232875,,66.0,1,缺少產業分類，使用全市場相對強弱
2026-06-10,2838,聯邦銀,金融保險,金融保險,twse,industry_relative,0.026066350710900243,,-0.04176069865729415,,0.010819361628013408,,0.015246989082886835,,62.0,1,
2026-06-10,2838A,聯邦銀甲特,全市場,,,market_relative_fallback,0.0,,-0.04176069865729415,,-0.04176069865729415,,0.04176069865729415,,66.0,1,缺少產業分類，使用全市場相對強弱
2026-06-10,2845,遠東銀,金融保險,金融保險,twse,industry_relative,0.036437246963562764,,-0.04176069865729415,,0.010819361628013408,,0.025617885335549356,,66.0,1,
2026-06-10,2849,安泰銀,金融保險,金融保險,twse,industry_relative,-0.014285714285714235,,-0.04176069865729415,,0.010819361628013408,,-0.025105075913727643,,52.0,1,
2026-06-10,2850,新產,金融保險,金融保險,twse,industry_relative,0.03135888501742157,,-0.04176069865729415,,0.010819361628013408,,0.02053952338940816,,66.0,1,
2026-06-10,2851,中再保,金融保險,金融保險,twse,industry_relative,-0.005434782608695565,,-0.04176069865729415,,0.010819361628013408,,-0.016254144236708973,,58.0,1,
2026-06-10,2852,第一保,金融保險,金融保險,twse,industry_relative,-0.007168458781361964,,-0.04176069865729415,,0.010819361628013408,,-0.017987820409375372,,58.0,1,
2026-06-10,2855,統一證,金融保險,金融保險,twse,industry_relative,-0.05524861878453036,,-0.04176069865729415,,0.010819361628013408,,-0.06606798041254376,,52.0,1,
2026-06-10,2867,三商壽,金融保險,金融保險,twse,industry_relative,0.020000000000000018,,-0.04176069865729415,,0.010819361628013408,,0.00918063837198661,,62.0,1,
2026-06-10,2880,華南金,金融保險,金融保險,twse,industry_relative,-0.028846153846153744,,-0.04176069865729415,,0.010819361628013408,,-0.03966551547416715,,52.0,1,
2026-06-10,2881,富邦金,金融保險,金融保險,manual,industry_relative,0.08407079646017701,,-0.04176069865729415,,0.010819361628013408,,0.0732514348321636,,66.0,1,
2026-06-10,2881A,富邦特,全市場,,,market_relative_fallback,0.0031446540880502027,,-0.04176069865729415,,-0.04176069865729415,,0.04490535274534435,,66.0,1,缺少產業分類，使用全市場相對強弱
2026-06-10,2881B,富邦金乙特,全市場,,,market_relative_fallback,0.0,,-0.04176069865729415,,-0.04176069865729415,,0.04176069865729415,,66.0,1,缺少產業分類，使用全市場相對強弱
2026-06-10,2881C,富邦金丙特,全市場,,,market_relative_fallback,-0.0039215686274510775,,-0.04176069865729415,,-0.04176069865729415,,0.03783913002984307,,66.0,1,缺少產業分類，使用全市場相對強弱
2026-06-10,2882,國泰金,金融保險,金融保險,twse,industry_relative,0.08823529411764719,,-0.04176069865729415,,0.010819361628013408,,0.07741593248963378,,66.0,1,
2026-06-10,2882A,國泰特,全市場,,,market_relative_fallback,0.0,,-0.04176069865729415,,-0.04176069865729415,,0.04176069865729415,,66.0,1,缺少產業分類，使用全市場相對強弱
2026-06-10,2882B,國泰金乙特,全市場,,,market_relative_fallback,0.0049586776859502635,,-0.04176069865729415,,-0.04176069865729415,,0.04671937634324441,,66.0,1,缺少產業分類，使用全市場相對強弱
2026-06-10,2883,凱基金,金融保險,金融保險,twse,industry_relative,0.09727626459143979,,-0.04176069865729415,,0.010819361628013408,,0.08645690296342638,,66.0,1,
2026-06-10,2883B,凱基金乙特,全市場,,,market_relative_fallback,0.0012269938650306678,,-0.04176069865729415,,-0.04176069865729415,,0.042987692522324816,,66.0,1,缺少產業分類，使用全市場相對強弱
2026-06-10,2884,玉山金,金融保險,金融保險,twse,industry_relative,0.019696969696969546,,-0.04176069865729415,,0.010819361628013408,,0.008877608068956138,,62.0,1,
2026-06-10,2885,元大金,金融保險,金融保險,twse,industry_relative,-0.02197802197802201,,-0.04176069865729415,,0.010819361628013408,,-0.032797383606035416,,52.0,1,
2026-06-10,2886,兆豐金,金融保險,金融保險,twse,industry_relative,0.04201680672268915,,-0.04176069865729415,,0.010819361628013408,,0.03119744509467574,,66.0,1,
2026-06-10,2887,台新新光金,金融保險,金融保險,twse,industry_relative,0.021201413427561766,,-0.04176069865729415,,0.010819361628013408,,0.010382051799548358,,62.0,1,
2026-06-10,2887E,台新新光戊特一,全市場,,,market_relative_fallback,-0.007874015748031482,,-0.04176069865729415,,-0.04176069865729415,,0.033886682909262666,,66.0,1,缺少產業分類，使用全市場相對強弱
2026-06-10,2887F,台新新光戊特二,全市場,,,market_relative_fallback,-0.0032017075773745907,,-0.04176069865729415,,-0.04176069865729415,,0.03855899107991956,,66.0,1,缺少產業分類，使用全市場相對強弱
2026-06-10,2887G,台新新光庚特一,全市場,,,market_relative_fallback,0.007025761124121788,,-0.04176069865729415,,-0.04176069865729415,,0.048786459781415936,,66.0,1,缺少產業分類，使用全市場相對強弱
2026-06-10,2887H,台新新光庚特二,全市場,,,market_relative_fallback,0.0,,-0.04176069865729415,,-0.04176069865729415,,0.04176069865729415,,66.0,1,缺少產業分類，使用全市場相對強弱
2026-06-10,2887I,台新新光辛特,全市場,,,market_relative_fallback,0.0,,-0.04176069865729415,,-0.04176069865729415,,0.04176069865729415,,66.0,1,缺少產業分類，使用全市場相對強弱
2026-06-10,2887Z1,台新新光己特,全市場,,,market_relative_fallback,-0.002873563218390607,,-0.04176069865729415,,-0.04176069865729415,,0.03888713543890354,,66.0,1,缺少產業分類，使用全市場相對強弱
2026-06-10,2889,國票金,金融保險,金融保險,twse,industry_relative,-0.0066006600660065695,,-0.04176069865729415,,0.010819361628013408,,-0.017420021694019978,,58.0,1,
2026-06-10,2890,永豐金,金融保險,金融保險,twse,industry_relative,0.0,,-0.04176069865729415,,0.010819361628013408,,-0.010819361628013408,,58.0,1,
2026-06-10,2891,中信金,金融保險,金融保險,twse,industry_relative,-0.03262411347517724,,-0.04176069865729415,,0.010819361628013408,,-0.043443475103190646,,52.0,1,
2026-06-10,2891B,中信金乙特,全市場,,,market_relative_fallback,-0.0015503875968991832,,-0.04176069865729415,,-0.04176069865729415,,0.040210311060394965,,66.0,1,缺少產業分類，使用全市場相對強弱
2026-06-10,2891C,中信金丙特,全市場,,,market_relative_fallback,-0.0015948963317384823,,-0.04176069865729415,,-0.04176069865729415,,0.040165802325555666,,66.0,1,缺少產業分類，使用全市場相對強弱
2026-06-10,2892,第一金,金融保險,金融保險,twse,industry_relative,0.053448275862068906,,-0.04176069865729415,,0.010819361628013408,,0.0426289142340555,,66.0,1,
2026-06-10,2897,王道銀行,金融保險,金融保險,twse,industry_relative,0.019607843137255054,,-0.04176069865729415,,0.010819361628013408,,0.008788481509241646,,62.0,1,
2026-06-10,2897B,王道銀乙特,全市場,,,market_relative_fallback,-0.00421940928270037,,-0.04176069865729415,,-0.04176069865729415,,0.03754128937459378,,66.0,1,缺少產業分類，使用全市場相對強弱
2026-06-10,2901,欣欣,貿易百貨,貿易百貨,twse,industry_relative,-0.01279317697228144,,-0.04176069865729415,,-0.016403092057949088,,0.0036099150856676483,,62.0,1,
2026-06-10,2903,遠百,貿易百貨,貿易百貨,twse,industry_relative,0.02422907488986792,,-0.04176069865729415,,-0.016403092057949088,,0.040632166947817,,66.0,1,
2026-06-10,2904,匯僑,其他,其他,twse,industry_relative,-0.0174825174825175,,-0.04176069865729415,,0.005317573555849495,,-0.022800091038366995,,52.0,1,
2026-06-10,2905,三商,貿易百貨,貿易百貨,twse,industry_relative,0.0034843205574912606,,-0.04176069865729415,,-0.016403092057949088,,0.019887412615440348,,62.0,1,
2026-06-10,2906,高林,貿易百貨,貿易百貨,twse,industry_relative,0.0039525691699604515,,-0.04176069865729415,,-0.016403092057949088,,0.02035566122790954,,66.0,1,
2026-06-10,2908,特力,貿易百貨,貿易百貨,twse,industry_relative,-0.022935779816513735,,-0.04176069865729415,,-0.016403092057949088,,-0.006532687758564647,,58.0,1,
2026-06-10,2910,統領,貿易百貨,貿易百貨,twse,industry_relative,-0.03828828828828823,,-0.04176069865729415,,-0.016403092057949088,,-0.021885196230339143,,52.0,1,
2026-06-10,2911,麗嬰房,貿易百貨,貿易百貨,twse,industry_relative,-0.06542056074766356,,-0.04176069865729415,,-0.016403092057949088,,-0.049017468689714475,,52.0,1,
2026-06-10,2912,統一超,貿易百貨,貿易百貨,twse,industry_relative,-0.04811715481171552,,-0.04176069865729415,,-0.016403092057949088,,-0.03171406275376644,,52.0,1,
2026-06-10,2913,農林,貿易百貨,貿易百貨,twse,industry_relative,-0.004347826086956608,,-0.04176069865729415,,-0.016403092057949088,,0.01205526597099248,,62.0,1,
2026-06-10,2915,潤泰全,貿易百貨,貿易百貨,twse,industry_relative,0.029319371727748678,,-0.04176069865729415,,-0.016403092057949088,,0.04572246378569776,,66.0,1,
2026-06-10,2923,鼎固-KY,建材營造,建材營造,twse,industry_relative,-0.13725490196078427,,-0.04176069865729415,,0.04434282351920076,,-0.18159772547998504,,52.0,1,
2026-06-10,2929,淘帝-KY,貿易百貨,貿易百貨,twse,industry_relative,-0.05663430420711968,,-0.04176069865729415,,-0.016403092057949088,,-0.040231212149170595,,52.0,1,
2026-06-10,2939,永邑-KY,貿易百貨,貿易百貨,twse,industry_relative,-0.026066350710900466,,-0.04176069865729415,,-0.016403092057949088,,-0.009663258652951378,,58.0,1,
2026-06-10,2945,三商家購,貿易百貨,貿易百貨,twse,industry_relative,-0.026128266033254244,,-0.04176069865729415,,-0.016403092057949088,,-0.009725173975305156,,58.0,1,
2026-06-10,3002,歐格,電腦及週邊設備業,電腦及週邊設備業,twse,industry_relative,-0.032911392405063244,,-0.04176069865729415,,-0.08882128841622082,,0.055909896011157575,,66.0,1,
2026-06-10,3003,健和興,電子零組件業,電子零組件業,twse,industry_relative,0.023961661341852958,,-0.04176069865729415,,-0.047364186962321156,,0.07132584830417411,,66.0,1,
2026-06-10,3004,豐達科,鋼鐵工業,鋼鐵工業,twse,industry_relative,0.04365079365079372,,-0.04176069865729415,,-0.026114243621432463,,0.06976503727222619,,66.0,1,
2026-06-10,3005,神基,電腦及週邊設備業,電腦及週邊設備業,twse,industry_relative,-0.05882352941176472,,-0.04176069865729415,,-0.08882128841622082,,0.0299977590044561,,66.0,1,
2026-06-10,3006,晶豪科,半導體業,半導體業,twse,industry_relative,-0.22157996146435455,,-0.04176069865729415,,-0.11651239144869237,,-0.10506757001566218,,52.0,1,
2026-06-10,3008,大立光,光電業,光電業,twse,industry_relative,0.03638644918444167,,-0.04176069865729415,,-0.09988580129119395,,0.13627225047563563,,66.0,1,
2026-06-10,3010,華立,電子通路業,電子通路業,twse,industry_relative,-0.09507042253521125,,-0.04176069865729415,,-0.054222518357520656,,-0.040847904177690596,,52.0,1,
2026-06-10,3011,今皓,電子零組件業,電子零組件業,twse,industry_relative,-0.06060606060606066,,-0.04176069865729415,,-0.047364186962321156,,-0.013241873643739507,,58.0,1,
2026-06-10,3013,晟銘電,電腦及週邊設備業,電腦及週邊設備業,twse,industry_relative,-0.18726591760299627,,-0.04176069865729415,,-0.08882128841622082,,-0.09844462918677545,,52.0,1,
2026-06-10,3014,聯陽,半導體業,半導體業,manual,industry_relative,-0.09602649006622521,,-0.04176069865729415,,-0.11651239144869237,,0.020485901382467156,,66.0,1,
2026-06-10,3015,全漢,電子零組件業,電子零組件業,twse,industry_relative,0.047368421052631726,,-0.04176069865729415,,-0.047364186962321156,,0.09473260801495288,,66.0,1,
2026-06-10,3016,嘉晶,半導體業,半導體業,twse,industry_relative,-0.10822510822510822,,-0.04176069865729415,,-0.11651239144869237,,0.008287283223584144,,62.0,1,
2026-06-10,3017,奇鋐,電腦及週邊設備業,電腦及週邊設備業,twse,industry_relative,-0.17338003502626975,,-0.04176069865729415,,-0.08882128841622082,,-0.08455874661004893,,52.0,1,
2026-06-10,3018,隆銘綠能,其他電子業,其他電子業,twse,industry_relative,0.20120120120120122,,-0.04176069865729415,,-0.058708067843234346,,0.25990926904443556,,66.0,1,
2026-06-10,3019,亞光,光電業,光電業,twse,industry_relative,-0.03300330033003296,,-0.04176069865729415,,-0.09988580129119395,,0.066882500961161,,66.0,1,
2026-06-10,3021,鴻名,電子零組件業,電子零組件業,twse,industry_relative,-0.32499999999999996,,-0.04176069865729415,,-0.047364186962321156,,-0.2776358130376788,,52.0,1,
2026-06-10,3022,威強電,電腦及週邊設備業,電腦及週邊設備業,twse,industry_relative,0.10246433203631655,,-0.04176069865729415,,-0.08882128841622082,,0.19128562045253739,,66.0,1,
2026-06-10,3023,信邦,電子零組件業,電子零組件業,twse,industry_relative,-0.036163522012578664,,-0.04176069865729415,,-0.047364186962321156,,0.011200664949742492,,62.0,1,
2026-06-10,3024,憶聲,光電業,光電業,manual,industry_relative,-0.1155234657039711,,-0.04176069865729415,,-0.09988580129119395,,-0.01563766441277714,,58.0,1,
2026-06-10,3025,星通,通信網路業,通信網路業,twse,industry_relative,-0.05608755129958953,,-0.04176069865729415,,-0.08742463825429632,,0.031337086954706786,,66.0,1,
2026-06-10,3026,禾伸堂,電子零組件業,電子零組件業,twse,industry_relative,0.0031250000000000444,,-0.04176069865729415,,-0.047364186962321156,,0.0504891869623212,,66.0,1,
2026-06-10,3027,盛達,通信網路業,通信網路業,twse,industry_relative,-0.0748299319727892,,-0.04176069865729415,,-0.08742463825429632,,0.01259470628150712,,62.0,1,
2026-06-10,3028,增你強,電子通路業,電子通路業,twse,industry_relative,-0.092326139088729,,-0.04176069865729415,,-0.054222518357520656,,-0.03810362073120834,,52.0,1,
2026-06-10,3029,零壹,資訊服務業,資訊服務業,twse,industry_relative,-0.06666666666666665,,-0.04176069865729415,,-0.03797481334100676,,-0.02869185332565989,,52.0,1,
2026-06-10,3030,德律,其他電子業,其他電子業,twse,industry_relative,-0.1328859060402685,,-0.04176069865729415,,-0.058708067843234346,,-0.07417783819703416,,52.0,1,
2026-06-10,3031,佰鴻,光電業,光電業,twse,industry_relative,-0.16335877862595427,,-0.04176069865729415,,-0.09988580129119395,,-0.06347297733476032,,52.0,1,
2026-06-10,3032,偉訓,電子零組件業,電子零組件業,twse,industry_relative,-0.08251900108577626,,-0.04176069865729415,,-0.047364186962321156,,-0.0351548141234551,,52.0,1,
2026-06-10,3033,威健,電子通路業,電子通路業,manual,industry_relative,0.011077542799597273,,-0.04176069865729415,,-0.054222518357520656,,0.06530006115711792,,66.0,1,
2026-06-10,3034,聯詠,半導體業,半導體業,twse,industry_relative,-0.04870775347912526,,-0.04176069865729415,,-0.11651239144869237,,0.06780463796956711,,66.0,1,
2026-06-10,3035,智原,半導體業,半導體業,twse,industry_relative,-0.14039408866995073,,-0.04176069865729415,,-0.11651239144869237,,-0.023881697221258366,,52.0,1,
2026-06-10,3036,文曄,電子通路業,電子通路業,twse,industry_relative,-0.18119658119658122,,-0.04176069865729415,,-0.054222518357520656,,-0.12697406283906057,,52.0,1,
2026-06-10,3037,欣興,電子零組件業,電子零組件業,twse,industry_relative,-0.11599999999999999,,-0.04176069865729415,,-0.047364186962321156,,-0.06863581303767884,,52.0,1,
2026-06-10,3038,全台,光電業,光電業,twse,industry_relative,-0.09325396825396814,,-0.04176069865729415,,-0.09988580129119395,,0.006631833037225809,,62.0,1,
2026-06-10,3040,遠見,其他,其他,twse,industry_relative,-0.07934508816120922,,-0.04176069865729415,,0.005317573555849495,,-0.08466266171705872,,52.0,1,
2026-06-10,3041,揚智,半導體業,半導體業,twse,industry_relative,-0.10377358490566035,,-0.04176069865729415,,-0.11651239144869237,,0.012738806543032014,,62.0,1,
2026-06-10,3042,晶技,電子零組件業,電子零組件業,manual,industry_relative,-0.016091954022988464,,-0.04176069865729415,,-0.047364186962321156,,0.03127223293933269,,66.0,1,
2026-06-10,3043,科風,其他電子業,其他電子業,twse,industry_relative,0.0386363636363638,,-0.04176069865729415,,-0.058708067843234346,,0.09734443147959815,,66.0,1,
2026-06-10,3044,健鼎,電子零組件業,電子零組件業,twse,industry_relative,-0.0607843137254902,,-0.04176069865729415,,-0.047364186962321156,,-0.013420126763169046,,58.0,1,
2026-06-10,3045,台灣大,通信網路業,通信網路業,twse,industry_relative,0.01724137931034475,,-0.04176069865729415,,-0.08742463825429632,,0.10466601756464107,,66.0,1,
2026-06-10,3046,建碁,電腦及週邊設備業,電腦及週邊設備業,twse,industry_relative,-0.10576923076923084,,-0.04176069865729415,,-0.08882128841622082,,-0.016947942353010018,,58.0,1,
2026-06-10,3047,訊舟,通信網路業,通信網路業,twse,industry_relative,-0.08235294117647063,,-0.04176069865729415,,-0.08742463825429632,,0.00507169707782569,,62.0,1,
2026-06-10,3048,益登,電子通路業,電子通路業,manual,industry_relative,0.059248554913294615,,-0.04176069865729415,,-0.054222518357520656,,0.11347107327081526,,66.0,1,
2026-06-10,3049,精金,光電業,光電業,twse,industry_relative,-0.12658227848101267,,-0.04176069865729415,,-0.09988580129119395,,-0.026696477189818713,,52.0,1,
2026-06-10,3050,鈺德,光電業,光電業,twse,industry_relative,-0.08865248226950351,,-0.04176069865729415,,-0.09988580129119395,,0.011233319021690447,,62.0,1,
2026-06-10,3051,力特,光電業,光電業,twse,industry_relative,-0.14049586776859502,,-0.04176069865729415,,-0.09988580129119395,,-0.04061006647740106,,52.0,1,
2026-06-10,3052,夆典,建材營造,建材營造,twse,industry_relative,0.0092592592592593,,-0.04176069865729415,,0.04434282351920076,,-0.03508356425994146,,52.0,1,
2026-06-10,3054,立萬利,食品工業,食品工業,twse,industry_relative,-0.10789473684210527,,-0.04176069865729415,,-0.014954368855961752,,-0.09294036798614351,,52.0,1,
2026-06-10,3055,蔚華科,電子通路業,電子通路業,twse,industry_relative,-0.1840796019900498,,-0.04176069865729415,,-0.054222518357520656,,-0.12985708363252915,,52.0,1,
2026-06-10,3056,富華新,建材營造,建材營造,twse,industry_relative,0.05714285714285716,,-0.04176069865729415,,0.04434282351920076,,0.0128000336236564,,62.0,1,
2026-06-10,3057,喬鼎,電腦及週邊設備業,電腦及週邊設備業,twse,industry_relative,-0.07982261640798227,,-0.04176069865729415,,-0.08882128841622082,,0.008998672008238548,,62.0,1,
2026-06-10,3058,立德,電子零組件業,電子零組件業,twse,industry_relative,-0.08177339901477831,,-0.04176069865729415,,-0.047364186962321156,,-0.03440921205245716,,52.0,1,
2026-06-10,3059,華晶科,光電業,光電業,manual,industry_relative,-0.07114624505928857,,-0.04176069865729415,,-0.09988580129119395,,0.028739556231905383,,66.0,1,
2026-06-10,3060,銘異,電腦及週邊設備業,電腦及週邊設備業,twse,industry_relative,-0.13629629629629636,,-0.04176069865729415,,-0.08882128841622082,,-0.04747500788007554,,52.0,1,
2026-06-10,3062,建漢,通信網路業,通信網路業,twse,industry_relative,-0.1825525040387722,,-0.04176069865729415,,-0.08742463825429632,,-0.09512786578447589,,52.0,1,
2026-06-10,3090,日電貿,電子零組件業,電子零組件業,twse,industry_relative,-0.009345794392523366,,-0.04176069865729415,,-0.047364186962321156,,0.03801839256979779,,66.0,1,
2026-06-10,3092,鴻碩,電子零組件業,電子零組件業,twse,industry_relative,-0.06862745098039225,,-0.04176069865729415,,-0.047364186962321156,,-0.02126326401807109,,52.0,1,
2026-06-10,3094,聯傑,半導體業,半導體業,twse,industry_relative,-0.11620795107033655,,-0.04176069865729415,,-0.11651239144869237,,0.00030444037835582194,,62.0,1,
2026-06-10,3130,一零四,數位雲端,數位雲端,twse,industry_relative,0.004514672686230181,,-0.04176069865729415,,0.03838849708895193,,-0.03387382440272175,,52.0,1,
2026-06-10,3135,凌航,半導體業,半導體業,twse,industry_relative,-0.12578616352201255,,-0.04176069865729415,,-0.11651239144869237,,-0.009273772073320183,,58.0,1,
2026-06-10,3138,耀登,通信網路業,通信網路業,twse,industry_relative,-0.1517857142857143,,-0.04176069865729415,,-0.08742463825429632,,-0.06436107603141798,,52.0,1,
2026-06-10,3149,正達,光電業,光電業,manual,industry_relative,-0.09471365638766516,,-0.04176069865729415,,-0.09988580129119395,,0.005172144903528797,,62.0,1,
2026-06-10,3150,鈺寶-創,半導體業,半導體業,twse,industry_relative,-0.0767326732673268,,-0.04176069865729415,,-0.11651239144869237,,0.03977971818136557,,66.0,1,
2026-06-10,3164,景岳,生技醫療業,生技醫療業,twse,industry_relative,-0.015060240963855387,,-0.04176069865729415,,-0.0019462570785050463,,-0.01311398388535034,,58.0,1,
2026-06-10,3167,大量,電機機械,電機機械,twse,industry_relative,-0.06739130434782614,,-0.04176069865729415,,-0.06416030185742656,,-0.0032310024903995788,,58.0,1,
2026-06-10,3168,眾福科,光電業,光電業,twse,industry_relative,-0.03979591836734697,,-0.04176069865729415,,-0.09988580129119395,,0.06008988292384698,,66.0,1,
2026-06-10,3189,景碩,半導體業,半導體業,twse,industry_relative,-0.1069012178619756,,-0.04176069865729415,,-0.11651239144869237,,0.009611173586716773,,62.0,1,
2026-06-10,3209,全科,電子通路業,電子通路業,twse,industry_relative,-0.16580976863753205,,-0.04176069865729415,,-0.054222518357520656,,-0.1115872502800114,,52.0,1,
2026-06-10,3229,晟鈦,電子零組件業,電子零組件業,twse,industry_relative,-0.07922912205567456,,-0.04176069865729415,,-0.047364186962321156,,-0.031864935093353405,,52.0,1,
2026-06-10,3231,緯創,電腦及週邊設備業,電腦及週邊設備業,twse,industry_relative,-0.18556701030927836,,-0.04176069865729415,,-0.08882128841622082,,-0.09674572189305754,,52.0,1,
2026-06-10,3257,虹冠電,半導體業,半導體業,manual,industry_relative,-0.1465378421900161,,-0.04176069865729415,,-0.11651239144869237,,-0.03002545074132372,,52.0,1,
2026-06-10,3266,昇陽,建材營造,建材營造,twse,industry_relative,0.011538461538461497,,-0.04176069865729415,,0.04434282351920076,,-0.032804361980739265,,52.0,1,
2026-06-10,3296,勝德,電子零組件業,電子零組件業,twse,industry_relative,0.004514672686230403,,-0.04176069865729415,,-0.047364186962321156,,0.05187885964855156,,66.0,1,
2026-06-10,3305,昇貿,其他電子業,其他電子業,manual,industry_relative,-0.16257668711656437,,-0.04176069865729415,,-0.058708067843234346,,-0.10386861927333002,,52.0,1,
2026-06-10,3308,聯德,電子零組件業,電子零組件業,twse,industry_relative,-0.0665137614678899,,-0.04176069865729415,,-0.047364186962321156,,-0.019149574505568742,,58.0,1,
2026-06-10,3311,閎暉,通信網路業,通信網路業,manual,industry_relative,-0.04719387755102045,,-0.04176069865729415,,-0.08742463825429632,,0.04023076070327587,,66.0,1,
2026-06-10,3312,弘憶股,電子通路業,電子通路業,twse,industry_relative,-0.108108108108108,,-0.04176069865729415,,-0.054222518357520656,,-0.05388558975058735,,52.0,1,
2026-06-10,3321,同泰,電子零組件業,電子零組件業,twse,industry_relative,0.01005025125628145,,-0.04176069865729415,,-0.047364186962321156,,0.057414438218602606,,66.0,1,
2026-06-10,3338,泰碩,電子零組件業,電子零組件業,twse,industry_relative,-0.14102564102564097,,-0.04176069865729415,,-0.047364186962321156,,-0.09366145406331981,,52.0,1,
2026-06-10,3346,麗清,汽車工業,汽車工業,twse,industry_relative,0.04516129032258065,,-0.04176069865729415,,-0.024068947735155496,,0.06923023805773615,,66.0,1,
2026-06-10,3356,奇偶,光電業,光電業,twse,industry_relative,-0.10534846029173417,,-0.04176069865729415,,-0.09988580129119395,,-0.005462659000540215,,58.0,1,
2026-06-10,3376,新日興,電子零組件業,電子零組件業,twse,industry_relative,-0.06622516556291391,,-0.04176069865729415,,-0.047364186962321156,,-0.018860978600592757,,58.0,1,
2026-06-10,3380,明泰,通信網路業,通信網路業,twse,industry_relative,-0.17879161528976573,,-0.04176069865729415,,-0.08742463825429632,,-0.09136697703546941,,52.0,1,
2026-06-10,3406,玉晶光,光電業,光電業,twse,industry_relative,0.11716171617161719,,-0.04176069865729415,,-0.09988580129119395,,0.21704751746281115,,66.0,1,
2026-06-10,3413,京鼎,半導體業,半導體業,twse,industry_relative,-0.06416275430359941,,-0.04176069865729415,,-0.11651239144869237,,0.052349637145092956,,66.0,1,
2026-06-10,3416,融程電,電腦及週邊設備業,電腦及週邊設備業,manual,industry_relative,-0.043835616438356206,,-0.04176069865729415,,-0.08882128841622082,,0.044985671977864614,,66.0,1,
2026-06-10,3419,譁裕,通信網路業,通信網路業,twse,industry_relative,-0.05190311418685123,,-0.04176069865729415,,-0.08742463825429632,,0.03552152406744509,,66.0,1,
2026-06-10,3432,台端,電子零組件業,電子零組件業,twse,industry_relative,-0.04787234042553201,,-0.04176069865729415,,-0.047364186962321156,,-0.0005081534632108559,,58.0,1,
2026-06-10,3437,榮創,光電業,光電業,twse,industry_relative,-0.14609053497942392,,-0.04176069865729415,,-0.09988580129119395,,-0.04620473368822997,,52.0,1,
2026-06-10,3443,創意,半導體業,半導體業,twse,industry_relative,-0.12595005428881645,,-0.04176069865729415,,-0.11651239144869237,,-0.00943766284012408,,58.0,1,
2026-06-10,3447,展達,通信網路業,通信網路業,twse,industry_relative,-0.08430913348946134,,-0.04176069865729415,,-0.08742463825429632,,0.003115504764834978,,62.0,1,
2026-06-10,3450,聯鈞,半導體業,半導體業,twse,industry_relative,-0.13868613138686137,,-0.04176069865729415,,-0.11651239144869237,,-0.022173739938169,,52.0,1,
2026-06-10,3481,群創,光電業,光電業,twse,industry_relative,-0.2542087542087542,,-0.04176069865729415,,-0.09988580129119395,,-0.15432295291756026,,52.0,1,
2026-06-10,3494,誠研,電腦及週邊設備業,電腦及週邊設備業,twse,industry_relative,0.0,,-0.04176069865729415,,-0.08882128841622082,,0.08882128841622082,,66.0,1,
2026-06-10,3501,維熹,電子零組件業,電子零組件業,twse,industry_relative,-0.03169014084507049,,-0.04176069865729415,,-0.047364186962321156,,0.015674046117250665,,62.0,1,
2026-06-10,3504,揚明光,光電業,光電業,manual,industry_relative,-0.056152927120669105,,-0.04176069865729415,,-0.09988580129119395,,0.04373287417052485,,66.0,1,
2026-06-10,3515,華擎,電腦及週邊設備業,電腦及週邊設備業,twse,industry_relative,-0.061776061776061764,,-0.04176069865729415,,-0.08882128841622082,,0.027045226640159056,,66.0,1,
2026-06-10,3518,柏騰,其他電子業,其他電子業,twse,industry_relative,-0.1733931240657699,,-0.04176069865729415,,-0.058708067843234346,,-0.11468505622253555,,52.0,1,
2026-06-10,3528,安馳,電子通路業,電子通路業,twse,industry_relative,-0.11827956989247312,,-0.04176069865729415,,-0.054222518357520656,,-0.06405705153495247,,52.0,1,
2026-06-10,3530,晶相光,半導體業,半導體業,twse,industry_relative,-0.0921052631578948,,-0.04176069865729415,,-0.11651239144869237,,0.024407128290797567,,66.0,1,
2026-06-10,3532,台勝科,半導體業,半導體業,twse,industry_relative,-0.14149443561208264,,-0.04176069865729415,,-0.11651239144869237,,-0.02498204416339027,,52.0,1,
2026-06-10,3533,嘉澤,電子零組件業,電子零組件業,twse,industry_relative,-0.15369649805447472,,-0.04176069865729415,,-0.047364186962321156,,-0.10633231109215356,,52.0,1,
2026-06-10,3535,晶彩科,光電業,光電業,twse,industry_relative,-0.09225092250922506,,-0.04176069865729415,,-0.09988580129119395,,0.00763487878196889,,62.0,1,
2026-06-10,3543,州巧,光電業,光電業,twse,industry_relative,-0.11813186813186805,,-0.04176069865729415,,-0.09988580129119395,,-0.01824606684067409,,58.0,1,
2026-06-10,3545,敦泰,半導體業,半導體業,twse,industry_relative,-0.10152284263959388,,-0.04176069865729415,,-0.11651239144869237,,0.014989548809098488,,62.0,1,
2026-06-10,3550,聯穎,電子零組件業,電子零組件業,twse,industry_relative,0.3050458715596329,,-0.04176069865729415,,-0.047364186962321156,,0.35241005852195406,,66.0,1,
2026-06-10,3557,嘉威,居家生活,居家生活,twse,industry_relative,0.024193548387096753,,-0.04176069865729415,,-0.010081860059021413,,0.034275408446118164,,66.0,1,
2026-06-10,3563,牧德,光電業,光電業,twse,industry_relative,-0.15609756097560978,,-0.04176069865729415,,-0.09988580129119395,,-0.05621175968441583,,52.0,1,
2026-06-10,3576,聯合再生,光電業,光電業,twse,industry_relative,-0.018817204301075363,,-0.04176069865729415,,-0.09988580129119395,,0.08106859699011859,,66.0,1,
2026-06-10,3583,辛耘,半導體業,半導體業,twse,industry_relative,-0.06982248520710055,,-0.04176069865729415,,-0.11651239144869237,,0.04668990624159182,,66.0,1,
2026-06-10,3588,通嘉,半導體業,半導體業,twse,industry_relative,-0.14583333333333337,,-0.04176069865729415,,-0.11651239144869237,,-0.029320941884641002,,52.0,1,
2026-06-10,3591,艾笛森,光電業,光電業,twse,industry_relative,-0.1108870967741935,,-0.04176069865729415,,-0.09988580129119395,,-0.011001295482999551,,58.0,1,
2026-06-10,3592,瑞鼎,半導體業,半導體業,twse,industry_relative,-0.08392857142857146,,-0.04176069865729415,,-0.11651239144869237,,0.032583820020120904,,66.0,1,
2026-06-10,3593,力銘,電子零組件業,電子零組件業,twse,industry_relative,0.05637982195845703,,-0.04176069865729415,,-0.047364186962321156,,0.10374400892077819,,66.0,1,
2026-06-10,3596,智易,通信網路業,通信網路業,twse,industry_relative,-0.03149606299212604,,-0.04176069865729415,,-0.08742463825429632,,0.05592857526217028,,66.0,1,
2026-06-10,3605,宏致,電子零組件業,電子零組件業,twse,industry_relative,-0.11513583441138409,,-0.04176069865729415,,-0.047364186962321156,,-0.06777164744906293,,52.0,1,
2026-06-10,3607,谷崧,電子零組件業,電子零組件業,twse,industry_relative,-0.11475409836065587,,-0.04176069865729415,,-0.047364186962321156,,-0.06738991139833471,,52.0,1,
2026-06-10,3617,碩天,其他電子業,其他電子業,manual,industry_relative,-0.02298850574712641,,-0.04176069865729415,,-0.058708067843234346,,0.03571956209610794,,66.0,1,
2026-06-10,3622,洋華,光電業,光電業,twse,industry_relative,-0.07641196013289042,,-0.04176069865729415,,-0.09988580129119395,,0.023473841158303532,,66.0,1,
2026-06-10,3645,達邁,電子零組件業,電子零組件業,twse,industry_relative,-0.09999999999999998,,-0.04176069865729415,,-0.047364186962321156,,-0.05263581303767882,,52.0,1,
2026-06-10,3652,精聯,電腦及週邊設備業,電腦及週邊設備業,twse,industry_relative,-0.06580829756795437,,-0.04176069865729415,,-0.08882128841622082,,0.023012990848266454,,66.0,1,
2026-06-10,3653,健策,電子零組件業,電子零組件業,twse,industry_relative,-0.02688860435339313,,-0.04176069865729415,,-0.047364186962321156,,0.020475582608928025,,66.0,1,
2026-06-10,3661,世芯-KY,半導體業,半導體業,twse,industry_relative,-0.1207834602829162,,-0.04176069865729415,,-0.11651239144869237,,-0.004271068834223832,,58.0,1,
2026-06-10,3665,貿聯-KY,其他電子業,其他電子業,twse,industry_relative,-0.018223234624145768,,-0.04176069865729415,,-0.058708067843234346,,0.04048483321908858,,66.0,1,
2026-06-10,3669,圓展,通信網路業,通信網路業,twse,industry_relative,-0.16546762589928066,,-0.04176069865729415,,-0.08742463825429632,,-0.07804298764498434,,52.0,1,
2026-06-10,3673,TPK-KY,光電業,光電業,twse,industry_relative,-0.1404255319148936,,-0.04176069865729415,,-0.09988580129119395,,-0.040539730623699644,,52.0,1,
2026-06-10,3679,新至陞,電子零組件業,電子零組件業,twse,industry_relative,0.0,,-0.04176069865729415,,-0.047364186962321156,,0.047364186962321156,,66.0,1,
2026-06-10,3686,達能,半導體業,半導體業,twse,industry_relative,-0.0621468926553671,,-0.04176069865729415,,-0.11651239144869237,,0.054365498793325265,,66.0,1,
2026-06-10,3694,海華,通信網路業,通信網路業,manual,industry_relative,-0.12391930835734877,,-0.04176069865729415,,-0.08742463825429632,,-0.03649467010305245,,52.0,1,
2026-06-10,3701,大眾控,電腦及週邊設備業,電腦及週邊設備業,twse,industry_relative,-0.1749571183533447,,-0.04176069865729415,,-0.08882128841622082,,-0.08613582993712389,,52.0,1,
2026-06-10,3702,大聯大,電子通路業,電子通路業,twse,industry_relative,-0.07627118644067798,,-0.04176069865729415,,-0.054222518357520656,,-0.02204866808315733,,52.0,1,
2026-06-10,3703,欣陸,建材營造,建材營造,twse,industry_relative,0.01869158878504673,,-0.04176069865729415,,0.04434282351920076,,-0.02565123473415403,,52.0,1,
2026-06-10,3704,合勤控,通信網路業,通信網路業,manual,industry_relative,-0.0815494393476045,,-0.04176069865729415,,-0.08742463825429632,,0.005875198906691817,,62.0,1,
2026-06-10,3705,永信,生技醫療業,生技醫療業,twse,industry_relative,0.01243339253996445,,-0.04176069865729415,,-0.0019462570785050463,,0.014379649618469496,,62.0,1,
2026-06-10,3706,神達,電腦及週邊設備業,電腦及週邊設備業,twse,industry_relative,-0.139,,-0.04176069865729415,,-0.08882128841622082,,-0.05017871158377919,,52.0,1,
2026-06-10,3708,上緯投控,綠能環保,綠能環保,twse,industry_relative,-0.024590163934426257,,-0.04176069865729415,,-0.022124213857411673,,-0.0024659500770145837,,58.0,1,
2026-06-10,3711,日月光投控,半導體業,半導體業,twse,industry_relative,-0.12783171521035597,,-0.04176069865729415,,-0.11651239144869237,,-0.0113193237616636,,58.0,1,
2026-06-10,3712,永崴投控,電腦及週邊設備業,電腦及週邊設備業,twse,industry_relative,-0.08629441624365475,,-0.04176069865729415,,-0.08882128841622082,,0.002526872172566072,,62.0,1,
2026-06-10,3714,富采,光電業,光電業,twse,industry_relative,-0.1042857142857142,,-0.04176069865729415,,-0.09988580129119395,,-0.00439991299452025,,58.0,1,
2026-06-10,3715,定穎投控,電子零組件業,電子零組件業,twse,industry_relative,-0.06609195402298851,,-0.04176069865729415,,-0.047364186962321156,,-0.018727767060667352,,58.0,1,
2026-06-10,3716,中化控股,生技醫療業,生技醫療業,twse,industry_relative,0.011494252873563315,,-0.04176069865729415,,-0.0019462570785050463,,0.013440509952068361,,62.0,1,
2026-06-10,3717,聯嘉投控,汽車工業,汽車工業,twse,industry_relative,-0.13490364025695945,,-0.04176069865729415,,-0.024068947735155496,,-0.11083469252180395,,52.0,1,
2026-06-10,4104,佳醫,生技醫療業,生技醫療業,twse,industry_relative,-0.021067415730337102,,-0.04176069865729415,,-0.0019462570785050463,,-0.019121158651832056,,58.0,1,
2026-06-10,4106,雃博,生技醫療業,生技醫療業,twse,industry_relative,-0.012345679012345734,,-0.04176069865729415,,-0.0019462570785050463,,-0.010399421933840688,,58.0,1,
2026-06-10,4108,懷特,生技醫療業,生技醫療業,twse,industry_relative,0.0,,-0.04176069865729415,,-0.0019462570785050463,,0.0019462570785050463,,62.0,1,
2026-06-10,4119,旭富,生技醫療業,生技醫療業,twse,industry_relative,0.04628501827040199,,-0.04176069865729415,,-0.0019462570785050463,,0.04823127534890704,,66.0,1,
2026-06-10,4133,亞諾法,生技醫療業,生技醫療業,twse,industry_relative,-0.02117647058823524,,-0.04176069865729415,,-0.0019462570785050463,,-0.019230213509730195,,58.0,1,
2026-06-10,4137,麗豐-KY,生技醫療業,生技醫療業,twse,industry_relative,0.0,,-0.04176069865729415,,-0.0019462570785050463,,0.0019462570785050463,,62.0,1,
2026-06-10,4142,國光生,生技醫療業,生技醫療業,twse,industry_relative,0.028901734104046284,,-0.04176069865729415,,-0.0019462570785050463,,0.03084799118255133,,66.0,1,
2026-06-10,4148,全宇生技-KY,生技醫療業,生技醫療業,twse,industry_relative,-0.06769230769230772,,-0.04176069865729415,,-0.0019462570785050463,,-0.06574605061380268,,52.0,1,
2026-06-10,4155,訊映,生技醫療業,生技醫療業,twse,industry_relative,0.0830449826989621,,-0.04176069865729415,,-0.0019462570785050463,,0.08499123977746714,,66.0,1,
2026-06-10,4164,承業醫,生技醫療業,生技醫療業,twse,industry_relative,0.056313993174061494,,-0.04176069865729415,,-0.0019462570785050463,,0.058260250252566544,,66.0,1,
2026-06-10,4169,泰宗,生技醫療業,生技醫療業,twse,industry_relative,-0.03870967741935483,,-0.04176069865729415,,-0.0019462570785050463,,-0.03676342034084978,,52.0,1,
2026-06-10,4178,永笙-KY,生技醫療業,生技醫療業,twse,industry_relative,-0.021505376344086113,,-0.04176069865729415,,-0.0019462570785050463,,-0.019559119265581067,,58.0,1,
2026-06-10,4190,佐登-KY,生技醫療業,生技醫療業,twse,industry_relative,0.0,,-0.04176069865729415,,-0.0019462570785050463,,0.0019462570785050463,,62.0,1,
2026-06-10,4195,基米-創,生技醫療業,生技醫療業,twse,industry_relative,-0.01812688821752273,,-0.04176069865729415,,-0.0019462570785050463,,-0.016180631139017684,,58.0,1,
2026-06-10,4306,炎洲,塑膠工業,塑膠工業,twse,industry_relative,0.0234113712374584,,-0.04176069865729415,,-0.06443388900988423,,0.08784526024734263,,66.0,1,
2026-06-10,4414,如興,紡織纖維,紡織纖維,twse,industry_relative,0.007194244604316502,,-0.04176069865729415,,-0.029051882503745248,,0.03624612710806175,,66.0,1,
2026-06-10,4426,利勤,紡織纖維,紡織纖維,twse,industry_relative,-0.09578107183580387,,-0.04176069865729415,,-0.029051882503745248,,-0.06672918933205862,,52.0,1,
2026-06-10,4438,廣越,紡織纖維,紡織纖維,twse,industry_relative,-0.022617124394184174,,-0.04176069865729415,,-0.029051882503745248,,0.006434758109561074,,62.0,1,
2026-06-10,4439,冠星-KY,紡織纖維,紡織纖維,twse,industry_relative,-0.027685492801771905,,-0.04176069865729415,,-0.029051882503745248,,0.0013663897019733431,,62.0,1,
2026-06-10,4440,宜新實業,紡織纖維,紡織纖維,twse,industry_relative,-0.0710382513661203,,-0.04176069865729415,,-0.029051882503745248,,-0.04198636886237505,,52.0,1,
2026-06-10,4441,振大環球,紡織纖維,紡織纖維,twse,industry_relative,-0.10352941176470587,,-0.04176069865729415,,-0.029051882503745248,,-0.07447752926096063,,52.0,1,
2026-06-10,4526,東台,電機機械,電機機械,twse,industry_relative,-0.14988814317673382,,-0.04176069865729415,,-0.06416030185742656,,-0.08572784131930726,,52.0,1,
2026-06-10,4532,瑞智,電機機械,電機機械,twse,industry_relative,-0.030181086519114664,,-0.04176069865729415,,-0.06416030185742656,,0.0339792153383119,,66.0,1,
2026-06-10,4536,拓凱,運動休閒,運動休閒,twse,industry_relative,0.0030674846625766694,,-0.04176069865729415,,0.029126014210262355,,-0.026058529547685685,,52.0,1,
2026-06-10,4540,全球傳動,電機機械,電機機械,twse,industry_relative,-0.14027777777777783,,-0.04176069865729415,,-0.06416030185742656,,-0.07611747592035127,,52.0,1,
2026-06-10,4545,銘鈺,電子零組件業,電子零組件業,twse,industry_relative,-0.10939357907253255,,-0.04176069865729415,,-0.047364186962321156,,-0.0620293921102114,,52.0,1,
2026-06-10,4551,智伸科,汽車工業,汽車工業,twse,industry_relative,-0.09240924092409242,,-0.04176069865729415,,-0.024068947735155496,,-0.06834029318893692,,52.0,1,
2026-06-10,4552,力達-KY,電機機械,電機機械,twse,industry_relative,0.007246376811594235,,-0.04176069865729415,,-0.06416030185742656,,0.0714066786690208,,66.0,1,
2026-06-10,4555,氣立,電機機械,電機機械,manual,industry_relative,-0.17201426024955435,,-0.04176069865729415,,-0.06416030185742656,,-0.10785395839212779,,52.0,1,
2026-06-10,4557,永新-KY,汽車工業,汽車工業,twse,industry_relative,0.022522522522522515,,-0.04176069865729415,,-0.024068947735155496,,0.046591470257678014,,66.0,1,
2026-06-10,4560,強信-KY,電機機械,電機機械,twse,industry_relative,0.007763975155279601,,-0.04176069865729415,,-0.06416030185742656,,0.07192427701270616,,66.0,1,
2026-06-10,4562,穎漢,電機機械,電機機械,manual,industry_relative,-0.10810810810810823,,-0.04176069865729415,,-0.06416030185742656,,-0.04394780625068166,,52.0,1,
2026-06-10,4564,元翎,電機機械,電機機械,twse,industry_relative,-0.06481481481481477,,-0.04176069865729415,,-0.06416030185742656,,-0.0006545129573882064,,58.0,1,
2026-06-10,4566,時碩工業,電機機械,電機機械,twse,industry_relative,-0.10917030567685593,,-0.04176069865729415,,-0.06416030185742656,,-0.045010003819429364,,52.0,1,
2026-06-10,4569,六方科-KY,汽車工業,汽車工業,twse,industry_relative,-0.07848837209302328,,-0.04176069865729415,,-0.024068947735155496,,-0.054419424357867785,,52.0,1,
2026-06-10,4571,鈞興-KY,電機機械,電機機械,manual,industry_relative,-0.07435897435897432,,-0.04176069865729415,,-0.06416030185742656,,-0.010198672501547754,,58.0,1,
2026-06-10,4572,駐龍,電機機械,電機機械,twse,industry_relative,-0.027303754266211566,,-0.04176069865729415,,-0.06416030185742656,,0.036856547591215,,66.0,1,
2026-06-10,4576,大銀微系統,電機機械,電機機械,twse,industry_relative,-0.13733905579399142,,-0.04176069865729415,,-0.06416030185742656,,-0.07317875393656485,,52.0,1,
2026-06-10,4581,光隆精密-KY,汽車工業,汽車工業,twse,industry_relative,-0.00200803212851397,,-0.04176069865729415,,-0.024068947735155496,,0.022060915606641526,,66.0,1,
2026-06-10,4582,聚恆-創,綠能環保,綠能環保,twse,industry_relative,0.06538461538461537,,-0.04176069865729415,,-0.022124213857411673,,0.08750882924202705,,66.0,1,
2026-06-10,4583,台灣精銳,電機機械,電機機械,twse,industry_relative,-0.0907759882869692,,-0.04176069865729415,,-0.06416030185742656,,-0.026615686429542637,,52.0,1,
2026-06-10,4585,達明,其他電子業,其他電子業,twse,industry_relative,-0.07060518731988474,,-0.04176069865729415,,-0.058708067843234346,,-0.011897119476650397,,58.0,1,
2026-06-10,4588,玖鼎電力,其他電子業,其他電子業,twse,industry_relative,-0.09119496855345921,,-0.04176069865729415,,-0.058708067843234346,,-0.032486900710224864,,52.0,1,
2026-06-10,4590,富田-創,電機機械,電機機械,twse,industry_relative,0.014986376021798309,,-0.04176069865729415,,-0.06416030185742656,,0.07914667787922487,,66.0,1,
2026-06-10,4720,德淵,化學工業,化學工業,twse,industry_relative,-0.12222222222222223,,-0.04176069865729415,,-0.042915235075407544,,-0.0793069871468147,,52.0,1,
2026-06-10,4722,國精化,化學工業,化學工業,twse,industry_relative,-0.20683453237410077,,-0.04176069865729415,,-0.042915235075407544,,-0.16391929729869323,,52.0,1,
2026-06-10,4736,泰博,生技醫療業,生技醫療業,twse,industry_relative,0.0,,-0.04176069865729415,,-0.0019462570785050463,,0.0019462570785050463,,62.0,1,
2026-06-10,4737,華廣,生技醫療業,生技醫療業,twse,industry_relative,0.011070110701106861,,-0.04176069865729415,,-0.0019462570785050463,,0.013016367779611907,,62.0,1,
2026-06-10,4739,康普,化學工業,化學工業,twse,industry_relative,0.09170305676855905,,-0.04176069865729415,,-0.042915235075407544,,0.1346182918439666,,66.0,1,
2026-06-10,4746,台耀,生技醫療業,生技醫療業,twse,industry_relative,-0.01333333333333342,,-0.04176069865729415,,-0.0019462570785050463,,-0.011387076254828373,,58.0,1,
2026-06-10,4755,三福化,化學工業,化學工業,twse,industry_relative,-0.11589403973509937,,-0.04176069865729415,,-0.042915235075407544,,-0.07297880465969184,,52.0,1,
2026-06-10,4763,材料*-KY,化學工業,化學工業,twse,industry_relative,0.0068259385665527805,,-0.04176069865729415,,-0.042915235075407544,,0.049741173641960325,,66.0,1,
2026-06-10,4764,雙鍵,化學工業,化學工業,twse,industry_relative,-0.12690355329949243,,-0.04176069865729415,,-0.042915235075407544,,-0.0839883182240849,,52.0,1,
2026-06-10,4766,南寶,化學工業,化學工業,twse,industry_relative,-0.009472259810554773,,-0.04176069865729415,,-0.042915235075407544,,0.03344297526485277,,66.0,1,
2026-06-10,4770,上品,化學工業,化學工業,twse,industry_relative,-0.11293634496919913,,-0.04176069865729415,,-0.042915235075407544,,-0.0700211098937916,,52.0,1,
2026-06-10,4771,望隼,生技醫療業,生技醫療業,twse,industry_relative,-0.045226130653266305,,-0.04176069865729415,,-0.0019462570785050463,,-0.043279873574761256,,52.0,1,
2026-06-10,4807,日成-KY,貿易百貨,貿易百貨,twse,industry_relative,0.055987558320373276,,-0.04176069865729415,,-0.016403092057949088,,0.07239065037832236,,66.0,1,
2026-06-10,4904,遠傳,通信網路業,通信網路業,twse,industry_relative,0.05970149253731338,,-0.04176069865729415,,-0.08742463825429632,,0.1471261307916097,,66.0,1,
2026-06-10,4906,正文,通信網路業,通信網路業,twse,industry_relative,-0.19787644787644787,,-0.04176069865729415,,-0.08742463825429632,,-0.11045180962215155,,52.0,1,
2026-06-10,4912,聯德控股-KY,電子零組件業,電子零組件業,twse,industry_relative,-0.07462686567164178,,-0.04176069865729415,,-0.047364186962321156,,-0.02726267870932063,,52.0,1,
2026-06-10,4915,致伸,電子零組件業,電子零組件業,twse,industry_relative,-0.033333333333333215,,-0.04176069865729415,,-0.047364186962321156,,0.014030853628987941,,62.0,1,
2026-06-10,4916,事欣科,電腦及週邊設備業,電腦及週邊設備業,manual,industry_relative,-0.10441767068273089,,-0.04176069865729415,,-0.08882128841622082,,-0.01559638226651007,,58.0,1,
2026-06-10,4919,新唐,半導體業,半導體業,twse,industry_relative,-0.21674876847290636,,-0.04176069865729415,,-0.11651239144869237,,-0.100236377024214,,52.0,1,
2026-06-10,4927,泰鼎-KY,電子零組件業,電子零組件業,twse,industry_relative,-0.044230769230769185,,-0.04176069865729415,,-0.047364186962321156,,0.0031334177315519712,,62.0,1,
2026-06-10,4930,燦星網,電器電纜,電器電纜,twse,industry_relative,-0.04155124653739617,,-0.04176069865729415,,-0.06904891896021931,,0.02749767242282314,,66.0,1,
2026-06-10,4934,太極,光電業,光電業,twse,industry_relative,-0.07407407407407407,,-0.04176069865729415,,-0.09988580129119395,,0.025811727217119884,,66.0,1,
2026-06-10,4935,茂林-KY,光電業,光電業,twse,industry_relative,-0.10369487485101314,,-0.04176069865729415,,-0.09988580129119395,,-0.003809073559819187,,58.0,1,
2026-06-10,4938,和碩,電腦及週邊設備業,電腦及週邊設備業,twse,industry_relative,-0.03756345177664977,,-0.04176069865729415,,-0.08882128841622082,,0.05125783663957105,,66.0,1,
2026-06-10,4942,嘉彰,光電業,光電業,twse,industry_relative,-0.03479381443298957,,-0.04176069865729415,,-0.09988580129119395,,0.06509198685820439,,66.0,1,
2026-06-10,4943,康控-KY,電子零組件業,電子零組件業,twse,industry_relative,0.016853932584269593,,-0.04176069865729415,,-0.047364186962321156,,0.06421811954659075,,66.0,1,
2026-06-10,4949,有成精密,光電業,光電業,twse,industry_relative,-0.08910891089108908,,-0.04176069865729415,,-0.09988580129119395,,0.010776890400104877,,62.0,1,
2026-06-10,4952,凌通,半導體業,半導體業,manual,industry_relative,-0.09326923076923077,,-0.04176069865729415,,-0.11651239144869237,,0.023243160679461597,,66.0,1,
2026-06-10,4956,光鋐,光電業,光電業,twse,industry_relative,-0.18270270270270272,,-0.04176069865729415,,-0.09988580129119395,,-0.08281690141150877,,52.0,1,
2026-06-10,4958,臻鼎-KY,電子零組件業,電子零組件業,twse,industry_relative,-0.015686274509803977,,-0.04176069865729415,,-0.047364186962321156,,0.03167791245251718,,66.0,1,
2026-06-10,4960,誠美材,光電業,光電業,twse,industry_relative,-0.14011799410029502,,-0.04176069865729415,,-0.09988580129119395,,-0.040232192809101064,,52.0,1,
2026-06-10,4961,天鈺,半導體業,半導體業,twse,industry_relative,-0.04664723032069973,,-0.04176069865729415,,-0.11651239144869237,,0.06986516112799264,,66.0,1,
2026-06-10,4967,十銓,半導體業,半導體業,twse,industry_relative,-0.10033444816053516,,-0.04176069865729415,,-0.11651239144869237,,0.016177943288157207,,62.0,1,
2026-06-10,4968,立積,半導體業,半導體業,twse,industry_relative,-0.09787234042553195,,-0.04176069865729415,,-0.11651239144869237,,0.018640051023160423,,62.0,1,
2026-06-10,4976,佳凌,光電業,光電業,twse,industry_relative,-0.024531024531024626,,-0.04176069865729415,,-0.09988580129119395,,0.07535477676016933,,66.0,1,
2026-06-10,4977,眾達-KY,通信網路業,通信網路業,twse,industry_relative,-0.19817767653758545,,-0.04176069865729415,,-0.08742463825429632,,-0.11075303828328913,,52.0,1,
2026-06-10,4989,榮科,電子零組件業,電子零組件業,twse,industry_relative,-0.14922279792746118,,-0.04176069865729415,,-0.047364186962321156,,-0.10185861096514003,,52.0,1,
2026-06-10,4994,傳奇,資訊服務業,資訊服務業,twse,industry_relative,-0.020642201834862317,,-0.04176069865729415,,-0.03797481334100676,,0.017332611506144444,,62.0,1,
2026-06-10,4999,鑫禾,電子零組件業,電子零組件業,twse,industry_relative,-0.0842572062084258,,-0.04176069865729415,,-0.047364186962321156,,-0.03689301924610465,,52.0,1,
2026-06-10,5007,三星,鋼鐵工業,鋼鐵工業,twse,industry_relative,-0.03972366148531947,,-0.04176069865729415,,-0.026114243621432463,,-0.01360941786388701,,58.0,1,
2026-06-10,5203,訊連,資訊服務業,資訊服務業,twse,industry_relative,-0.04761904761904767,,-0.04176069865729415,,-0.03797481334100676,,-0.009644234278040911,,58.0,1,
2026-06-10,5215,科嘉-KY,電腦及週邊設備業,電腦及週邊設備業,twse,industry_relative,-0.12,,-0.04176069865729415,,-0.08882128841622082,,-0.031178711583779176,,52.0,1,
2026-06-10,5222,全訊,半導體業,半導體業,twse,industry_relative,-0.09236947791164662,,-0.04176069865729415,,-0.11651239144869237,,0.024142913537045743,,66.0,1,
2026-06-10,5225,東科-KY,其他電子業,其他電子業,twse,industry_relative,-0.0814249363867684,,-0.04176069865729415,,-0.058708067843234346,,-0.022716868543534052,,52.0,1,
2026-06-10,5234,達興材料,光電業,光電業,twse,industry_relative,-0.03759398496240607,,-0.04176069865729415,,-0.09988580129119395,,0.062291816328787886,,66.0,1,
2026-06-10,5243,乙盛-KY,光電業,光電業,twse,industry_relative,-0.14396887159533078,,-0.04176069865729415,,-0.09988580129119395,,-0.04408307030413683,,52.0,1,
2026-06-10,5244,弘凱,光電業,光電業,twse,industry_relative,-0.08933002481389563,,-0.04176069865729415,,-0.09988580129119395,,0.010555776477298329,,62.0,1,
2026-06-10,5258,虹堡,電腦及週邊設備業,電腦及週邊設備業,twse,industry_relative,-0.06596558317399615,,-0.04176069865729415,,-0.08882128841622082,,0.022855705242224675,,66.0,1,
2026-06-10,5269,祥碩,半導體業,半導體業,twse,industry_relative,-0.15873015873015872,,-0.04176069865729415,,-0.11651239144869237,,-0.042217767281466353,,52.0,1,
2026-06-10,5283,禾聯碩,電器電纜,電器電纜,twse,industry_relative,-0.026266416510318913,,-0.04176069865729415,,-0.06904891896021931,,0.042782502449900395,,66.0,1,
2026-06-10,5284,jpp-KY,其他,其他,twse,industry_relative,-0.147887323943662,,-0.04176069865729415,,0.005317573555849495,,-0.1532048974995115,,52.0,1,
2026-06-10,5285,界霖,半導體業,半導體業,manual,industry_relative,-0.0673289183222957,,-0.04176069865729415,,-0.11651239144869237,,0.04918347312639666,,66.0,1,
2026-06-10,5288,豐祥-KY,電機機械,電機機械,twse,industry_relative,0.10810810810810811,,-0.04176069865729415,,-0.06416030185742656,,0.17226840996553466,,66.0,1,
2026-06-10,5292,華懋,綠能環保,綠能環保,twse,industry_relative,-0.0898876404494382,,-0.04176069865729415,,-0.022124213857411673,,-0.06776342659202653,,52.0,1,
2026-06-10,5306,桂盟,運動休閒,運動休閒,twse,industry_relative,-0.001179245283018826,,-0.04176069865729415,,0.029126014210262355,,-0.03030525949328118,,52.0,1,
2026-06-10,5388,中磊,通信網路業,通信網路業,twse,industry_relative,-0.08794788273615628,,-0.04176069865729415,,-0.08742463825429632,,-0.0005232444818599608,,58.0,1,
2026-06-10,5434,崇越,電子通路業,電子通路業,twse,industry_relative,-0.04968287526427062,,-0.04176069865729415,,-0.054222518357520656,,0.004539643093250036,,62.0,1,
2026-06-10,5469,瀚宇博,電子零組件業,電子零組件業,twse,industry_relative,-0.07249712313003465,,-0.04176069865729415,,-0.047364186962321156,,-0.02513293616771349,,52.0,1,
2026-06-10,5471,松翰,半導體業,半導體業,twse,industry_relative,-0.08064516129032262,,-0.04176069865729415,,-0.11651239144869237,,0.03586723015836975,,66.0,1,
2026-06-10,5484,慧友,光電業,光電業,twse,industry_relative,-0.08348623853211001,,-0.04176069865729415,,-0.09988580129119395,,0.01639956275908394,,62.0,1,
2026-06-10,5515,建國,建材營造,建材營造,twse,industry_relative,0.04495747266099648,,-0.04176069865729415,,0.04434282351920076,,0.0006146491417957159,,62.0,1,
2026-06-10,5519,隆大,建材營造,建材營造,twse,industry_relative,0.051321928460342114,,-0.04176069865729415,,0.04434282351920076,,0.006979104941141352,,62.0,1,
2026-06-10,5521,工信,建材營造,建材營造,twse,industry_relative,0.06635071090047395,,-0.04176069865729415,,0.04434282351920076,,0.02200788738127319,,66.0,1,
2026-06-10,5522,遠雄,建材營造,建材營造,twse,industry_relative,0.07874015748031504,,-0.04176069865729415,,0.04434282351920076,,0.03439733396111428,,66.0,1,
2026-06-10,5525,順天,建材營造,建材營造,twse,industry_relative,0.0182648401826484,,-0.04176069865729415,,0.04434282351920076,,-0.02607798333655236,,52.0,1,
2026-06-10,5531,鄉林,建材營造,建材營造,twse,industry_relative,0.0678391959798994,,-0.04176069865729415,,0.04434282351920076,,0.02349637246069864,,66.0,1,
2026-06-10,5533,皇鼎,建材營造,建材營造,twse,industry_relative,0.003558718861209842,,-0.04176069865729415,,0.04434282351920076,,-0.04078410465799092,,52.0,1,
2026-06-10,5534,長虹,建材營造,建材營造,twse,industry_relative,0.13451086956521752,,-0.04176069865729415,,0.04434282351920076,,0.09016804604601675,,66.0,1,
2026-06-10,5538,東明-KY,鋼鐵工業,鋼鐵工業,twse,industry_relative,-0.11576011157601118,,-0.04176069865729415,,-0.026114243621432463,,-0.08964586795457871,,52.0,1,
2026-06-10,5546,永固-KY,建材營造,建材營造,twse,industry_relative,-0.04651162790697683,,-0.04176069865729415,,0.04434282351920076,,-0.0908544514261776,,52.0,1,
2026-06-10,5607,遠雄港,航運業,航運業,twse,industry_relative,0.026871401151631558,,-0.04176069865729415,,-0.016889613562691922,,0.043761014714323476,,66.0,1,
2026-06-10,5608,四維航,航運業,航運業,twse,industry_relative,-0.01661129568106312,,-0.04176069865729415,,-0.016889613562691922,,0.00027831788162880136,,62.0,1,
2026-06-10,5706,鳳凰,觀光餐旅,觀光餐旅,twse,industry_relative,-0.005671077504725841,,-0.04176069865729415,,-0.008868031930672982,,0.0031969544259471405,,62.0,1,
2026-06-10,5871,中租-KY,其他,其他,twse,industry_relative,0.017021276595744705,,-0.04176069865729415,,0.005317573555849495,,0.011703703039895211,,62.0,1,
2026-06-10,5871A,中租-KY甲特,全市場,,,market_relative_fallback,0.0,,-0.04176069865729415,,-0.04176069865729415,,0.04176069865729415,,66.0,1,缺少產業分類，使用全市場相對強弱
2026-06-10,5876,上海商銀,金融保險,金融保險,twse,industry_relative,0.030637254901960675,,-0.04176069865729415,,0.010819361628013408,,0.019817893273947267,,62.0,1,
2026-06-10,5880,合庫金,金融保險,金融保險,twse,industry_relative,0.017094017094017255,,-0.04176069865729415,,0.010819361628013408,,0.006274655466003847,,62.0,1,
2026-06-10,5906,台南-KY,貿易百貨,貿易百貨,twse,industry_relative,-0.021276595744680882,,-0.04176069865729415,,-0.016403092057949088,,-0.004873503686731794,,58.0,1,
2026-06-10,5907,大洋-KY,貿易百貨,貿易百貨,twse,industry_relative,-0.03269230769230769,,-0.04176069865729415,,-0.016403092057949088,,-0.0162892156343586,,58.0,1,
2026-06-10,6005,群益證,金融保險,金融保險,manual,industry_relative,-0.1442953020134229,,-0.04176069865729415,,0.010819361628013408,,-0.1551146636414363,,52.0,1,
2026-06-10,6024,群益期,金融保險,金融保險,twse,industry_relative,0.010000000000000009,,-0.04176069865729415,,0.010819361628013408,,-0.0008193616280133993,,58.0,1,
2026-06-10,6108,競國,電子零組件業,電子零組件業,twse,industry_relative,-0.07341772151898729,,-0.04176069865729415,,-0.047364186962321156,,-0.026053534556666133,,52.0,1,
2026-06-10,6112,邁達特,資訊服務業,資訊服務業,twse,industry_relative,-0.02757916241062308,,-0.04176069865729415,,-0.03797481334100676,,0.01039565093038368,,62.0,1,
2026-06-10,6115,鎰勝,電子零組件業,電子零組件業,twse,industry_relative,-0.0010319917440660964,,-0.04176069865729415,,-0.047364186962321156,,0.04633219521825506,,66.0,1,
2026-06-10,6116,彩晶,光電業,光電業,manual,industry_relative,-0.36563876651982374,,-0.04176069865729415,,-0.09988580129119395,,-0.2657529652286298,,52.0,1,
2026-06-10,6117,迎廣,電腦及週邊設備業,電腦及週邊設備業,twse,industry_relative,-0.12387387387387383,,-0.04176069865729415,,-0.08882128841622082,,-0.03505258545765301,,52.0,1,
2026-06-10,6120,達運,光電業,光電業,twse,industry_relative,-0.16149068322981375,,-0.04176069865729415,,-0.09988580129119395,,-0.06160488193861979,,52.0,1,
2026-06-10,6128,上福,電腦及週邊設備業,電腦及週邊設備業,twse,industry_relative,-0.028708133971291794,,-0.04176069865729415,,-0.08882128841622082,,0.060113154444929026,,66.0,1,
2026-06-10,6133,金橋,電子零組件業,電子零組件業,twse,industry_relative,-0.05797101449275355,,-0.04176069865729415,,-0.047364186962321156,,-0.010606827530432392,,58.0,1,
2026-06-10,6136,富爾特,通信網路業,通信網路業,twse,industry_relative,-0.06642066420664205,,-0.04176069865729415,,-0.08742463825429632,,0.021003974047654264,,66.0,1,
2026-06-10,6139,亞翔,其他電子業,其他電子業,twse,industry_relative,-0.05994897959183676,,-0.04176069865729415,,-0.058708067843234346,,-0.0012409117486024135,,58.0,1,
2026-06-10,6141,柏承,電子零組件業,電子零組件業,twse,industry_relative,-0.1875,,-0.04176069865729415,,-0.047364186962321156,,-0.14013581303767886,,52.0,1,
2026-06-10,6142,友勁,通信網路業,通信網路業,twse,industry_relative,-0.06950672645739897,,-0.04176069865729415,,-0.08742463825429632,,0.01791791179689735,,62.0,1,
2026-06-10,6152,百一,通信網路業,通信網路業,twse,industry_relative,-0.069620253164557,,-0.04176069865729415,,-0.08742463825429632,,0.01780438508973932,,62.0,1,
2026-06-10,6153,嘉聯益,電子零組件業,電子零組件業,twse,industry_relative,0.058673469387755084,,-0.04176069865729415,,-0.047364186962321156,,0.10603765635007624,,66.0,1,
2026-06-10,6155,鈞寶,電子零組件業,電子零組件業,manual,industry_relative,0.0714285714285714,,-0.04176069865729415,,-0.047364186962321156,,0.11879275839089255,,66.0,1,
2026-06-10,6164,華興,光電業,光電業,twse,industry_relative,-0.08487084870848716,,-0.04176069865729415,,-0.09988580129119395,,0.015014952582706798,,62.0,1,
2026-06-10,6165,浪凡,數位雲端,數位雲端,twse,industry_relative,0.011410788381742698,,-0.04176069865729415,,0.03838849708895193,,-0.02697770870720923,,52.0,1,
2026-06-10,6166,凌華,電腦及週邊設備業,電腦及週邊設備業,twse,industry_relative,-0.011811023622047223,,-0.04176069865729415,,-0.08882128841622082,,0.0770102647941736,,66.0,1,
2026-06-10,6168,宏齊,光電業,光電業,twse,industry_relative,-0.13586956521739135,,-0.04176069865729415,,-0.09988580129119395,,-0.0359837639261974,,52.0,1,
2026-06-10,6176,瑞儀,光電業,光電業,twse,industry_relative,-0.13073170731707318,,-0.04176069865729415,,-0.09988580129119395,,-0.03084590602587922,,52.0,1,
2026-06-10,6177,達麗,建材營造,建材營造,twse,industry_relative,0.05429864253393668,,-0.04176069865729415,,0.04434282351920076,,0.009955819014735919,,62.0,1,
2026-06-10,6183,關貿,資訊服務業,資訊服務業,twse,industry_relative,-0.025302530253025424,,-0.04176069865729415,,-0.03797481334100676,,0.012672283087981337,,62.0,1,
2026-06-10,6184,大豐電,其他,其他,twse,industry_relative,-0.001079913606911398,,-0.04176069865729415,,0.005317573555849495,,-0.006397487162760893,,58.0,1,
2026-06-10,6189,豐藝,電子通路業,電子通路業,twse,industry_relative,-0.05516014234875444,,-0.04176069865729415,,-0.054222518357520656,,-0.0009376239912337811,,58.0,1,
2026-06-10,6191,精成科,電子零組件業,電子零組件業,twse,industry_relative,-0.08059701492537308,,-0.04176069865729415,,-0.047364186962321156,,-0.03323282796305192,,52.0,1,
2026-06-10,6192,巨路,其他電子業,其他電子業,twse,industry_relative,-0.011494252873563204,,-0.04176069865729415,,-0.058708067843234346,,0.04721381496967114,,66.0,1,
2026-06-10,6196,帆宣,其他電子業,其他電子業,twse,industry_relative,-0.019607843137254943,,-0.04176069865729415,,-0.058708067843234346,,0.0391002247059794,,66.0,1,
2026-06-10,6197,佳必琪,電子零組件業,電子零組件業,twse,industry_relative,-0.010638297872340385,,-0.04176069865729415,,-0.047364186962321156,,0.03672588908998077,,66.0,1,
2026-06-10,6201,亞弘電,其他電子業,其他電子業,twse,industry_relative,-0.049544994944388354,,-0.04176069865729415,,-0.058708067843234346,,0.009163072898845992,,62.0,1,
2026-06-10,6202,盛群,半導體業,半導體業,twse,industry_relative,-0.13527397260273966,,-0.04176069865729415,,-0.11651239144869237,,-0.018761581154047288,,58.0,1,
2026-06-10,6205,詮欣,電子零組件業,電子零組件業,twse,industry_relative,-0.17543859649122806,,-0.04176069865729415,,-0.047364186962321156,,-0.12807440952890692,,52.0,1,
2026-06-10,6206,飛捷,電腦及週邊設備業,電腦及週邊設備業,manual,industry_relative,-0.06360424028268552,,-0.04176069865729415,,-0.08882128841622082,,0.0252170481335353,,66.0,1,
2026-06-10,6209,今國光,光電業,光電業,manual,industry_relative,0.00496277915632759,,-0.04176069865729415,,-0.09988580129119395,,0.10484858044752154,,66.0,1,
2026-06-10,6213,聯茂,電子零組件業,電子零組件業,twse,industry_relative,-0.059259259259259234,,-0.04176069865729415,,-0.047364186962321156,,-0.011895072296938078,,58.0,1,
2026-06-10,6214,精誠,資訊服務業,資訊服務業,twse,industry_relative,-0.06209150326797386,,-0.04176069865729415,,-0.03797481334100676,,-0.024116689926967097,,52.0,1,
2026-06-10,6215,和椿,其他電子業,其他電子業,twse,industry_relative,-0.07659574468085106,,-0.04176069865729415,,-0.058708067843234346,,-0.017887676837616717,,58.0,1,
2026-06-10,6216,居易,通信網路業,通信網路業,twse,industry_relative,-0.06276150627615062,,-0.04176069865729415,,-0.08742463825429632,,0.024663131978145694,,66.0,1,
2026-06-10,6224,聚鼎,電子零組件業,電子零組件業,twse,industry_relative,-0.030450669914738104,,-0.04176069865729415,,-0.047364186962321156,,0.01691351704758305,,62.0,1,
2026-06-10,6225,天瀚,光電業,光電業,twse,industry_relative,-0.01670146137787054,,-0.04176069865729415,,-0.09988580129119395,,0.08318433991332341,,66.0,1,
2026-06-10,6226,光鼎,光電業,光電業,twse,industry_relative,-0.11785714285714288,,-0.04176069865729415,,-0.09988580129119395,,-0.01797134156594893,,58.0,1,
2026-06-10,6230,尼得科超眾,電腦及週邊設備業,電腦及週邊設備業,twse,industry_relative,-0.07342657342657344,,-0.04176069865729415,,-0.08882128841622082,,0.015394714989647382,,62.0,1,
2026-06-10,6235,華孚,電腦及週邊設備業,電腦及週邊設備業,twse,industry_relative,-0.09592061742006619,,-0.04176069865729415,,-0.08882128841622082,,-0.00709932900384537,,58.0,1,
2026-06-10,6239,力成,半導體業,半導體業,manual,industry_relative,-0.11661807580174932,,-0.04176069865729415,,-0.11651239144869237,,-0.00010568435305695345,,58.0,1,
2026-06-10,6243,迅杰,半導體業,半導體業,twse,industry_relative,-0.1350954478707782,,-0.04176069865729415,,-0.11651239144869237,,-0.01858305642208584,,58.0,1,
2026-06-10,6257,矽格,半導體業,半導體業,twse,industry_relative,-0.11521739130434783,,-0.04176069865729415,,-0.11651239144869237,,0.0012950001443445408,,62.0,1,
2026-06-10,6269,台郡,電子零組件業,電子零組件業,twse,industry_relative,-0.1187096774193549,,-0.04176069865729415,,-0.047364186962321156,,-0.07134549045703374,,52.0,1,
2026-06-10,6271,同欣電,半導體業,半導體業,manual,industry_relative,-0.09999999999999998,,-0.04176069865729415,,-0.11651239144869237,,0.01651239144869239,,62.0,1,
2026-06-10,6272,驊陞,電子零組件業,電子零組件業,twse,industry_relative,-0.12391573729863692,,-0.04176069865729415,,-0.047364186962321156,,-0.07655155033631576,,52.0,1,
2026-06-10,6277,宏正,電腦及週邊設備業,電腦及週邊設備業,twse,industry_relative,-0.08270676691729317,,-0.04176069865729415,,-0.08882128841622082,,0.006114521498927647,,62.0,1,
2026-06-10,6278,台表科,光電業,光電業,twse,industry_relative,-0.1004784688995215,,-0.04176069865729415,,-0.09988580129119395,,-0.0005926676083275462,,58.0,1,
2026-06-10,6281,全國電,電子通路業,電子通路業,twse,industry_relative,0.009803921568627416,,-0.04176069865729415,,-0.054222518357520656,,0.06402643992614807,,66.0,1,
2026-06-10,6282,康舒,電子零組件業,電子零組件業,manual,industry_relative,-0.09161490683229823,,-0.04176069865729415,,-0.047364186962321156,,-0.04425071986997707,,52.0,1,
2026-06-10,6283,淳安,其他電子業,其他電子業,twse,industry_relative,-0.03937007874015752,,-0.04176069865729415,,-0.058708067843234346,,0.019337989103076825,,62.0,1,
2026-06-10,6285,啟碁,通信網路業,通信網路業,twse,industry_relative,-0.11764705882352944,,-0.04176069865729415,,-0.08742463825429632,,-0.03022242056923312,,52.0,1,
2026-06-10,6405,悅城,光電業,光電業,twse,industry_relative,-0.09019607843137267,,-0.04176069865729415,,-0.09988580129119395,,0.009689722859821281,,62.0,1,
2026-06-10,6409,旭隼,其他電子業,其他電子業,twse,industry_relative,0.11328125,,-0.04176069865729415,,-0.058708067843234346,,0.17198931784323435,,66.0,1,
2026-06-10,6412,群電,電子零組件業,電子零組件業,twse,industry_relative,-0.16746411483253587,,-0.04176069865729415,,-0.047364186962321156,,-0.12009992787021471,,52.0,1,
2026-06-10,6414,樺漢,電腦及週邊設備業,電腦及週邊設備業,twse,industry_relative,0.007792207792207684,,-0.04176069865729415,,-0.08882128841622082,,0.0966134962084285,,66.0,1,
2026-06-10,6415,矽力*-KY,半導體業,半導體業,twse,industry_relative,-0.17779632721202,,-0.04176069865729415,,-0.11651239144869237,,-0.06128393576332762,,52.0,1,
2026-06-10,6416,瑞祺電通,通信網路業,通信網路業,twse,industry_relative,-0.10121012101210125,,-0.04176069865729415,,-0.08742463825429632,,-0.013785482757804932,,58.0,1,
2026-06-10,6426,統新,通信網路業,通信網路業,twse,industry_relative,-0.14226804123711345,,-0.04176069865729415,,-0.08742463825429632,,-0.05484340298281713,,52.0,1,
2026-06-10,6431,光麗-KY,生技醫療業,生技醫療業,twse,industry_relative,-0.06951871657754016,,-0.04176069865729415,,-0.0019462570785050463,,-0.06757245949903512,,52.0,1,
2026-06-10,6438,迅得,其他電子業,其他電子業,twse,industry_relative,-0.09597523219814241,,-0.04176069865729415,,-0.058708067843234346,,-0.03726716435490807,,52.0,1,
2026-06-10,6442,光聖,通信網路業,通信網路業,twse,industry_relative,-0.0847457627118644,,-0.04176069865729415,,-0.08742463825429632,,0.002678875542431916,,62.0,1,
2026-06-10,6443,元晶,光電業,光電業,twse,industry_relative,-0.06526806526806517,,-0.04176069865729415,,-0.09988580129119395,,0.03461773602312879,,66.0,1,
2026-06-10,6446,藥華藥,生技醫療業,生技醫療業,manual,industry_relative,0.09677419354838701,,-0.04176069865729415,,-0.0019462570785050463,,0.09872045062689205,,66.0,1,
2026-06-10,6449,鈺邦,電子零組件業,電子零組件業,twse,industry_relative,-0.04415584415584417,,-0.04176069865729415,,-0.047364186962321156,,0.0032083428064769853,,62.0,1,
2026-06-10,6451,訊芯-KY,半導體業,半導體業,twse,industry_relative,-0.23342541436464093,,-0.04176069865729415,,-0.11651239144869237,,-0.11691302291594856,,52.0,1,
2026-06-10,6456,GIS-KY,光電業,光電業,twse,industry_relative,-0.21734357848518115,,-0.04176069865729415,,-0.09988580129119395,,-0.1174577771939872,,52.0,1,
2026-06-10,6464,台數科,其他,其他,twse,industry_relative,-0.001280409731113874,,-0.04176069865729415,,0.005317573555849495,,-0.006597983286963369,,58.0,1,
2026-06-10,6472,保瑞,生技醫療業,生技醫療業,twse,industry_relative,0.12429378531073443,,-0.04176069865729415,,-0.0019462570785050463,,0.12624004238923947,,66.0,1,
2026-06-10,6477,安集,光電業,光電業,twse,industry_relative,-0.07890961262553797,,-0.04176069865729415,,-0.09988580129119395,,0.02097618866565598,,66.0,1,
2026-06-10,6491,晶碩,生技醫療業,生技醫療業,twse,industry_relative,0.003076923076922977,,-0.04176069865729415,,-0.0019462570785050463,,0.005023180155428023,,62.0,1,
2026-06-10,6504,南六,其他,其他,twse,industry_relative,-0.03513513513513511,,-0.04176069865729415,,0.005317573555849495,,-0.04045270869098461,,52.0,1,
2026-06-10,6505,台塑化,油電燃氣業,油電燃氣業,twse,industry_relative,-0.08765652951699465,,-0.04176069865729415,,-0.013893878800128878,,-0.07376265071686577,,52.0,1,
2026-06-10,6515,穎崴,半導體業,半導體業,twse,industry_relative,-0.011557177615571734,,-0.04176069865729415,,-0.11651239144869237,,0.10495521383312063,,66.0,1,
2026-06-10,6525,捷敏-KY,半導體業,半導體業,twse,industry_relative,-0.050000000000000044,,-0.04176069865729415,,-0.11651239144869237,,0.06651239144869232,,66.0,1,
2026-06-10,6526,達發,半導體業,半導體業,twse,industry_relative,-0.1362359550561798,,-0.04176069865729415,,-0.11651239144869237,,-0.019723563607487435,,58.0,1,
2026-06-10,6531,愛普*,半導體業,半導體業,twse,industry_relative,-0.18727272727272726,,-0.04176069865729415,,-0.11651239144869237,,-0.07076033582403489,,52.0,1,
2026-06-10,6533,晶心科,半導體業,半導體業,twse,industry_relative,-0.15644820295983086,,-0.04176069865729415,,-0.11651239144869237,,-0.039935811511138494,,52.0,1,
2026-06-10,6534,正瀚-創,生技醫療業,生技醫療業,twse,industry_relative,-0.021857923497267784,,-0.04176069865729415,,-0.0019462570785050463,,-0.019911666418762738,,58.0,1,
2026-06-10,6541,泰福-KY,生技醫療業,生技醫療業,twse,industry_relative,-0.0423728813559322,,-0.04176069865729415,,-0.0019462570785050463,,-0.04042662427742715,,52.0,1,
2026-06-10,6550,北極星藥業-KY,生技醫療業,生技醫療業,twse,industry_relative,-0.018867924528301883,,-0.04176069865729415,,-0.0019462570785050463,,-0.016921667449796837,,58.0,1,
2026-06-10,6552,易華電,半導體業,半導體業,twse,industry_relative,-0.20275862068965522,,-0.04176069865729415,,-0.11651239144869237,,-0.08624622924096285,,52.0,1,
2026-06-10,6558,興能高,其他電子業,其他電子業,twse,industry_relative,-0.07335329341317365,,-0.04176069865729415,,-0.058708067843234346,,-0.014645225569939302,,58.0,1,
2026-06-10,6573,虹揚-KY,半導體業,半導體業,twse,industry_relative,-0.16620498614958445,,-0.04176069865729415,,-0.11651239144869237,,-0.04969259470089209,,52.0,1,
2026-06-10,6579,研揚,電腦及週邊設備業,電腦及週邊設備業,manual,industry_relative,-0.02985074626865669,,-0.04176069865729415,,-0.08882128841622082,,0.05897054214756413,,66.0,1,
2026-06-10,6581,鋼聯,綠能環保,綠能環保,twse,industry_relative,-0.03153153153153154,,-0.04176069865729415,,-0.022124213857411673,,-0.00940731767411987,,58.0,1,
2026-06-10,6582,申豐,橡膠工業,橡膠工業,twse,industry_relative,-0.03100775193798455,,-0.04176069865729415,,-0.021250970587573362,,-0.009756781350411189,,58.0,1,
2026-06-10,6585,鼎基,其他,其他,twse,industry_relative,0.2701612903225805,,-0.04176069865729415,,0.005317573555849495,,0.264843716766731,,66.0,1,
2026-06-10,6589,台康生技,生技醫療業,生技醫療業,twse,industry_relative,0.015625,,-0.04176069865729415,,-0.0019462570785050463,,0.017571257078505046,,62.0,1,
2026-06-10,6591,動力-KY,電腦及週邊設備業,電腦及週邊設備業,twse,industry_relative,-0.06768189509306255,,-0.04176069865729415,,-0.08882128841622082,,0.02113939332315827,,66.0,1,
2026-06-10,6592,和潤企業,其他,其他,twse,industry_relative,0.037094281298299725,,-0.04176069865729415,,0.005317573555849495,,0.03177670774245023,,66.0,1,
2026-06-10,6592A,和潤企業甲特,全市場,,,market_relative_fallback,0.006191950464396134,,-0.04176069865729415,,-0.04176069865729415,,0.04795264912169028,,66.0,1,缺少產業分類，使用全市場相對強弱
2026-06-10,6592B,和潤企業乙特,全市場,,,market_relative_fallback,0.004119464469618972,,-0.04176069865729415,,-0.04176069865729415,,0.04588016312691312,,66.0,1,缺少產業分類，使用全市場相對強弱
2026-06-10,6598,ABC-KY,生技醫療業,生技醫療業,twse,industry_relative,0.03319502074688785,,-0.04176069865729415,,-0.0019462570785050463,,0.0351412778253929,,66.0,1,
2026-06-10,6605,帝寶,汽車工業,汽車工業,twse,industry_relative,0.02430555555555558,,-0.04176069865729415,,-0.024068947735155496,,0.04837450329071108,,66.0,1,
2026-06-10,6606,建德工業,電機機械,電機機械,twse,industry_relative,-0.028037383177570097,,-0.04176069865729415,,-0.06416030185742656,,0.03612291867985647,,66.0,1,
2026-06-10,6614,資拓宏宇,數位雲端,數位雲端,twse,industry_relative,-0.008695652173913104,,-0.04176069865729415,,0.03838849708895193,,-0.047084149262865034,,52.0,1,
2026-06-10,6625,必應,其他,其他,twse,industry_relative,0.014884979702300294,,-0.04176069865729415,,0.005317573555849495,,0.0095674061464508,,62.0,1,
2026-06-10,6641,基士德-KY,綠能環保,綠能環保,twse,industry_relative,-0.008152173913043348,,-0.04176069865729415,,-0.022124213857411673,,0.013972039944368325,,62.0,1,
2026-06-10,6645,金萬林-創,生技醫療業,生技醫療業,twse,industry_relative,0.10460251046025104,,-0.04176069865729415,,-0.0019462570785050463,,0.10654876753875608,,66.0,1,
2026-06-10,6655,科定,其他,其他,twse,industry_relative,-0.06949806949806947,,-0.04176069865729415,,0.005317573555849495,,-0.07481564305391897,,52.0,1,
2026-06-10,6657,華安,生技醫療業,生技醫療業,twse,industry_relative,-0.13043478260869568,,-0.04176069865729415,,-0.0019462570785050463,,-0.12848852553019063,,52.0,1,
2026-06-10,6658,聯策,其他電子業,其他電子業,twse,industry_relative,-0.13300492610837433,,-0.04176069865729415,,-0.058708067843234346,,-0.07429685826513999,,52.0,1,
2026-06-10,6666,羅麗芬-KY,生技醫療業,生技醫療業,twse,industry_relative,0.012269938650306678,,-0.04176069865729415,,-0.0019462570785050463,,0.014216195728811724,,62.0,1,
2026-06-10,6668,中揚光,光電業,光電業,twse,industry_relative,-0.05710659898477155,,-0.04176069865729415,,-0.09988580129119395,,0.042779202306422404,,66.0,1,
2026-06-10,6669,緯穎,電腦及週邊設備業,電腦及週邊設備業,twse,industry_relative,-0.09553571428571428,,-0.04176069865729415,,-0.08882128841622082,,-0.006714425869493459,,58.0,1,
2026-06-10,6670,復盛應用,運動休閒,運動休閒,twse,industry_relative,0.0,,-0.04176069865729415,,0.029126014210262355,,-0.029126014210262355,,52.0,1,
2026-06-10,6671,三能-KY,居家生活,居家生活,twse,industry_relative,-0.03165735567970207,,-0.04176069865729415,,-0.010081860059021413,,-0.02157549562068066,,52.0,1,
2026-06-10,6672,騰輝電子-KY,電子零組件業,電子零組件業,twse,industry_relative,0.00691244239631339,,-0.04176069865729415,,-0.047364186962321156,,0.054276629358634546,,66.0,1,
2026-06-10,6674,鋐寶科技,通信網路業,通信網路業,twse,industry_relative,-0.054200542005420016,,-0.04176069865729415,,-0.08742463825429632,,0.0332240962488763,,66.0,1,
2026-06-10,6689,伊雲谷,數位雲端,數位雲端,twse,industry_relative,-0.06164383561643838,,-0.04176069865729415,,0.03838849708895193,,-0.1000323327053903,,52.0,1,
2026-06-10,6691,洋基工程,其他電子業,其他電子業,twse,industry_relative,-0.020155038759689936,,-0.04176069865729415,,-0.058708067843234346,,0.03855302908354441,,66.0,1,
2026-06-10,6695,芯鼎,半導體業,半導體業,twse,industry_relative,-0.1064572425828969,,-0.04176069865729415,,-0.11651239144869237,,0.010055148865795463,,62.0,1,
2026-06-10,6698,旭暉應材,其他電子業,其他電子業,twse,industry_relative,-0.11347517730496448,,-0.04176069865729415,,-0.058708067843234346,,-0.054767109461730135,,52.0,1,
2026-06-10,6706,惠特,光電業,光電業,twse,industry_relative,-0.20873786407766992,,-0.04176069865729415,,-0.09988580129119395,,-0.10885206278647597,,52.0,1,
2026-06-10,6715,嘉基,電子零組件業,電子零組件業,twse,industry_relative,-0.20997920997920994,,-0.04176069865729415,,-0.047364186962321156,,-0.1626150230168888,,52.0,1,
2026-06-10,6719,力智,半導體業,半導體業,manual,industry_relative,-0.12164948453608249,,-0.04176069865729415,,-0.11651239144869237,,-0.005137093087390118,,58.0,1,
2026-06-10,6722,輝創,其他電子業,其他電子業,twse,industry_relative,-0.038318912237330194,,-0.04176069865729415,,-0.058708067843234346,,0.020389155605904152,,66.0,1,
2026-06-10,6742,澤米,光電業,光電業,manual,industry_relative,-0.026058631921824116,,-0.04176069865729415,,-0.09988580129119395,,0.07382716936936984,,66.0,1,
2026-06-10,6743,安普新,其他電子業,其他電子業,twse,industry_relative,-0.011513157894736725,,-0.04176069865729415,,-0.058708067843234346,,0.04719490994849762,,66.0,1,
2026-06-10,6753,龍德造船,航運業,航運業,twse,industry_relative,-0.03984063745019917,,-0.04176069865729415,,-0.016889613562691922,,-0.022951023887507246,,52.0,1,
2026-06-10,6754,匯僑設計,居家生活,居家生活,twse,industry_relative,-0.027203482045701888,,-0.04176069865729415,,-0.010081860059021413,,-0.017121621986680477,,58.0,1,
2026-06-10,6756,威鋒電子,半導體業,半導體業,twse,industry_relative,-0.062000000000000055,,-0.04176069865729415,,-0.11651239144869237,,0.05451239144869231,,66.0,1,
2026-06-10,6757,台灣虎航,航運業,航運業,twse,industry_relative,-0.037701974865350096,,-0.04176069865729415,,-0.016889613562691922,,-0.020812361302658174,,52.0,1,
2026-06-10,6768,志強-KY,運動休閒,運動休閒,twse,industry_relative,-0.02270381836945312,,-0.04176069865729415,,0.029126014210262355,,-0.051829832579715476,,52.0,1,
2026-06-10,6770,力積電,半導體業,半導體業,manual,industry_relative,-0.23877068557919612,,-0.04176069865729415,,-0.11651239144869237,,-0.12225829413050375,,52.0,1,
2026-06-10,6771,平和環保-創,綠能環保,綠能環保,twse,industry_relative,-0.0011961722488037507,,-0.04176069865729415,,-0.022124213857411673,,0.020928041608607922,,66.0,1,
2026-06-10,6776,展碁國際,電子通路業,電子通路業,twse,industry_relative,-0.019672131147541072,,-0.04176069865729415,,-0.054222518357520656,,0.034550387209979584,,66.0,1,
2026-06-10,6781,AES-KY,電子零組件業,電子零組件業,twse,industry_relative,-0.1074380165289256,,-0.04176069865729415,,-0.047364186962321156,,-0.06007382956660444,,52.0,1,
2026-06-10,6782,視陽,生技醫療業,生技醫療業,twse,industry_relative,-0.005115089514066473,,-0.04176069865729415,,-0.0019462570785050463,,-0.003168832435561427,,58.0,1,
2026-06-10,6789,采鈺,半導體業,半導體業,twse,industry_relative,-0.14814814814814814,,-0.04176069865729415,,-0.11651239144869237,,-0.03163575669945577,,52.0,1,
2026-06-10,6790,永豐實,造紙工業,造紙工業,twse,industry_relative,-0.002515723270440251,,-0.04176069865729415,,0.0350329876028364,,-0.03754871087327665,,52.0,1,
2026-06-10,6792,詠業,通信網路業,通信網路業,twse,industry_relative,-0.05848787446504988,,-0.04176069865729415,,-0.08742463825429632,,0.028936763789246436,,66.0,1,
2026-06-10,6794,向榮生技,生技醫療業,生技醫療業,twse,industry_relative,-0.030048076923076872,,-0.04176069865729415,,-0.0019462570785050463,,-0.028101819844571826,,52.0,1,
2026-06-10,6796,晉弘,生技醫療業,生技醫療業,twse,industry_relative,-0.021311475409836023,,-0.04176069865729415,,-0.0019462570785050463,,-0.019365218331330977,,58.0,1,
2026-06-10,6799,來頡,半導體業,半導體業,twse,industry_relative,-0.1875,,-0.04176069865729415,,-0.11651239144869237,,-0.07098760855130763,,52.0,1,
2026-06-10,6805,富世達,電子零組件業,電子零組件業,twse,industry_relative,-0.15827338129496404,,-0.04176069865729415,,-0.047364186962321156,,-0.11090919433264289,,52.0,1,
2026-06-10,6806,森崴能源,綠能環保,綠能環保,twse,industry_relative,-0.2848920863309353,,-0.04176069865729415,,-0.022124213857411673,,-0.2627678724735236,,52.0,1,
2026-06-10,6807,峰源-KY,居家生活,居家生活,twse,industry_relative,-0.005970149253731405,,-0.04176069865729415,,-0.010081860059021413,,0.004111710805290008,,62.0,1,
2026-06-10,6830,汎銓,其他電子業,其他電子業,twse,industry_relative,-0.30042016806722693,,-0.04176069865729415,,-0.058708067843234346,,-0.2417121002239926,,52.0,1,
2026-06-10,6831,邁科,電腦及週邊設備業,電腦及週邊設備業,twse,industry_relative,0.00688705234159781,,-0.04176069865729415,,-0.08882128841622082,,0.09570834075781863,,66.0,1,
2026-06-10,6834,天二科技,電子零組件業,電子零組件業,manual,industry_relative,-0.09677419354838712,,-0.04176069865729415,,-0.047364186962321156,,-0.049410006586065966,,52.0,1,
2026-06-10,6835,圓裕,電子零組件業,電子零組件業,twse,industry_relative,-0.04036458333333326,,-0.04176069865729415,,-0.047364186962321156,,0.0069996036289878966,,62.0,1,
2026-06-10,6838,台新藥,生技醫療業,生技醫療業,twse,industry_relative,-0.03689320388349515,,-0.04176069865729415,,-0.0019462570785050463,,-0.0349469468049901,,52.0,1,
2026-06-10,6854,錼創科技-KY創,半導體業,半導體業,twse,industry_relative,-0.09540636042402828,,-0.04176069865729415,,-0.11651239144869237,,0.021106031024664088,,66.0,1,
2026-06-10,6861,睿生光電,生技醫療業,生技醫療業,twse,industry_relative,-0.11821974965229487,,-0.04176069865729415,,-0.0019462570785050463,,-0.11627349257378983,,52.0,1,
2026-06-10,6862,三集瑞-KY,電子零組件業,電子零組件業,twse,industry_relative,0.0,,-0.04176069865729415,,-0.047364186962321156,,0.047364186962321156,,66.0,1,
2026-06-10,6863,永道-KY,通信網路業,通信網路業,twse,industry_relative,-0.06944444444444442,,-0.04176069865729415,,-0.08742463825429632,,0.0179801938098519,,62.0,1,
2026-06-10,6869,雲豹能源,綠能環保,綠能環保,twse,industry_relative,-0.05747126436781613,,-0.04176069865729415,,-0.022124213857411673,,-0.03534705051040446,,52.0,1,
2026-06-10,6873,泓德能源,綠能環保,綠能環保,twse,industry_relative,-0.09378292939936783,,-0.04176069865729415,,-0.022124213857411673,,-0.07165871554195616,,52.0,1,
2026-06-10,6885,全福生技,生技醫療業,生技醫療業,twse,industry_relative,-0.014314928425357754,,-0.04176069865729415,,-0.0019462570785050463,,-0.012368671346852707,,58.0,1,
2026-06-10,6887,寶綠特-KY,綠能環保,綠能環保,twse,industry_relative,0.025899280575539585,,-0.04176069865729415,,-0.022124213857411673,,0.04802349443295126,,66.0,1,
2026-06-10,6890,來億-KY,運動休閒,運動休閒,twse,industry_relative,0.33016627078384797,,-0.04176069865729415,,0.029126014210262355,,0.30104025657358563,,66.0,1,
2026-06-10,6901,鑽石投資,其他,其他,twse,industry_relative,0.12195121951219523,,-0.04176069865729415,,0.005317573555849495,,0.11663364595634573,,66.0,1,
2026-06-10,6902,GOGOLOOK,數位雲端,數位雲端,manual,industry_relative,-0.017006802721088454,,-0.04176069865729415,,0.03838849708895193,,-0.055395299810040384,,52.0,1,
2026-06-10,6906,現觀科,數位雲端,數位雲端,twse,industry_relative,-0.08212560386473433,,-0.04176069865729415,,0.03838849708895193,,-0.12051410095368625,,52.0,1,
2026-06-10,6908,宏碁遊戲-創,電子通路業,電子通路業,twse,industry_relative,-0.015000000000000013,,-0.04176069865729415,,-0.054222518357520656,,0.03922251835752064,,66.0,1,
2026-06-10,6909,創控,半導體業,半導體業,twse,industry_relative,-0.14636542239685646,,-0.04176069865729415,,-0.11651239144869237,,-0.02985303094816409,,52.0,1,
2026-06-10,6914,阜爾運通,其他,其他,twse,industry_relative,-0.010526315789473717,,-0.04176069865729415,,0.005317573555849495,,-0.01584388934532321,,58.0,1,
2026-06-10,6916,華凌,光電業,光電業,twse,industry_relative,0.015625,,-0.04176069865729415,,-0.09988580129119395,,0.11551080129119395,,66.0,1,
2026-06-10,6918,愛派司,生技醫療業,生技醫療業,twse,industry_relative,-0.01216216216216226,,-0.04176069865729415,,-0.0019462570785050463,,-0.010215905083657214,,58.0,1,
2026-06-10,6919,康霈*,生技醫療業,生技醫療業,twse,industry_relative,-0.08393782383419679,,-0.04176069865729415,,-0.0019462570785050463,,-0.08199156675569175,,52.0,1,
2026-06-10,6921,嘉雨思-創,半導體業,半導體業,twse,industry_relative,-0.08190224570673721,,-0.04176069865729415,,-0.11651239144869237,,0.03461014574195516,,66.0,1,
2026-06-10,6923,中台,綠能環保,綠能環保,twse,industry_relative,0.0025542784163474774,,-0.04176069865729415,,-0.022124213857411673,,0.02467849227375915,,66.0,1,
2026-06-10,6924,榮惠-KY創,電子零組件業,電子零組件業,twse,industry_relative,-0.2978723404255319,,-0.04176069865729415,,-0.047364186962321156,,-0.25050815346321076,,52.0,1,
2026-06-10,6928,攸泰科技,電腦及週邊設備業,電腦及週邊設備業,twse,industry_relative,-0.10041841004184093,,-0.04176069865729415,,-0.08882128841622082,,-0.011597121625620113,,58.0,1,
2026-06-10,6931,青松健康,生技醫療業,生技醫療業,twse,industry_relative,0.003676470588235503,,-0.04176069865729415,,-0.0019462570785050463,,0.005622727666740549,,62.0,1,
2026-06-10,6933,AMAX-KY,電腦及週邊設備業,電腦及週邊設備業,twse,industry_relative,-0.19354838709677424,,-0.04176069865729415,,-0.08882128841622082,,-0.10472709868055342,,52.0,1,
2026-06-10,6934,心誠鎂,生技醫療業,生技醫療業,twse,industry_relative,-0.05449591280653954,,-0.04176069865729415,,-0.0019462570785050463,,-0.05254965572803449,,52.0,1,
2026-06-10,6936,永鴻生技,生技醫療業,生技醫療業,twse,industry_relative,-0.020771513353115778,,-0.04176069865729415,,-0.0019462570785050463,,-0.018825256274610732,,58.0,1,
2026-06-10,6937,天虹,半導體業,半導體業,twse,industry_relative,-0.08557046979865768,,-0.04176069865729415,,-0.11651239144869237,,0.03094192165003469,,66.0,1,
2026-06-10,6944,兆聯實業,綠能環保,綠能環保,twse,industry_relative,-0.006564551422319487,,-0.04176069865729415,,-0.022124213857411673,,0.015559662435092186,,62.0,1,
2026-06-10,6949,沛爾生醫-創,生技醫療業,生技醫療業,twse,industry_relative,0.1417322834645669,,-0.04176069865729415,,-0.0019462570785050463,,0.14367854054307194,,66.0,1,
2026-06-10,6951,青新-創,綠能環保,綠能環保,twse,industry_relative,0.012195121951219523,,-0.04176069865729415,,-0.022124213857411673,,0.034319335808631196,,66.0,1,
2026-06-10,6952,大武山,其他,其他,twse,industry_relative,-0.017832647462277196,,-0.04176069865729415,,0.005317573555849495,,-0.02315022101812669,,52.0,1,
2026-06-10,6955,邦睿生技-創,生技醫療業,生技醫療業,twse,industry_relative,-0.0547945205479452,,-0.04176069865729415,,-0.0019462570785050463,,-0.05284826346944015,,52.0,1,
2026-06-10,6957,裕慶-KY,其他,其他,twse,industry_relative,0.005319148936170137,,-0.04176069865729415,,0.005317573555849495,,1.5753803206423542e-06,,62.0,1,
2026-06-10,6958,日盛台駿,其他,其他,twse,industry_relative,-0.03188405797101457,,-0.04176069865729415,,0.005317573555849495,,-0.037201631526864065,,52.0,1,
2026-06-10,6958A,日盛台駿甲特,全市場,,,market_relative_fallback,-0.010928961748633892,,-0.04176069865729415,,-0.04176069865729415,,0.030831736908660257,,66.0,1,缺少產業分類，使用全市場相對強弱
2026-06-10,6962,奕力-KY,半導體業,半導體業,twse,industry_relative,-0.10937499999999989,,-0.04176069865729415,,-0.11651239144869237,,0.007137391448692479,,62.0,1,
2026-06-10,6965,中傑-KY,運動休閒,運動休閒,twse,industry_relative,-0.012224938875305624,,-0.04176069865729415,,0.029126014210262355,,-0.04135095308556798,,52.0,1,
2026-06-10,6969,成信實業*-創,綠能環保,綠能環保,twse,industry_relative,-0.03597122302158273,,-0.04176069865729415,,-0.022124213857411673,,-0.013847009164171059,,58.0,1,
2026-06-10,6988,威力暘-創,汽車工業,汽車工業,twse,industry_relative,-0.006802721088435382,,-0.04176069865729415,,-0.024068947735155496,,0.017266226646720114,,62.0,1,
2026-06-10,6994,富威電力,綠能環保,綠能環保,twse,industry_relative,-0.07290015847860543,,-0.04176069865729415,,-0.022124213857411673,,-0.05077594462119375,,52.0,1,
2026-06-10,7610,聯友金屬-創,綠能環保,綠能環保,twse,industry_relative,0.03915662650602414,,-0.04176069865729415,,-0.022124213857411673,,0.06128084036343581,,66.0,1,
2026-06-10,7631,聚賢研發-創,其他電子業,其他電子業,twse,industry_relative,0.01200000000000001,,-0.04176069865729415,,-0.058708067843234346,,0.07070806784323436,,66.0,1,
2026-06-10,7705,三商餐飲,觀光餐旅,觀光餐旅,twse,industry_relative,-0.011023622047244164,,-0.04176069865729415,,-0.008868031930672982,,-0.002155590116571182,,58.0,1,
2026-06-10,7711,永擎,電腦及週邊設備業,電腦及週邊設備業,twse,industry_relative,-0.10745891276864727,,-0.04176069865729415,,-0.08882128841622082,,-0.018637624352426455,,58.0,1,
2026-06-10,7721,微程式,數位雲端,數位雲端,twse,industry_relative,-0.011612903225806548,,-0.04176069865729415,,0.03838849708895193,,-0.05000140031475848,,52.0,1,
2026-06-10,7722,LINEPAY,數位雲端,數位雲端,twse,industry_relative,0.25270758122743686,,-0.04176069865729415,,0.03838849708895193,,0.21431908413848494,,66.0,1,
2026-06-10,7730,暉盛-創,半導體業,半導體業,manual,industry_relative,-0.08728179551122195,,-0.04176069865729415,,-0.11651239144869237,,0.02923059593747042,,66.0,1,
2026-06-10,7732,金興精密,汽車工業,汽車工業,twse,industry_relative,-0.017980636237897585,,-0.04176069865729415,,-0.024068947735155496,,0.006088311497257911,,62.0,1,
2026-06-10,7736,虎山,汽車工業,汽車工業,twse,industry_relative,-0.019204389574760006,,-0.04176069865729415,,-0.024068947735155496,,0.00486455816039549,,62.0,1,
2026-06-10,7740,熙特爾-創,綠能環保,綠能環保,twse,industry_relative,-0.0889487870619946,,-0.04176069865729415,,-0.022124213857411673,,-0.06682457320458293,,52.0,1,
2026-06-10,7749,意騰-KY,半導體業,半導體業,twse,industry_relative,0.08506224066390033,,-0.04176069865729415,,-0.11651239144869237,,0.2015746321125927,,66.0,1,
2026-06-10,7750,新代,電機機械,電機機械,twse,industry_relative,-0.06971677559912859,,-0.04176069865729415,,-0.06416030185742656,,-0.0055564737417020255,,58.0,1,
2026-06-10,7760,享溫馨,觀光餐旅,觀光餐旅,twse,industry_relative,0.015873015873015817,,-0.04176069865729415,,-0.008868031930672982,,0.024741047803688798,,66.0,1,
2026-06-10,7765,中華資安,數位雲端,數位雲端,twse,industry_relative,-0.05555555555555558,,-0.04176069865729415,,0.03838849708895193,,-0.0939440526445075,,52.0,1,
2026-06-10,7768,頌勝科技,半導體業,半導體業,twse,industry_relative,-0.10697674418604652,,-0.04176069865729415,,-0.11651239144869237,,0.009535647262645844,,62.0,1,
2026-06-10,7769,鴻勁,半導體業,半導體業,twse,industry_relative,-0.09102990033222591,,-0.04176069865729415,,-0.11651239144869237,,0.025482491116466457,,66.0,1,
2026-06-10,7780,大研生醫*,食品工業,食品工業,twse,industry_relative,0.0393258426966292,,-0.04176069865729415,,-0.014954368855961752,,0.054280211552590954,,66.0,1,
2026-06-10,7786,東方風能,綠能環保,綠能環保,twse,industry_relative,-0.028225806451612878,,-0.04176069865729415,,-0.022124213857411673,,-0.006101592594201205,,58.0,1,
2026-06-10,7788,松川精密,電子零組件業,電子零組件業,twse,industry_relative,0.3022670025188916,,-0.04176069865729415,,-0.047364186962321156,,0.34963118948121275,,66.0,1,
2026-06-10,7791,皇家可口,食品工業,食品工業,twse,industry_relative,-0.06398809523809534,,-0.04176069865729415,,-0.014954368855961752,,-0.04903372638213359,,52.0,1,
2026-06-10,7795,長廣,電子零組件業,電子零組件業,twse,industry_relative,-0.08556832694763727,,-0.04176069865729415,,-0.047364186962321156,,-0.03820413998531612,,52.0,1,
2026-06-10,7799,禾榮科,生技醫療業,生技醫療業,twse,industry_relative,0.05255023183925811,,-0.04176069865729415,,-0.0019462570785050463,,0.05449648891776316,,66.0,1,
2026-06-10,7803,雲象科技-創,生技醫療業,生技醫療業,twse,industry_relative,0.024774774774774855,,-0.04176069865729415,,-0.0019462570785050463,,0.0267210318532799,,66.0,1,
2026-06-10,7818,溢泰實業,綠能環保,綠能環保,twse,industry_relative,-0.03816793893129766,,-0.04176069865729415,,-0.022124213857411673,,-0.01604372507388599,,58.0,1,
2026-06-10,7821,神數,汽車工業,汽車工業,twse,industry_relative,-0.044613710554951114,,-0.04176069865729415,,-0.024068947735155496,,-0.020544762819795618,,52.0,1,
2026-06-10,7822,倍利科,半導體業,半導體業,twse,industry_relative,-0.0663551401869159,,-0.04176069865729415,,-0.11651239144869237,,0.05015725126177646,,66.0,1,
2026-06-10,7823,奧義賽博-KY創,數位雲端,數位雲端,twse,industry_relative,-0.13367346938775504,,-0.04176069865729415,,0.03838849708895193,,-0.17206196647670696,,52.0,1,
2026-06-10,7827,漢康-KY創,生技醫療業,生技醫療業,twse,industry_relative,-0.022012578616352196,,-0.04176069865729415,,-0.0019462570785050463,,-0.02006632153784715,,52.0,1,
2026-06-10,8011,台通,通信網路業,通信網路業,twse,industry_relative,-0.0892857142857143,,-0.04176069865729415,,-0.08742463825429632,,-0.0018610760314179825,,58.0,1,
2026-06-10,8016,矽創,半導體業,半導體業,twse,industry_relative,-0.05756578947368418,,-0.04176069865729415,,-0.11651239144869237,,0.05894660197500819,,66.0,1,
2026-06-10,8021,尖點,其他電子業,其他電子業,twse,industry_relative,0.18297872340425525,,-0.04176069865729415,,-0.058708067843234346,,0.2416867912474896,,66.0,1,
2026-06-10,8028,昇陽半導體,半導體業,半導體業,twse,industry_relative,-0.08563134978229314,,-0.04176069865729415,,-0.11651239144869237,,0.030881041666399225,,66.0,1,
2026-06-10,8033,雷虎,其他,其他,twse,industry_relative,-0.040892193308550207,,-0.04176069865729415,,0.005317573555849495,,-0.046209766864399704,,52.0,1,
2026-06-10,8039,台虹,電子零組件業,電子零組件業,twse,industry_relative,-0.1428571428571429,,-0.04176069865729415,,-0.047364186962321156,,-0.09549295589482175,,52.0,1,
2026-06-10,8045,達運光電,通信網路業,通信網路業,twse,industry_relative,-0.12678062678062685,,-0.04176069865729415,,-0.08742463825429632,,-0.03935598852633053,,52.0,1,
2026-06-10,8046,南電,電子零組件業,電子零組件業,twse,industry_relative,-0.06305309734513276,,-0.04176069865729415,,-0.047364186962321156,,-0.015688910382811602,,58.0,1,
2026-06-10,8070,長華*,電子通路業,電子通路業,twse,industry_relative,-0.039999999999999925,,-0.04176069865729415,,-0.054222518357520656,,0.014222518357520732,,62.0,1,
2026-06-10,8072,陞泰,電子通路業,電子通路業,twse,industry_relative,-0.051926298157453976,,-0.04176069865729415,,-0.054222518357520656,,0.00229622020006668,,62.0,1,
2026-06-10,8081,致新,半導體業,半導體業,twse,industry_relative,-0.09615384615384615,,-0.04176069865729415,,-0.11651239144869237,,0.020358545294846223,,66.0,1,
2026-06-10,8101,華冠,通信網路業,通信網路業,twse,industry_relative,0.01840490797546024,,-0.04176069865729415,,-0.08742463825429632,,0.10582954622975656,,66.0,1,
2026-06-10,8103,瀚荃,電子零組件業,電子零組件業,twse,industry_relative,-0.07961165048543695,,-0.04176069865729415,,-0.047364186962321156,,-0.03224746352311579,,52.0,1,
2026-06-10,8104,錸寶,光電業,光電業,twse,industry_relative,-0.11995515695067271,,-0.04176069865729415,,-0.09988580129119395,,-0.02006935565947876,,52.0,1,
2026-06-10,8105,凌巨,光電業,光電業,twse,industry_relative,0.004854368932038833,,-0.04176069865729415,,-0.09988580129119395,,0.10474017022323279,,66.0,1,
2026-06-10,8110,華東,半導體業,半導體業,twse,industry_relative,-0.13810316139767065,,-0.04176069865729415,,-0.11651239144869237,,-0.02159076994897828,,52.0,1,
2026-06-10,8112,至上,電子通路業,電子通路業,twse,industry_relative,-0.019067796610169663,,-0.04176069865729415,,-0.054222518357520656,,0.035154721747350993,,66.0,1,
2026-06-10,8112A,至上甲特,全市場,,,market_relative_fallback,0.004319654427645814,,-0.04176069865729415,,-0.04176069865729415,,0.04608035308493996,,66.0,1,缺少產業分類，使用全市場相對強弱
2026-06-10,8114,振樺電,電腦及週邊設備業,電腦及週邊設備業,twse,industry_relative,-0.17682926829268297,,-0.04176069865729415,,-0.08882128841622082,,-0.08800797987646215,,52.0,1,
2026-06-10,8131,福懋科,半導體業,半導體業,twse,industry_relative,-0.08230452674897115,,-0.04176069865729415,,-0.11651239144869237,,0.034207864699721216,,66.0,1,
2026-06-10,8150,南茂,半導體業,半導體業,manual,industry_relative,-0.07828810020876831,,-0.04176069865729415,,-0.11651239144869237,,0.03822429123992406,,66.0,1,
2026-06-10,8162,微矽電子-創,半導體業,半導體業,twse,industry_relative,-0.13654096228868662,,-0.04176069865729415,,-0.11651239144869237,,-0.02002857083999425,,52.0,1,
2026-06-10,8163,達方,電腦及週邊設備業,電腦及週邊設備業,manual,industry_relative,0.021871202916160293,,-0.04176069865729415,,-0.08882128841622082,,0.11069249133238111,,66.0,1,
2026-06-10,8201,無敵,其他電子業,其他電子業,twse,industry_relative,-0.03649635036496346,,-0.04176069865729415,,-0.058708067843234346,,0.022211717478270887,,66.0,1,
2026-06-10,8210,勤誠,電腦及週邊設備業,電腦及週邊設備業,twse,industry_relative,-0.0068728522336769515,,-0.04176069865729415,,-0.08882128841622082,,0.08194843618254387,,66.0,1,
2026-06-10,8213,志超,電子零組件業,電子零組件業,twse,industry_relative,-0.08972691807542266,,-0.04176069865729415,,-0.047364186962321156,,-0.0423627311131015,,52.0,1,
2026-06-10,8215,明基材,光電業,光電業,twse,industry_relative,-0.11503067484662577,,-0.04176069865729415,,-0.09988580129119395,,-0.015144873555431815,,58.0,1,
2026-06-10,8222,寶一,電機機械,電機機械,twse,industry_relative,-0.08388814913448728,,-0.04176069865729415,,-0.06416030185742656,,-0.019727847277060714,,58.0,1,
2026-06-10,8249,菱光,電子零組件業,電子零組件業,twse,industry_relative,-0.10053859964093359,,-0.04176069865729415,,-0.047364186962321156,,-0.053174412678612434,,52.0,1,
2026-06-10,8261,富鼎,半導體業,半導體業,twse,industry_relative,-0.08479532163742687,,-0.04176069865729415,,-0.11651239144869237,,0.0317170698112655,,66.0,1,
2026-06-10,8271,宇瞻,半導體業,半導體業,twse,industry_relative,-0.19199999999999995,,-0.04176069865729415,,-0.11651239144869237,,-0.07548760855130758,,52.0,1,
2026-06-10,8341,日友,綠能環保,綠能環保,twse,industry_relative,0.049032258064516165,,-0.04176069865729415,,-0.022124213857411673,,0.07115647192192784,,66.0,1,
2026-06-10,8367,建新國際,航運業,航運業,twse,industry_relative,-0.024330900243308973,,-0.04176069865729415,,-0.016889613562691922,,-0.007441286680617051,,58.0,1,
2026-06-10,8374,羅昇,電機機械,電機機械,twse,industry_relative,-0.11386138613861385,,-0.04176069865729415,,-0.06416030185742656,,-0.04970108428118729,,52.0,1,
2026-06-10,8404,百和興業-KY,其他,其他,twse,industry_relative,0.0057636887608067955,,-0.04176069865729415,,0.005317573555849495,,0.00044611520495730066,,62.0,1,
2026-06-10,8411,福貞-KY,其他,其他,twse,industry_relative,0.012396694214876103,,-0.04176069865729415,,0.005317573555849495,,0.007079120659026608,,62.0,1,
2026-06-10,8422,可寧衛*,綠能環保,綠能環保,twse,industry_relative,0.07651245551601416,,-0.04176069865729415,,-0.022124213857411673,,0.09863666937342583,,66.0,1,
2026-06-10,8429,金麗-KY,貿易百貨,貿易百貨,twse,industry_relative,0.010687022900763399,,-0.04176069865729415,,-0.016403092057949088,,0.027090114958712486,,66.0,1,
2026-06-10,8438,昶昕,綠能環保,綠能環保,twse,industry_relative,-0.07692307692307676,,-0.04176069865729415,,-0.022124213857411673,,-0.05479886306566509,,52.0,1,
2026-06-10,8442,威宏-KY,其他,其他,twse,industry_relative,0.018844221105527748,,-0.04176069865729415,,0.005317573555849495,,0.013526647549678254,,62.0,1,
2026-06-10,8443,阿瘦,貿易百貨,貿易百貨,twse,industry_relative,0.004444444444444473,,-0.04176069865729415,,-0.016403092057949088,,0.02084753650239356,,66.0,1,
2026-06-10,8454,富邦媒,數位雲端,數位雲端,twse,industry_relative,0.5393835616438356,,-0.04176069865729415,,0.03838849708895193,,0.5009950645548836,,66.0,1,
2026-06-10,8462,柏文,運動休閒,運動休閒,twse,industry_relative,0.021582733812949728,,-0.04176069865729415,,0.029126014210262355,,-0.007543280397312627,,58.0,1,
2026-06-10,8463,潤泰材,其他,其他,twse,industry_relative,-0.002272727272727315,,-0.04176069865729415,,0.005317573555849495,,-0.00759030082857681,,58.0,1,
2026-06-10,8464,億豐,居家生活,居家生活,twse,industry_relative,0.04166666666666674,,-0.04176069865729415,,-0.010081860059021413,,0.05174852672568815,,66.0,1,
2026-06-10,8466,美吉吉-KY,其他,其他,twse,industry_relative,-0.0492307692307693,,-0.04176069865729415,,0.005317573555849495,,-0.0545483427866188,,52.0,1,
2026-06-10,8467,波力-KY,運動休閒,運動休閒,twse,industry_relative,-0.030188679245283012,,-0.04176069865729415,,0.029126014210262355,,-0.05931469345554537,,52.0,1,
2026-06-10,8473,山林水,綠能環保,綠能環保,twse,industry_relative,-0.05805243445692887,,-0.04176069865729415,,-0.022124213857411673,,-0.0359282205995172,,52.0,1,
2026-06-10,8476,台境*,綠能環保,綠能環保,twse,industry_relative,0.20569620253164556,,-0.04176069865729415,,-0.022124213857411673,,0.22782041638905723,,66.0,1,
2026-06-10,8478,東哥遊艇,運動休閒,運動休閒,twse,industry_relative,0.05063291139240511,,-0.04176069865729415,,0.029126014210262355,,0.021506897182142756,,66.0,1,
2026-06-10,8481,政伸,其他,其他,twse,industry_relative,-0.009696969696969648,,-0.04176069865729415,,0.005317573555849495,,-0.015014543252819142,,58.0,1,
2026-06-10,8482,商億-KY,居家生活,居家生活,twse,industry_relative,-0.04674796747967491,,-0.04176069865729415,,-0.010081860059021413,,-0.0366661074206535,,52.0,1,
2026-06-10,8487,愛爾達-創,數位雲端,數位雲端,twse,industry_relative,0.022959183673469274,,-0.04176069865729415,,0.03838849708895193,,-0.015429313415482655,,58.0,1,
2026-06-10,8488,吉源-KY,其他,其他,twse,industry_relative,-0.05294117647058816,,-0.04176069865729415,,0.005317573555849495,,-0.058258750026437656,,52.0,1,
2026-06-10,8499,鼎炫-KY,其他電子業,其他電子業,twse,industry_relative,-0.08937605396290049,,-0.04176069865729415,,-0.058708067843234346,,-0.030667986119666146,,52.0,1,
2026-06-10,8926,台汽電,油電燃氣業,油電燃氣業,manual,industry_relative,0.06534090909090895,,-0.04176069865729415,,-0.013893878800128878,,0.07923478789103783,,66.0,1,
2026-06-10,8940,新天地,觀光餐旅,觀光餐旅,twse,industry_relative,-0.01807228915662651,,-0.04176069865729415,,-0.008868031930672982,,-0.009204257225953527,,58.0,1,
2026-06-10,8996,高力,電機機械,電機機械,twse,industry_relative,0.11415525114155245,,-0.04176069865729415,,-0.06416030185742656,,0.178315552998979,,66.0,1,
2026-06-10,9103,美德醫療-DR,全市場,,,market_relative_fallback,0.0808823529411764,,-0.04176069865729415,,-0.04176069865729415,,0.12264305159847055,,66.0,1,缺少產業分類，使用全市場相對強弱
2026-06-10,910322,康師傅-DR,全市場,,,market_relative_fallback,-0.1272727272727272,,-0.04176069865729415,,-0.04176069865729415,,-0.08551202861543306,,52.0,1,缺少產業分類，使用全市場相對強弱
2026-06-10,9105,泰金寶-DR,台灣存託憑證,台灣存託憑證,twse_openapi_t187ap03_L,industry_relative,-0.20086580086580086,,-0.04176069865729415,,-0.20086580086580086,,0.0,,58.0,1,
2026-06-10,910861,神州-DR,全市場,,,market_relative_fallback,-0.04402515723270439,,-0.04176069865729415,,-0.04176069865729415,,-0.002264458575410244,,58.0,1,缺少產業分類，使用全市場相對強弱
2026-06-10,9110,越南控-DR,全市場,,,market_relative_fallback,-0.05555555555555558,,-0.04176069865729415,,-0.04176069865729415,,-0.013794856898261432,,58.0,1,缺少產業分類，使用全市場相對強弱
2026-06-10,911608,明輝-DR,全市場,,,market_relative_fallback,0.017064846416382284,,-0.04176069865729415,,-0.04176069865729415,,0.05882554507367643,,66.0,1,缺少產業分類，使用全市場相對強弱
2026-06-10,911622,泰聚亨-DR,全市場,,,market_relative_fallback,0.008042895442359255,,-0.04176069865729415,,-0.04176069865729415,,0.0498035940996534,,66.0,1,缺少產業分類，使用全市場相對強弱
2026-06-10,911868,同方友友-DR,全市場,,,market_relative_fallback,-0.023076923076923106,,-0.04176069865729415,,-0.04176069865729415,,0.018683775580371043,,62.0,1,缺少產業分類，使用全市場相對強弱
2026-06-10,912000,晨訊科-DR,全市場,,,market_relative_fallback,-0.02083333333333337,,-0.04176069865729415,,-0.04176069865729415,,0.020927365323960778,,66.0,1,缺少產業分類，使用全市場相對強弱
2026-06-10,9136,巨騰-DR,全市場,,,market_relative_fallback,0.017123287671232834,,-0.04176069865729415,,-0.04176069865729415,,0.05888398632852698,,66.0,1,缺少產業分類，使用全市場相對強弱
2026-06-10,9802,鈺齊-KY,運動休閒,運動休閒,twse,industry_relative,0.01505646173149322,,-0.04176069865729415,,0.029126014210262355,,-0.014069552478769135,,58.0,1,
2026-06-10,9902,台火,其他,其他,twse,industry_relative,-0.04861111111111116,,-0.04176069865729415,,0.005317573555849495,,-0.05392868466696066,,52.0,1,
2026-06-10,9904,寶成,運動休閒,運動休閒,twse,industry_relative,0.0,,-0.04176069865729415,,0.029126014210262355,,-0.029126014210262355,,52.0,1,
2026-06-10,9905,大華,其他,其他,twse,industry_relative,-0.01674641148325351,,-0.04176069865729415,,0.005317573555849495,,-0.022063985039103003,,52.0,1,
2026-06-10,9906,欣巴巴,建材營造,建材營造,twse,industry_relative,0.1768447837150129,,-0.04176069865729415,,0.04434282351920076,,0.13250196019581212,,66.0,1,
2026-06-10,9907,統一實,其他,其他,twse,industry_relative,-0.0029850746268657025,,-0.04176069865729415,,0.005317573555849495,,-0.008302648182715196,,58.0,1,
2026-06-10,9908,大台北,油電燃氣業,油電燃氣業,twse,industry_relative,0.0034129692832762792,,-0.04176069865729415,,-0.013893878800128878,,0.017306848083405157,,62.0,1,
2026-06-10,9910,豐泰,運動休閒,運動休閒,twse,industry_relative,0.1393939393939394,,-0.04176069865729415,,0.029126014210262355,,0.11026792518367705,,66.0,1,
2026-06-10,9911,櫻花,居家生活,居家生活,twse,industry_relative,0.021582733812949506,,-0.04176069865729415,,-0.010081860059021413,,0.03166459387197092,,66.0,1,
2026-06-10,9912,偉聯,電腦及週邊設備業,電腦及週邊設備業,twse,industry_relative,-0.003984063745020028,,-0.04176069865729415,,-0.08882128841622082,,0.08483722467120079,,66.0,1,
2026-06-10,9914,美利達,運動休閒,運動休閒,twse,industry_relative,-0.0043290043290042934,,-0.04176069865729415,,0.029126014210262355,,-0.03345501853926665,,52.0,1,
2026-06-10,9917,中保科,其他,其他,twse,industry_relative,0.0304347826086957,,-0.04176069865729415,,0.005317573555849495,,0.025117209052846205,,66.0,1,
2026-06-10,9918,欣天然,油電燃氣業,油電燃氣業,twse,industry_relative,-0.02497162315550494,,-0.04176069865729415,,-0.013893878800128878,,-0.011077744355376062,,58.0,1,
2026-06-10,9919,康那香,其他,其他,twse,industry_relative,-0.014035087719298178,,-0.04176069865729415,,0.005317573555849495,,-0.019352661275147672,,58.0,1,
2026-06-10,9921,巨大,運動休閒,運動休閒,twse,industry_relative,0.022727272727272707,,-0.04176069865729415,,0.029126014210262355,,-0.006398741482989648,,58.0,1,
2026-06-10,9924,福興,居家生活,居家生活,twse,industry_relative,-0.0524475524475525,,-0.04176069865729415,,-0.010081860059021413,,-0.04236569238853109,,52.0,1,
2026-06-10,9925,新保,其他,其他,twse,industry_relative,0.004950495049504955,,-0.04176069865729415,,0.005317573555849495,,-0.00036707850634453993,,58.0,1,
2026-06-10,9926,新海,油電燃氣業,油電燃氣業,twse,industry_relative,-0.010131712259371817,,-0.04176069865729415,,-0.013893878800128878,,0.0037621665407570615,,62.0,1,
2026-06-10,9927,泰銘,其他,其他,twse,industry_relative,-0.01571428571428568,,-0.04176069865729415,,0.005317573555849495,,-0.021031859270135175,,52.0,1,
2026-06-10,9928,中視,其他,其他,twse,industry_relative,-0.00835654596100266,,-0.04176069865729415,,0.005317573555849495,,-0.013674119516852153,,58.0,1,
2026-06-10,9929,秋雨,其他,其他,twse,industry_relative,0.1145374449339207,,-0.04176069865729415,,0.005317573555849495,,0.10921987137807121,,66.0,1,
2026-06-10,9930,中聯資源,綠能環保,綠能環保,twse,industry_relative,-0.0028776978417266452,,-0.04176069865729415,,-0.022124213857411673,,0.019246516015685028,,62.0,1,
2026-06-10,9931,欣高,油電燃氣業,油電燃氣業,twse,industry_relative,-0.021276595744680882,,-0.04176069865729415,,-0.013893878800128878,,-0.0073827169445520036,,58.0,1,
2026-06-10,9933,中鼎,其他,其他,twse,industry_relative,-0.051522248243559776,,-0.04176069865729415,,0.005317573555849495,,-0.056839821799409274,,52.0,1,
2026-06-10,9934,成霖,居家生活,居家生活,twse,industry_relative,0.014634146341463428,,-0.04176069865729415,,-0.010081860059021413,,0.02471600640048484,,66.0,1,
2026-06-10,9935,慶豐富,居家生活,居家生活,twse,industry_relative,-0.030769230769230882,,-0.04176069865729415,,-0.010081860059021413,,-0.02068737071020947,,52.0,1,
2026-06-10,9937,全國,油電燃氣業,油電燃氣業,twse,industry_relative,-0.014285714285714235,,-0.04176069865729415,,-0.013893878800128878,,-0.00039183548558535675,,58.0,1,
2026-06-10,9938,百和,其他,其他,twse,industry_relative,0.0,,-0.04176069865729415,,0.005317573555849495,,-0.005317573555849495,,58.0,1,
2026-06-10,9939,宏全,其他,其他,twse,industry_relative,0.031620553359683834,,-0.04176069865729415,,0.005317573555849495,,0.02630297980383434,,66.0,1,
2026-06-10,9940,信義,其他,其他,twse,industry_relative,0.0,,-0.04176069865729415,,0.005317573555849495,,-0.005317573555849495,,58.0,1,
2026-06-10,9941,裕融,其他,其他,twse,industry_relative,0.04474002418379697,,-0.04176069865729415,,0.005317573555849495,,0.03942245062794747,,66.0,1,
2026-06-10,9941A,裕融甲特,全市場,,,market_relative_fallback,0.001988071570576677,,-0.04176069865729415,,-0.04176069865729415,,0.043748770227870826,,66.0,1,缺少產業分類，使用全市場相對強弱
2026-06-10,9942,茂順,其他,其他,twse,industry_relative,0.0,,-0.04176069865729415,,0.005317573555849495,,-0.005317573555849495,,58.0,1,
2026-06-10,9943,好樂迪,觀光餐旅,觀光餐旅,twse,industry_relative,0.0017636684303350414,,-0.04176069865729415,,-0.008868031930672982,,0.010631700361008023,,62.0,1,
2026-06-10,9944,新麗,其他,其他,twse,industry_relative,0.01775147928994092,,-0.04176069865729415,,0.005317573555849495,,0.012433905734091425,,62.0,1,
2026-06-10,9945,潤泰新,其他,其他,twse,industry_relative,0.06517311608961296,,-0.04176069865729415,,0.005317573555849495,,0.05985554253376346,,66.0,1,
2026-06-10,9946,三發地產,建材營造,建材營造,twse,industry_relative,0.053254437869822535,,-0.04176069865729415,,0.04434282351920076,,0.008911614350621773,,62.0,1,
2026-06-10,9955,佳龍,綠能環保,綠能環保,twse,industry_relative,-0.0791738382099828,,-0.04176069865729415,,-0.022124213857411673,,-0.05704962435257113,,52.0,1,
2026-06-10,9958,世紀鋼,鋼鐵工業,鋼鐵工業,twse,industry_relative,0.03738317757009346,,-0.04176069865729415,,-0.026114243621432463,,0.06349742119152593,,66.0,1,
